cohort_rank,station,slug,action,proposed_summary,editorial_interest,evidence_quality,flag,reason,source_urls
1,KALX 90.7 FM,kalx,keep_reviewed,"UC Berkeley’s volunteer station presents student and community-made radio at 90.7 FM, with an eclectic schedule and a history reaching back to the station’s early campus broadcasts.",high,high,,Existing reviewed profile or strong curated summary; preserve verbatim.,https://kalx.berkeley.edu/about/philosophy/; https://kalx.berkeley.edu/on-the-air/schedule/
2,KEXP 90.3 FM,kexp,keep_reviewed,"Seattle's nonprofit music service, founded at the University of Washington in 1972, pairs broad, human-curated programming with live sessions and community events.",high,high,,Existing reviewed profile or strong curated summary; preserve verbatim.,https://kexp.org/about/; https://kexp.org/about/history/
3,NEU RADIO,neu-radio,improve,"Bologna’s independent online collective blends music broadcasting with cultural aggregation, sending a 24/7 stream from Italy to listeners worldwide. The available public material provides only a limited view of its current programming and editorial identity.",high,medium,,"Current copy is a slogan, scrape fragment, or insufficiently specific description.",https://www.neuradio.it/
4,Yammat FM,yammat-fm,improve,"Zagreb-based Yammat FM presents live and thematic streams that move through pop, new wave, hip-hop, and other contemporary music selections. The available public material provides only a limited view of its current programming and editorial identity.",medium,medium,,"Current copy is a slogan, scrape fragment, or insufficiently specific description.",https://www.yammat.fm/
5,HEADY,heady,improve,"HEADY.FM is an online, commercial-free music stream focused on underground discoveries, emerging artists, and deep cuts rather than presenter-led local radio. The available public material provides only a limited view of its current programming and editorial identity.",medium,medium,,"Current copy is a slogan, scrape fragment, or insufficiently specific description.",https://www.heady.fm/
6,FIP Rock,fip-rock,keep_reviewed,"FIP Rock is Radio France's focused rock stream, combining new releases with established records and a channel identity that runs from classic to contemporary.",high,high,,Existing reviewed profile or strong curated summary; preserve verbatim.,https://www.radiofrance.fr/fip/radio-rock
7,Super45.fm,super45-fm,improve,Santiago’s Super45.fm is an independent online music outlet built around contemporary discovery and a wide-ranging stream from Chile to the world. The available public material provides only a limited view of its current programming and editorial identity.,medium,low,,Available evidence is too sparse to judge the station’s editorial identity confidently.,https://super45.fm/
8,FIP,fip-main,keep_reviewed,"Radio France's FIP is a national music service built around an eclectic, presenter-led flow spanning jazz, rock, pop, groove, world music, reggae and more.",high,high,,Existing reviewed profile or strong curated summary; preserve verbatim.,https://www.radiofrance.fr/fip
9,KVSC 88.1 FM,kvsc,improve,St. Cloud State University’s KVSC is a student and community station whose alternative-music identity is carried through a local FM service and online stream. The available public material provides only a limited view of its current programming and editorial identity.,medium,medium,,"Current copy is a slogan, scrape fragment, or insufficiently specific description.",https://www.kvsc.org
10,WXYC 89.3 FM,wxyc,keep_reviewed,"UNC-Chapel Hill’s WXYC 89.3 FM is a 24-hour student-run freeform station with a broad local signal, online archive, and strong support for independent music.",high,high,,Existing reviewed profile or strong curated summary; preserve verbatim.,https://wxyc.org/about; https://wxyc.org/archive
11,Radyo A (Radyo Anadolu Üniversitesi),radyo-a-radyo-anadolu-niversitesi,improve,"Anadolu University’s Radyo A is a campus radio service from Türkiye, with available listings pointing to blues, folk, and pop-rock programming. The available public material provides only a limited view of its current programming and editorial identity.",medium,low,,Available evidence is too sparse to judge the station’s editorial identity confidently.,http://www.radyoa.anadolu.edu.tr/
12,WPKN 89.5 FM,wpkn,keep_reviewed,"WPKN is a listener-supported Bridgeport community station with a volunteer-led schedule spanning music, news, public affairs, and local conversation.",high,medium,,Existing reviewed profile or strong curated summary; preserve verbatim.,https://wpkn.org
13,KXLU 88.9 FM,kxlu,keep_reviewed,"KXLU 88.9 FM is Los Angeles’s Loyola Marymount University radio station, with a volunteer and student-facing schedule that ranges across specialty music programs.",high,high,,Existing reviewed profile or strong curated summary; preserve verbatim.,https://kxlu.com/about/; https://kxlu.com/schedule/
14,Candelight,candelight,improve,"Candlelight is a Dutch online station centered on love songs and pop classics, offering a narrowly themed listening stream rather than a documented local radio service.",low,low,,The available service appears generic or redundant and lacks enough reliable detail for stronger evaluation.,http://www.candlelight.nl/
15,Le Bon Mix Radio 97.9,le-bon-mix-radio-97-9,improve,"France’s Le Bon Mix operates several ad-free online channels, combining funk, jazz, disco, electro, pop, soul, world, reggae, and rock in curated genre blends. The available public material provides only a limited view of its current programming and editorial identity.",medium,medium,,"Current copy is a slogan, scrape fragment, or insufficiently specific description.",https://www.lebonmix.radio/
16,WMFO 91.5 FM,wmfo,improve,"Tufts Freeform Radio is a university-connected station from Medford, Massachusetts, giving student programmers a platform for eclectic music and independently shaped shows. The available public material provides only a limited view of its current programming and editorial identity.",medium,medium,,"Current copy is a slogan, scrape fragment, or insufficiently specific description.",https://wmfo.org
17,RadioActive,radioactive,improve,"RadioActive is a small Greek station presenting a community-scale broadcast service, but its public materials provide limited detail about ownership, schedule, or musical policy. The available public material provides only a limited view of its current programming and editorial identity.",low,low,,Available evidence is too sparse to judge the station’s editorial identity confidently.,https://radioactivefm.gr/
18,KCRW — Eclectic 24,kcrw-eclectic24,keep_reviewed,"Eclectic24 is KCRW’s online music channel, linking the Santa Monica public-radio station’s discovery-focused music output to a continuous web stream.",high,high,,Existing reviewed profile or strong curated summary; preserve verbatim.,https://www.kcrw.com/music/shows/eclectic24; https://www.kcrw.com/about
19,BBC 6 Music,bbc-6music,keep_reviewed,"BBC 6 Music is a UK-wide BBC music network with a presenter-led mix of new releases, overlooked catalogue tracks, sessions, and specialist programmes available through BBC Sounds.",high,high,,Existing reviewed profile or strong curated summary; preserve verbatim.,https://www.bbc.co.uk/6music; https://www.bbc.co.uk/sounds/schedules/bbc_6music
20,Radio SAR - Studencka Agencja Radiowa,radio-sar-studencka-agencja-radiowa,improve,"Poland’s Radio SAR is the student station of the Silesian University of Technology, pairing a long-running campus identity with online music broadcasting. The available public material provides only a limited view of its current programming and editorial identity.",medium,medium,,"Current copy is a slogan, scrape fragment, or insufficiently specific description.",https://radiosar.pl/
21,Nostalgie New York,nostalgie-new-york,improve,"Nostalgie New York is listed as a New York-facing online stream, but the supplied site currently exposes unrelated promotional material rather than verifiable station ownership or programming.",low,low,,The available service appears generic or redundant and lacks enough reliable detail for stronger evaluation.,https://nstlgy.com/
22,FIP Groove,fip-groove,keep_reviewed,"FIP Groove is Radio France's stream for soul, funk, R&B and trip-hop, using a rhythm-centered selection that connects classic voices with later recordings.",high,high,,Existing reviewed profile or strong curated summary; preserve verbatim.,https://www.radiofrance.fr/fip/radio-groove
23,WTBU 89.3 FM,wtbu,improve,"Boston University’s WTBU is a student-run radio service whose current public listing confirms the campus connection, while detailed musical scope is not readily documented in the supplied source.",medium,low,,Available evidence is too sparse to judge the station’s editorial identity confidently.,https://spinitron.com/WTBU/
24,WPRB 103.3 FM,wprb,keep_reviewed,"WPRB is Princeton's community-supported, nonprofit freeform station, pairing student and community DJs with human-curated broadcasts and a global webstream.",high,high,,Existing reviewed profile or strong curated summary; preserve verbatim.,https://wprb.com/about/; https://www.wprbhistory.org/
25,WLUW 88.7 FM,wluw,improve,"Loyola University Chicago’s WLUW is a non-commercial campus station with a published playlist service, but the supplied source offers too little station-level context to characterize its editorial focus confidently.",medium,low,,Available evidence is too sparse to judge the station’s editorial identity confidently.,https://spinitron.com/WLUW/
26,WHRB 95.3 FM,whrb,keep_reviewed,"Harvard’s volunteer undergraduate radio corporation has served Boston for more than eight decades with classical, jazz, underground rock, news, sports, and weekend specialty programs.",high,high,,Existing reviewed profile or strong curated summary; preserve verbatim.,https://www.whrb.org/about/; https://www.whrb.org/programming/program-schedule/
27,CJSR 88.5 FM,cjsr,improve,"Edmonton’s listener-supported, volunteer-powered CJSR is a community station associated with the University of Alberta, offering a locally rooted alternative to commercial radio. The available public material provides only a limited view of its current programming and editorial identity.",high,medium,,"Current copy is a slogan, scrape fragment, or insufficiently specific description.",https://www.cjsr.com/
28,Traxx FM - Cool Jam,traxx-fm-cool-jam,improve,"Traxx FM Cool Jam is a commercial-free online channel built around smooth jazz, nu-jazz, lounge, and relaxed listening, with little evidence of a distinct presenter-led identity.",low,medium,,Generic or narrowly automated stream with limited editorial distinctiveness.,http://www.traxx.fm/
29,Radio Paradise World/ETC Mix 192k MP3,radio-paradise-world-etc-mix-192k-mp3,improve,"Radio Paradise’s World/ETC stream is part of a listener-supported internet service known for human-curated eclectic mixes, here focused on global and exploratory selections. The available public material provides only a limited view of its current programming and editorial identity.",high,high,,"Current copy is a slogan, scrape fragment, or insufficiently specific description.",https://radioparadise.com/
30,KUTX 98.9 FM,kutx,improve,"KUTX is a full-time non-commercial music station broadcasting on 98.9 FM in Austin, Texas, and streamed worldwide at kutx.org. The available public material provides only a limited view of its current programming and editorial identity.",low,low,,Available evidence is too sparse to judge the station’s editorial identity confidently.,https://kutx.org/
31,dinamo.fm sleep,dinamo-fm-sleep,improve,"Dinamo FM Sleep is a Turkish online sleep stream associated with Dinamo’s electronic and indie radio project, but public information is too sparse to establish its programming model.",low,low,,The available service appears generic or redundant and lacks enough reliable detail for stronger evaluation.,http://www.dinamo.fm/
32,SomaFM Black Rock FM (128k AAC Non-SSL),somafm-black-rock-fm-128k-aac-non-ssl,improve,"SomaFM’s Black Rock FM is an internet channel inspired by Nevada’s Black Rock Desert, translating that event and community association into a continuous electronic music stream.",medium,medium,,"Current copy is a slogan, scrape fragment, or insufficiently specific description.",http://somafm.com/brfm/
33,DKFM Classic,dkfm-classic,improve,"DKFM Classic is a Decay FM stream dedicated to shoegaze, offering a focused archive-oriented genre channel rather than a broad presenter-led station. The available public material provides only a limited view of its current programming and editorial identity.",medium,medium,,"Current copy is a slogan, scrape fragment, or insufficiently specific description.",https://decayfm.com/dkfm-classic-2/
34,Synthradio,synthradio,improve,"Synthradio is a Russian-language online stream centered on synthpop, alternative, EBM, and futurepop, with continuous electronic programming and limited public information about its editorial operation.",medium,medium,,"Current copy is a slogan, scrape fragment, or insufficiently specific description.",http://synth-radio.ru/
35,Radio Caprice - Post-rock,radio-caprice-post-rock,improve,"Radio Caprice’s Post-rock channel is a Russian automated genre stream devoted to post-rock, with public materials offering little evidence of hosts, community, or broader editorial programming.",low,low,,Generic or narrowly automated stream with limited editorial distinctiveness.,http://radcap.ru/postrock.html
36,ISEKOI Radio | Non-Stop Ambient,isekoi-radio-non-stop-ambient,improve,"ISEKOI Radio is a French online ambient stream built around continuous atmospheric listening and a cosmic-space presentation, with limited evidence of human programming beyond the channel concept.",medium,medium,,"Current copy is a slogan, scrape fragment, or insufficiently specific description.",https://isekoi-radio.com/
37,Systrum Sistum - SSR1,systrum-sistum-ssr1,improve,"Systrum Sistum SSR1 is an Australian online ambient and electronic stream offering continuous atmospheric programming, though its public source gives little detail about presenters or community.",medium,low,,Available evidence is too sparse to judge the station’s editorial identity confidently.,https://www.systrum.net/
38,SomaFM — Lush,somafm-lush,improve,"SomaFM’s Lush is a listener-supported internet channel focused on sensuous, mellow female vocals with electronic influence, a tightly defined mood stream within the SomaFM network.",medium,high,,"Current copy is a slogan, scrape fragment, or insufficiently specific description.",https://somafm.com/lush/
39,FIP World,fip-world,keep_reviewed,"FIP Monde is Radio France's world-music stream, bringing together an eclectic selection that travels across languages, regions and traditions.",high,high,,Existing reviewed profile or strong curated summary; preserve verbatim.,https://www.radiofrance.fr/fip/radio-monde
40,KPISS,rb-56241b49-2f23-4266-bdad-f4ad9a41ee24,improve,No scraped station description is currently available. The available public material provides only a limited view of its current programming and editorial identity.,low,low,,Available evidence is too sparse to judge the station’s editorial identity confidently.,
41,PANORAMA80,panorama80,improve,"Panorama80 is a German online stream tagged across 1980s synthpop, new wave, EBM, electro, and related styles, but the supplied source offers no clear evidence of human editorial programming.",low,low,,The available service appears generic or redundant and lacks enough reliable detail for stronger evaluation.,http://www.facebook.com/panorama80
42,Ambiento,ambiento,improve,"Ambiento is a Romanian online stream centered on ambient, lounge, and chillout music. Its available description identifies a narrow mood-based format, but provides little evidence of presenters, commissioning, community role, or a distinctive editorial program.",low,low,low_interest_and_insufficient_info,The station appears to be a generic mood stream and the linked site offers too little verifiable organizational context to assess a stronger editorial identity.,https://ambientoradio.com/
43,Polushon,polushon,improve,"Polushon is a Swedish online radio project whose available station identity is limited to its name and stream homepage. Without a clear schedule, about page, or stated music policy, its ownership, geography, and programming model remain difficult to describe responsibly.",low,low,low_interest_and_insufficient_info,The source is accessible as a homepage but supplies insufficient editorial or institutional information.,http://polushon.com/
44,Radio FM,radio-fm,improve,"Radio FM is a Slovak public-media FM service associated with Slovenská televízia a rozhlas. The available record establishes its broadcaster and national context, but the linked page does not provide enough English-accessible detail here to characterize its music schedule or editorial distinction.",medium,medium,insufficient_info,"Public broadcaster affiliation is clear, while the supplied station page gives limited evidence about this specific service’s programming.",https://fm.rtvs.sk/
45,"WBEZ-HD2 ""Vocalo Stream"" Chicago, IL",wbez-hd2-vocalo-stream-chicago-il,improve,"Vocalo is WBEZ’s Chicago service for urban-alternative music and NPR Music, connecting a public-radio organization to local culture and a younger, genre-fluid audience through FM and online listening.",high,high,,"The station description and Vocalo homepage clearly establish its public-radio ownership, Chicago geography, and distinctive urban-alternative/music model.",http://vocalo.org/
46,181.FM - Chilled Out (USA) 128k mp3,181-fm-chilled-out-usa-128k-mp3,improve,"181.FM Chilled Out is an online channel from the 181.FM network built around uninterrupted chillout listening. It offers a recognizable mood and format, but the available player page provides little evidence of presenters, local community, or human-led programming.",low,medium,low_interest,"A clearly identified network stream, but commercially undifferentiated and apparently automated.",http://player.181fm.com/?station=181-chilled
47,Laut.FM Synthesizer Greatest,laut-fm-synthesizer-greatest,improve,"Synthesizer Greatest is a laut.fm user-created stream focused on ambient and electronic synthesizer music. The available record identifies its genre lane, but not a host, community, schedule, or curatorial rationale that would distinguish it beyond the category.",low,medium,low_interest,A narrow single-genre stream with limited evidence of editorial authorship.,https://www.laut.fm/synthesizergreatest
48,FIP Jazz,fip-jazz,keep_reviewed,"FIP Jazz is Radio France's jazz stream, presenting the style in many forms through a mix of newer recordings and established artists, with blues in the channel's brief.",high,high,,Existing reviewed profile sourced to Radio France's FIP Jazz and overview pages.,https://www.radiofrance.fr/fip/radio-jazz;https://www.radiofrance.fr/fip
49,SomaFM — CliqHop IDM,somafm-cliqhop,improve,"SomaFM CliqHop is a listener-supported internet channel devoted to glitchy, beat-driven IDM and experimental electronic music. Its focused brief gives the stream a recognizable niche, although it remains a continuous channel rather than a locally rooted presenter-led station.",medium,high,,SomaFM publishes a distinct channel identity and nonprofit/listener-supported operating context.,https://somafm.com/cliqhop/
50,Culture Failure,culture-failure,improve,"Culture Failure is an independent online project associated with ambient, electronic, minimal, and noise music. The available homepage and tags suggest an exploratory electronic focus, but offer little reliable information about presenters, ownership, geography, or a recurring editorial program.",low,low,low_interest_and_insufficient_info,"Interesting genre signals are present, but the project is not sufficiently documented to evaluate as a station.",https://culturefailure.com/
51,Path through the Forest,path-through-the-forest,improve,"Path through the Forest is a laut.fm stream spanning alternative, avant-garde, experimental, indie, industrial, noise, psychedelic, punk, rock, and stoner music. Its breadth suggests personal curation, but the available page does not identify a host, schedule, or community context.",low,medium,low_interest,The genre range is distinctive but the service appears to be a user-created automated stream with little documented editorial infrastructure.,http://laut.fm/path_through_the_forest
52,Heavy Music Atmospheric Radio,heavy-music-atmospheric-radio,improve,"Heavy Music Atmospheric Radio is an online Russian project focused on atmospheric progressive and post-rock. Its stated aim is a concentrated listening environment for expansive heavy music, but the available material provides little evidence of presenters, ownership, or a wider editorial program.",medium,medium,insufficient_info,"The musical niche is clear, while institutional and programming evidence is sparse.",https://www.heavy-music.net/
53,Lolli Radio Happy Station,lolli-radio-happy-station,improve,"Lolli Radio Happy is one channel in an Italian digital-radio network that also offers pop, dance, hits, oldies, soft, and classic services. The network context is clear, but this channel’s specific editorial voice appears limited beyond its mood-and-format positioning.",low,medium,low_interest,A commercial multi-channel service with little evidence of host-led curation on this stream.,http://www.lolliradio.net/
54,Championshipvinyl,championshipvinyl,improve,"Championshipvinyl is a laut.fm stream oriented toward acoustic, folk, and indie-folk recordings. Its genre focus gives it a modest discovery angle, but the available page does not document presenters, geography, ownership, or a broader editorial purpose.",low,medium,low_interest,A narrow user-created genre stream without visible editorial infrastructure.,https://laut.fm/championshipvinyl
55,Radio Mela,radio-mela,improve,"Radio Mela is an Italian online stream built around 1980s and 1990s music. Its retro focus gives listeners a simple period-based entry point, while the available homepage offers little evidence of presenters, local community work, or a distinctive selection policy.",low,medium,low_interest,A generic nostalgia format with limited signs of human editorial differentiation.,http://www.radiomela.it/
56,FIP Electro,fip-electro,keep_reviewed,"FIP Electro is Radio France's electronic-music stream, balancing newer and unreleased selections with familiar catalog landmarks from the wider electronic field.",high,high,,Existing reviewed profile sourced to Radio France's FIP Electro and overview pages.,https://www.radiofrance.fr/fip/radio-electro;https://www.radiofrance.fr/fip
57,6forty Radio,6forty-radio,improve,"6forty Radio is an online music project tagged for deep indie, modern classical, post-metal, post-rock, and shoegaze. Those intersections suggest a potentially strong taste profile, but the available homepage does not establish who programs it or how the stream is curated.",medium,low,insufficient_info,"The musical combination is editorially promising, but evidence about the station and its programming is too sparse.",http://www.6fortyradio.com/
58,aNONradio,anonradio,improve,"aNONradio is an independent online radio project presenting live programs and community broadcasts, including the listed News to Me show. Its homepage indicates human-made programming, but provides limited stable information about ownership, geography, schedule breadth, or music focus.",medium,medium,insufficient_info,"There is evidence of live programming, but not enough accessible context to characterize the service fully.",http://anonradio.net/
59,Art Of Music,art-of-music,improve,"Art Of Music is an Italian online station built around soulful house, disco, soul, rare groove, funk, and nu-jazz, with DJs and music designers presented as part of the service. Its genre brief is clear, though its community and institutional role are not.",medium,medium,,"The homepage gives a defined stylistic focus and DJ-led model, but limited ownership or geographic detail.",https://artofmusic.fm/
60,ByteFM,bytefm-192k,improve,"Hamburg-based ByteFM is a moderated online radio station pairing music programming with interviews and background reporting. Its Grimme Online Award-winning profile and presenter-led model make it more editorially substantial than an automated stream, even where the individual channel is only a bitrate variant.",high,high,,"Official station copy identifies location, moderation, interviews, background information, and institutional recognition.",https://www.byte.fm/
61,CKUA Radio,ckua,improve,"CKUA is an Alberta listener-supported public-radio network whose music service connects regional Canadian broadcasting with eclectic, host-led programming. The supplied homepage clearly establishes its donation-supported model, though this record needs a fuller schedule-based description of its genres and communities.",high,medium,insufficient_info,"The organization and public-service model are clear, but the supplied copy is fundraising language rather than a programming description.",https://ckua.com
62,dinamo.fm smog,dinamo-fm-smog,improve,"Dinamo.fm Smog is a Turkish online stream associated with deep, dub, electronica, and IDM. The genre combination suggests a club-oriented electronic lane, but the available station record does not document presenters, ownership, geography, or a human programming schedule.",medium,low,insufficient_info,"A potentially distinctive niche is visible, but the evidence is limited to tags and the network homepage.",http://www.dinamo.fm/
63,East Tennessee's Own WDVX 89.9 FM,east-tennessee-s-own-wdvx-89-9-fm,improve,"WDVX is a listener-supported community station serving East Tennessee from Knoxville, with a music-led schedule rooted in local artists, Americana, roots, and live performance. Its regional identity makes it substantially more distinctive than a generic internet stream.",high,high,,"The official station homepage establishes community ownership, East Tennessee geography, and a music-centered local-service identity.",https://wdvx.com/
64,Experimental/Avant-garde music - Radio Caprice,experimental-avant-garde-music-radio-caprice,improve,"Radio Caprice’s experimental and avant-garde channel is a Russian internet stream organized around a narrow specialist category. It may suit listeners seeking unconventional music, but the available page offers little evidence of hosts, community, or editorial selection beyond the genre label.",medium,medium,low_interest,"A specialist stream with some discovery value, but no visible human or institutional editorial identity.",http://radcap.ru/playback-history/4/experimental-ph.php
65,FIP Reggae,fip-reggae,keep_reviewed,"FIP Reggae is Radio France's dedicated reggae stream, moving through roots, ska, dub and kumina while making room for both canonical and current artists.",high,high,,Existing reviewed profile sourced to Radio France's FIP Reggae and overview pages.,https://www.radiofrance.fr/fip/radio-reggae;https://www.radiofrance.fr/fip
66,Fluid Radio,fluid-radio,improve,"Fluid Radio is an online project presenting experimental frequencies and ambient-oriented music. Its name and homepage indicate a specialist listening space, but the available material does not sufficiently document ownership, presenters, geography, schedule, or the boundaries of its musical program.",medium,low,insufficient_info,"Potentially interesting specialist identity, but insufficient accessible evidence to evaluate it.",http://www.fluid-radio.co.uk/
67,JAMM FM,jamm-fm,improve,"JammFM is a Dutch local station serving Ouder-Amstel with a smooth-and-funky music brief. Its community geography and named locality give it more identity than a generic stream, although the available record does not provide enough detail about presenters, ownership, or schedule structure.",medium,medium,insufficient_info,"Local-service context is visible, but programming evidence is incomplete.",http://www.jammfm.nl/
68,Jazzloft,jazzloft,improve,"Jazzloft is a laut.fm stream combining jazz, lounge, smooth, soul, and world music. The broad easy-listening brief is clear, but the available page does not identify presenters, a locality, ownership, or a curatorial rationale beyond its genre tags.",low,medium,low_interest,A generic multi-genre stream with little evidence of an editorial institution or host community.,http://stream.laut.fm/jazzloft
69,KAOS 89.3 FM,kaos,improve,"KAOS is Evergreen State College’s Olympia radio service, connecting student and community broadcasting with an eclectic schedule of music and public-affairs programming. Its campus setting and noncommercial identity provide a stronger editorial frame than a directory-only stream.",high,high,,The station and college affiliation are official; the supplied schedule page establishes an active broadcast context.,https://spinitron.com/KAOS/
70,KCSM 91.1 FM,kcsm,improve,"KCSM Jazz 91.1 is College of San Mateo’s educational and public-radio station in the San Francisco Bay Area, centered on jazz programming and online listening. Its educational ownership and focused music remit give the service a clear institutional identity.",high,high,,"Official station description establishes college ownership, geography, public-radio status, and jazz focus.",https://kcsm.org
71,KDUR 91.9 FM,kdur,improve,"KDUR is Fort Lewis College’s noncommercial campus station in Durango, Colorado. The supplied record confirms the university connection and a published program listing, but the linked page is a schedule platform rather than enough evidence to characterize its music, community, or editorial range.",medium,medium,insufficient_info,"Institutional context is clear, but the available source is largely infrastructure documentation.",https://spinitron.com/KDUR/
72,KDVS 90.3 FM,kdvs,keep_reviewed,"UC Davis’s noncommercial, student-run station grew from a 1964 dormitory broadcast into a 24/7 FM service known for diverse, challenging, freeform programming.",high,high,,Existing reviewed profile in station-profiles/batch-5.ts; preserve verbatim.,https://kdvs.org/about;https://studentlife.ucdavis.edu/student-media
73,KFAI 90.3 FM,kfai,improve,"KFAI is a Minneapolis–Saint Paul volunteer community station serving audiences across diverse racial, social, and economic communities. Its public mission supports a broad mix of arts, information, and entertainment programming, though the supplied schedule source does not expose its music identity in detail.",high,high,,"Official station description clearly establishes volunteer governance, Twin Cities geography, and community-service mission.",https://spinitron.com/KFAI/
74,KSJS 90.5 FM,ksjs,improve,"KSJS is San José State University’s student-run 90.5 FM station, broadcasting new and independent music alongside campus radio programming. Its long-running university setting and student operation provide a clear community identity, though the supplied page gives limited genre detail.",high,medium,insufficient_info,"Ownership, location, and student model are clear; the available source needs a fuller current schedule for music characterization.",https://spinitron.com/KSJS/
75,KTUH 90.3 FM,ktuh,improve,"KTUH is the University of Hawaiʻi at Mānoa’s noncommercial, student-run and listener-supported station in Honolulu, founded in 1969 as Hawaiʻi’s first noncommercial FM service. Its campus origin and island setting are central to its identity, though the supplied source gives limited music detail.",high,high,,"Official station description establishes ownership, Honolulu geography, history, and operating model.",https://spinitron.com/KTUH/
76,KUCR 88.3 FM,kucr,keep_reviewed,"KUCR is the University of California, Riverside’s campus radio service, connecting student-media broadcasting with the Inland Empire community and an online audience.",medium,high,,Existing reviewed profile sourced to UC Riverside and KUCR pages; preserve verbatim.,https://ucr.edu/about-ucr;https://kucr.org/
77,KZSC 88.1 FM,kzsc,improve,"KZSC is UC Santa Cruz’s student and community station, broadcasting from the redwood-covered campus toward the wider Monterey Bay region. Its campus-community model and freeform college-radio setting are clear, while the supplied page offers little detail about current music specialties.",high,medium,insufficient_info,"The station identity and geography are established, but the schedule source is insufficient for a more specific programming description.",https://spinitron.com/KZSC/
78,SomaFM CliqHop IDM (256k MP3),somafm-cliqhop-idm-256k-mp3,improve,"SomaFM CliqHop is a listener-supported internet channel devoted to glitchy, beat-driven IDM and experimental electronic music. This 256k stream is a technical variant of the same focused service, not a separate editorial station.",medium,high,,The official SomaFM channel page documents the distinctive format and network context; the slug is a bitrate duplicate.,https://somafm.com/cliqhop/
79,SomaFM DEF CON Radio (128k AAC),somafm-def-con-radio-128k-aac,improve,"SomaFM DEF CON Radio is a listener-supported internet channel pairing electronic music with a year-round hacking and computer-security culture brief. Its subject-specific concept is distinctive, although this AAC stream is a technical variant rather than a separate station.",high,high,,"Official channel page establishes the DEF CON theme, music service, and SomaFM network model.",https://somafm.com/defcon/
80,SomaFM SF 10-33 (128k MP3),somafm-sf-10-33-128k-mp3,improve,"SomaFM SF 10-33 is a listener-supported San Francisco channel that mixes ambient music with public-safety radio traffic. The unusual sound-design concept gives it a distinctive place in the network, while this MP3 entry is a technical stream variant.",high,high,,Official channel page explicitly describes the ambient and San Francisco public-safety audio concept.,https://somafm.com/sf1033/
81,SomaFM — Sonic Universe,somafm-sonicuniverse,improve,"SomaFM Sonic Universe is a listener-supported internet channel for eclectic, avant-garde approaches to jazz. Its specialist remit gives the stream a clear discovery identity, though it remains a continuous online channel rather than a geographically rooted presenter-led station.",medium,high,,Official channel page provides a distinctive jazz brief and SomaFM context.,https://somafm.com/sonicuniverse/
82,Systrum Sistum - SSR2,systrum-sistum-ssr2,improve,"Systrum Sistum SSR2 is an Australian online channel presenting ambient and electronic music. The service offers a focused atmospheric listening proposition, but the available homepage does not provide enough information about presenters, ownership, geography, schedule, or a broader editorial mission.",medium,medium,insufficient_info,"The genre identity is clear, while evidence of human programming and institutional context is sparse.",https://www.systrum.net/
83,WKNC 88.1 FM,wknc,keep_reviewed,NC State student radio WKNC 88.1 FM combines student-led alternative programming with separate HD-1 and HD-2 schedules for indie and electronic music.,high,high,,Existing reviewed profile; preserve verbatim,https://wknc.org/about/;https://wknc.org/schedule/hd-1/
84,100% ACID JAZZ,100-acid-jazz,improve,"A TorontoCast Radio Suite Network stream devoted to acid jazz, with the available station page identifying a narrow genre channel but providing little evidence of presenters, ownership, or local community.",low,low,low_interest_and_insufficient_info,The page identifies only a genre stream and network host; no distinctive editorial structure is evident.,https://radiosuitenetwork.torontocast.stream/100-acid-jazz/
85,12XU,12xu,improve,"12XU is a German online station whose public identity points toward punk and underground music, but its available page offers too little verified information about operators, schedule, or community to characterize the service confidently.",medium,low,insufficient_info,The official-looking homepage is sparse and the supplied copy is a slogan rather than an accountable station description.,http://onetwoxu.de/
86,1LIVE Fiehe,1live-fiehe,improve,"A WDR 1LIVE specialist programme hosted by Klaus Fiehe, known for selecting adventurous electronic, beat-driven, and left-field music within a public-broadcast schedule rather than running as a standalone station.",high,high,,Distinctive presenter-led programme with a clear public-broadcast home and documented musical remit.,https://www1.wdr.de/radio/1live/on-air/sendungen/1live-fiehe/index.html
87,24-7 Psychedelic Rock,24-7-psychedelic-rock,improve,"A 24-7 Niche Radio stream focused on psychedelic rock, offering a tightly defined genre listen but no clear evidence on the public page of presenters, local community, or a broader editorial programme.",low,medium,low_interest,The service appears to be an automated single-genre stream with little visible human curation.,https://24-7nicheradio.com/audiogallery/24-7-psychedelic/
88,8Ball Radio,8ball-radio,improve,"8-Ball Radio is a New York community-based online station associated with the 8-Ball community, giving local and independent music a platform through a human-facing radio project rather than a generic genre stream.",high,medium,,Community identity is clear; the available station page documents less programming detail than the strongest reviewed profiles.,https://8ballradio.nyc/
89,Amazing Radio,amazing-radio,keep_reviewed,"Amazing Radio is an online station built around discovering new music, pairing a live stream with hosted programmes and an artist-focused listening experience.",high,high,,Existing reviewed profile; preserve verbatim,https://amazingradio.com/about;https://amazingradio.com/schedule;https://amazingradio.com/
90,Ambient Modern,ambient-modern,improve,"Ambient Modern is an internet station centered on contemporary ambient music, offering a focused listening stream whose public description establishes the genre but not a presenter roster, ownership model, or community role.",low,medium,low_interest,"A single-genre service is identifiable, but no stronger editorial distinction is documented.",https://ambientmodern.com/
91,ambient.fm,ambient-fm,improve,"ambient.fm presents ambient music from Nevada through an online stream, with a useful geographic label but limited public evidence about programming, hosts, ownership, or how human selection shapes the channel.",low,low,low_interest_and_insufficient_info,The homepage establishes location and genre only; the service is difficult to evaluate editorially.,https://ambient.fm/
92,AmbientRadio (MRG.fm),ambientradio-mrg-fm,improve,"AmbientRadio is one of MRG.fm’s genre-oriented online channels, built for continuous ambient listening; the public network page provides little information about presenters, programming decisions, or a distinct community beyond the format label.",low,low,low_interest_and_insufficient_info,Network directory evidence is too thin to distinguish this channel from an automated genre feed.,https://www.mrg.fm/
93,Anon.FM,anon-fm,improve,"Anon.FM is a Russian noncommercial online project launched in 2009 that invites people to present music, voices, and talents, giving the station a participatory premise beyond its broad and changing programme.",medium,medium,,The supplied station account supports a community model; current schedule and operational details are limited.,https://anon.radio.fm/
94,Avant-Prog/Rock in Opposition/Canterbury Scene/Zeuhl - Radio Caprice,avant-prog-rock-in-opposition-canterbury-scene-zeuhl-radio-caprice,improve,"Radio Caprice’s specialist channel isolates avant-prog, Rock in Opposition, Canterbury, and zeuhl for listeners seeking a narrow art-rock catalogue, but the public page gives little evidence of presenters or a broader editorial institution.",medium,low,low_interest_and_insufficient_info,"Distinctive niche, but the available evidence describes tags and format rather than human programming.",http://radcap.ru/avantprog.html
95,Basspistol Radio,basspistol-radio,improve,"Basspistol Radio is a Swiss online project framed around underground and outernational music, with a deliberately cross-border outlook; its public page supports the concept but gives limited detail on schedule, hosts, and governance.",medium,medium,insufficient_info,"The station has a potentially distinctive remit, yet the accessible evidence is mostly positioning language.",https://basspistol.com/radio
96,bauhaus.fm,bauhaus-fm,improve,"bauhaus.fm is the experimental radio of Bauhaus-Universität Weimar, broadcasting from the university’s 106.6 FM project and connecting student or local creative work with experimental music and cultural programming.",high,high,,University setting and experimental remit provide a clear editorial identity; current schedule detail may change.,https://www.uni-weimar.de/projekte/bauhaus-fm
97,Black Rhino Radio,black-rhino-radio,improve,"Black Rhino Radio is a Romanian online station with an independent music and culture profile, but its accessible homepage offers too little verified detail about ownership, geography beyond Romania, presenters, or the shape of its current schedule.",medium,low,insufficient_info,"The station appears culturally oriented, but the available evidence is not enough for a precise editorial account.",https://blackrhinoradio.com/
98,Cashmere Radio,cashmere-radio,keep_reviewed,"Cashmere Radio is a community experimental radio station based in Lichtenberg, Berlin, broadcasting underground music, talk shows and live performative arts.",high,high,,Existing reviewed station copy is already specific and editorial; preserve its current wording,https://cashmereradio.com/
99,Chill Lounge Florida (USA) 128k mp3,chill-lounge-florida-usa-128k-mp3,improve,"Chill Lounge Florida is an online stream labeled around ambient, chillout, and lounge listening, with the relay URL offering no reliable evidence of presenters, ownership, community, or a distinctive editorial programme.",low,low,low_interest_and_insufficient_info,The source is a stream endpoint with scraped tags rather than an accountable station page.,https://vip2.fastcast4u.com/proxy/chillfla?mp=/1
100,CJLO 1690AM,cjlo,keep_reviewed,"Concordia University’s volunteer radio station serves Montréal in English and French, combining online broadcasting with a 1690 AM signal and a wide campus-community schedule.",high,high,,Existing reviewed profile; preserve verbatim,https://www.cjlo.com/about;https://www.cjlo.com/schedule
101,Concertzender De Gehoorde Stilte,concertzender-de-gehoorde-stilte,improve,"Concertzender’s De Gehoorde Stilte is a Dutch specialist programme for contemporary and adventurous music, part of a broader listener service whose editorial value comes from curatorial depth rather than a single automated genre loop.",high,medium,,Parent station and programme identity are clear; the page provides less operational detail than a full station profile.,https://www.concertzender.nl/programma_genre/hedendaagse-muziek/
102,Concertzender X-Rated,concertzender-x-rated,improve,"Concertzender X-Rated is a Dutch specialist stream within the Concertzender network, built for adventurous cross-genre listening and programme-led discovery rather than conventional format radio.",high,medium,,The parent network supplies meaningful editorial context; the channel page is sparse about current hosts.,https://www.concertzender.nl/programma_genre/crosslinks/
103,CoSTa's Ambient Radio,costa-s-ambient-radio,improve,"CoSTa’s Ambient Radio is an online stream tagged for ambient, electronic, and psybient music, but its relay page provides no dependable information about presenters, ownership, locality, or a human editorial schedule.",low,low,low_interest_and_insufficient_info,The available evidence is limited to scraped genre metadata and a stream endpoint.,https://pc.costa-server.info.pl:11020/public/costas_ambient_radio
104,Cryosleep,cryosleep,improve,"Cryosleep is an Echoes of Bluemars ambient stream built for calm, beatless, space-themed listening, with the project’s surrounding site providing more context than a generic relay but little evidence of live presenters.",medium,medium,low_interest,"Its space-ambient concept is distinctive, but the service appears primarily continuous and automated rather than programme-led.",http://www.echoesofbluemars.org/cryosleep.php
105,DARK ZERO RADIO,dark-zero-radio,improve,"DARK ZERO RADIO is a German online station focused on darkwave, EBM, gothic, industrial, post-punk, and adjacent alternative scenes, presenting a coherent underground format with limited evidence of community beyond the genre brief.",medium,medium,,The station has a defined musical world and founding claim; its editorial structure is less documented than community stations.,https://dark-zero-radio.com/
106,Darksynth Radio,darksynth-radio,improve,"Darksynth Radio is a laut.fm channel centered on dark synth, synthpop, darkwave, and related electronic styles, offering a focused mood and era palette but little evidence of presenters or independent editorial infrastructure.",low,medium,low_interest,"A tightly bounded genre stream is identifiable, but it is not clearly differentiated from other automated platform channels.",https://laut.fm/darksynthradio
107,DEEP IN SPACE,deep-in-space,improve,"DEEP IN SPACE is a Russian online project presenting music for imagined space travel, a strong atmospheric concept whose public materials provide little information about hosts, ownership, schedule, or community programming.",medium,low,insufficient_info,"The concept is memorable, but the evidence does not support a fuller editorial description.",https://deepinspace.ru/
108,Deep Radio,deep-radio,improve,"Deep Radio is a Dutch online dance station that describes nearly two decades of continuous dance-music broadcasting, but its public presentation offers limited detail on presenters, programming choices, or a community beyond the genre service.",low,medium,low_interest,"Longevity is notable, yet the available description remains broadly interchangeable with a commercial dance stream.",https://deep.radio/
109,DJ 666 Geordieblackcore,dj-666-geordieblackcore,improve,"DJ 666 Geordieblackcore is a laut.fm channel assembled around black metal, crust, death metal, grindcore, punk, and related extreme styles, with a sharply defined taste but little evidence of a wider editorial operation.",medium,low,low_interest_and_insufficient_info,The genre list is distinctive but comes from scraped tags and does not establish human programming.,https://laut.fm/dj666geordieblackcore
110,Dublab,dublab,keep_reviewed,"Los Angeles nonprofit dublab has broadcast since 1999, presenting DJ-led shows, an online schedule, and an archive of sets, projects, and other station work.",high,high,,Existing reviewed profile; preserve verbatim,https://dublab.com/about/;https://dublab.com/schedule;https://dublab.com/archive
111,EBM,ebm,improve,"EBM is a Flatlines Radio channel focused on darkwave, electronic body music, industrial, and related new-wave territory, but the public evidence does not establish hosts, ownership, or a broader editorial programme.",low,low,low_interest_and_insufficient_info,"The identity is a genre label attached to a platform stream, with little accountable information.",https://flatlinesradio.de/
112,Echoes of Bluemars,echoes-of-bluemars,improve,"Echoes of Bluemars is an ambient internet project organized around spacious, cinematic, and space-themed listening, with a recognizable concept but limited public evidence of presenters or community programming.",medium,medium,low_interest,"The imaginative theme is distinctive, while the channel appears largely continuous rather than human-programmed.",http://www.echoesofbluemars.org/bluemars.php
113,ElectroZombies,electrozombies,improve,"ElectroZombies is a German synth-pop culture site and stream-oriented project covering classic and contemporary synth pop through music videos, album reviews, and related listening, rather than a clearly documented community station.",medium,medium,insufficient_info,"Editorial publishing is evident, but the exact relationship between website, stream, and station schedule is unclear.",https://electrozombies.com/
114,Elektronisch Querbeat,elektronisch-querbeat,improve,"Elektronisch Querbeat is a laut.fm electronic channel tagged for abstract, ambient, broken beat, dubstep, glitch, and IDM, offering broad experimental texture but little evidence of presenters or a distinct operating community.",low,low,low_interest_and_insufficient_info,The available record is a tag list and platform page rather than editorial documentation.,http://laut.fm/elektronisch_querbeat
115,EPIC CLASSICAL - Classical Dinner,epic-classical-classical-dinner,improve,"EPIC CLASSICAL Classical Dinner is a German online stream combining classical, piano, jazz, ambient, and lounge cues for background listening, with the network page offering little evidence of presenters or a distinct editorial voice.",low,low,low_interest_and_insufficient_info,The broad mood-service description suggests automated listening rather than a differentiated programme.,https://epic-classical.com/
116,EPIC CLASSICAL - Classical Oldies,epic-classical-classical-oldies,improve,"EPIC CLASSICAL Classical Oldies is a genre stream for older classical and piano selections with ambient, jazz, and lounge adjacency, but its public network page does not document hosts or a meaningful community model.",low,low,low_interest_and_insufficient_info,The channel is a narrowly packaged network stream with sparse editorial evidence.,https://epic-classical.com/
117,EPIC CLASSICAL - Classical Study,epic-classical-classical-study,improve,"EPIC CLASSICAL Classical Study is a background-oriented stream blending classical, piano, ambient, jazz, and chillout cues, with no clear public evidence of presenters, curation policy, or community beyond the network brand.",low,low,low_interest_and_insufficient_info,The supplied tags and network homepage do not support a richer editorial account.,https://epic-classical.com/
118,Euro Smooth Jazz,euro-smooth-jazz,improve,"Euro Smooth Jazz is a German-facing online stream and information page for contemporary smooth jazz, with playlist and current-song framing but little evidence of presenters, ownership, or a distinctive community role.",low,medium,low_interest,The service is a conventional single-genre stream whose public identity is primarily format-based.,http://eurosmoothjazz.com/
119,Experimentalgems,experimentalgems,improve,"Experimentalgems is a laut.fm channel tagged for ambient, drone, avant-garde, electronic, and experimental jazz, suggesting a potentially interesting niche but providing little evidence of presenters or programming decisions.",medium,low,insufficient_info,"The music territory is distinctive, but the only substantial evidence is scraped metadata.",https://laut.fm/experimentalgems
120,FBi Radio,fbi-radio,keep_reviewed,"Sydney’s independent community station FBi Radio broadcasts on 94.5 FM and online, with a volunteer-led brief to champion emerging local music, arts, and culture.",high,high,,Existing reviewed profile; preserve verbatim,https://www.fbi.radio/about-us;https://www.fbi.radio/schedule
121,Flatlines Radio,flatlines-radio,improve,"Flatlines Radio is a German online service spanning darkwave, EBM, gothic, industrial, post-punk, metal, and neofolk, with a coherent alternative palette but limited public evidence of hosts or community programming.",medium,medium,low_interest,"The genre world is clear, but the service appears primarily format-driven and its editorial structure is not well documented.",https://www.flatlinesradio.de/
122,GDS.FM,gds-fm,improve,"GDS.FM is a Swiss platform for local music makers and nightlife culture, broadcasting without commercial interruptions since 2014 and connecting the country’s club and independent scenes to online radio.",high,medium,,The supplied station account supports a strong cultural mission; current programme and organizational details need further verification.,http://www.gds.fm/
123,Glacer FM,glacer-fm,keep_reviewed,"Glacer FM is an internet station focused on unsigned and independent artists, with genre channels covering alternative, jazz, electronic, rock, hip-hop, R&B, and world music.",high,high,,Existing reviewed profile; preserve verbatim,https://www.glacerfm.com/about-us/;https://www.glacerfm.com/;https://www.glacerfm.com/glacer-underground/
124,HEXX 9 Radio,hexx-9-radio,improve,"HEXX 9 Radio is an online experimental stream associated with dark ambient, occult, tape, EVP, and death-oriented sound. Its public-facing description is highly stylized, but does not establish an identifiable organization, location, or human programming structure.",low,low,low_interest_and_insufficient_info,"The homepage offers evocative fragments rather than verifiable station, ownership, schedule, or programming information.",http://hexx9.com/
125,HighFi Dream,highfi-dream,improve,"HighFi Dream is a U.S. HD4 radio stream presenting a curated music service under the HighFi Dream name. The available description identifies the broadcast outlet and curation claim, but supplies little about its programmers, community role, or musical point of view.",low,low,low_interest_and_insufficient_info,The public page provides a format label and slogan but not enough editorial or institutional detail to evaluate the service.,https://highfidream.com/
126,Hirschmilch Radio,hirschmilch-radio,improve,"Hirschmilch Radio is a German online channel centered on ambient, chillout, and relaxation listening. The stream has a clear mood-based format, but the available channel endpoint does not document an editorial team, schedule, ownership, or distinctive community context.",low,low,low_interest_and_insufficient_info,Evidence is limited to a stream URL and scraped genre tags; this appears to be a narrowly formatted channel rather than a documented editorial station.,https://hirschmilch.de:7001/chillout.mp3
127,Journeyscapes Radio,journeyscapes-radio,improve,"Journeyscapes Radio is a Canadian internet station for ambient, space, downtempo, ethno-electronica, and related listening. Its site also points to music reviews and artist interviews, suggesting more than an automated stream, though ownership, location, and schedule details remain limited.",medium,medium,,The official homepage describes multiple editorial activities beyond the stream but provides limited institutional context.,https://www.journeyscapesradio.com/
128,Kapitał,kapita,improve,"Kapitał is a Polish community web radio presenting itself as a collective platform rather than a conventional commercial broadcaster. Its name and community positioning are clear, but the available homepage evidence does not establish its city, schedule, ownership, or particular musical focus.",medium,low,insufficient_info,The official site identifies a community-radio model but offers too little accessible detail to characterize its editorial range responsibly.,https://radiokapital.pl/
129,KCHUNG Radio,rb-b58a4aaa-d5be-4925-be71-f69d1cccc13f,keep_reviewed,"KCHUNG is an artist-run cooperative and community station based in Los Angeles’s Chinatown, broadcasting music, sound, art, and civic conversation online and on low power.",high,high,,Existing reviewed profile; preserve its sourced editorial summary verbatim.,https://kchungradio.org/about
130,KFJC 89.7 FM,kfjc,improve,"KFJC is Foothill College’s volunteer-run station in Los Altos Hills, California, serving the Bay Area with freeform shows spanning new music, audio art, and experimental sound. Its human-presenter model and broad specialty remit make it more distinctive than a format stream.",high,high,,The station homepage documents college affiliation," volunteers; freeform programming, geography, and experimental output.,https://kfjc.org"
131,Kiosk Radio,kiosk-radio,improve,"Kiosk Radio is a Brussels community web station broadcasting from a wooden kiosk in the Parc Royal. Founded in 2017, it uses a presenter- and guest-led schedule that moves across genres, with the physical kiosk giving its online service a distinctive civic identity.",high,high,,The official homepage documents the Brussels location," founding period; community model, and genre-fluid live programming.,https://www.kioskradio.com/"
132,Kool FM,kool-fm,keep_reviewed,"Kool FM is Rinse’s London channel for drum and bass, jungle, and related bass music, with specialist shows and a schedule built around DJs and scene contributors.",high,high,,Existing reviewed profile; preserve its sourced editorial summary verbatim.,https://www.rinse.fm/channels/kool
133,KUVO 89.3 FM,kuvo,keep_reviewed,"Denver’s KUVO Jazz is a nonprofit 89.3 FM service of Rocky Mountain Public Media, founded in 1985 and built around jazz, blues, and related cultural programming.",high,high,,Existing reviewed profile; preserve its sourced editorial summary verbatim.,https://www.kuvo.org/; https://www.rmpm.org/about/
134,Lahmacun Radio,lahmacun-radio,improve,"Lahmacun Radio is an online music-and-culture service from Budapest, operating since 2018. Its public description establishes a local independent identity, but does not provide enough accessible schedule or organizational detail to explain how its music programming is selected.",medium,medium,insufficient_info,"The official homepage gives name, place, and start date but limited information about ownership, presenters, or musical remit.",https://lahmacun.hu/
135,laut.fm - Dark Sound United,laut-fm-dark-sound-united,improve,"Dark Sound United is a laut.fm channel assembled around black metal, gothic rock, industrial, new wave, synthpop, and adjacent dark music. Its genre lane is legible, but the available page does not identify human programmers or a community beyond the platform-hosted stream.",low,low,low_interest_and_insufficient_info,A platform page and scraped tags establish genre only; no independent editorial identity or schedule is evident.,https://laut.fm/dark-sound-united
136,laut.fm - Shamanic Tunes,laut-fm-shamanic-tunes,improve,"Shamanic Tunes is a laut.fm channel combining psychedelic, stoner, and hard rock with adjacent chillout, doom, and trip-hop tags. The channel has a recognizable mood and genre cluster, but no accessible evidence of presenters, ownership, or a broader editorial project.",low,low,low_interest_and_insufficient_info,The source is a platform page with scraped tags and no documented human programming model.,https://laut.fm/shamanic_tunes
137,Laut.FM Chillout-Radio,laut-fm-chillout-radio,improve,"Laut.FM Chillout-Radio is a Germany-linked internet channel focused on ambient and space-oriented chillout music. It offers a narrowly defined listening mood, but the available public material does not establish who programs it or what distinguishes it from other automated relaxation streams.",low,low,low_interest_and_insufficient_info,Only platform metadata and genre tags are available.,https://laut.fm/chilloutradio
138,laut.fm Schwarze Szene,laut-fm-schwarze-szene,improve,"Schwarze Szene is a laut.fm channel for darkwave, gothic, industrial, medieval, metal, neofolk, and related dark music. The genre territory is clear, but the available platform page does not document presenters, ownership, schedule, or a distinctive community role.",low,low,low_interest_and_insufficient_info,Evidence is limited to scraped tags on a hosting platform.,http://laut.fm/schwarzeszene
139,Laut.FM Shoegaze,laut-fm-shoegaze,improve,"Laut.FM Shoegaze is a platform-hosted channel built around shoegaze and neighboring dream-pop, post-punk, indie, ambient, and electronic sounds. Its specialist focus is apparent, but no accessible material identifies human curators, an organization, or programming beyond the genre list.",low,low,low_interest_and_insufficient_info,The listing supplies genre tags only and does not support a richer editorial account.,https://laut.fm/shoegaze
140,Le Grigri,le-grigri,improve,"Le Grigri is a French music publication and radio project presenting live tracks, artist selections, and carte-blanche programming. Its homepage shows active editorial features and cultural coverage, but the available extract does not clearly state its city, ownership, or regular broadcast structure.",medium,medium,insufficient_info,The official site contains evidence of editorial activity but is difficult to evaluate from the accessible homepage extract.,https://www.le-grigri.com/
141,LYL Radio,lyl-radio,improve,"LYL Radio is a French online station whose public-facing identity is centered on human-led music programming and a broad independent scene. The accessible homepage supplies too little detail about its base, ownership, schedule, or specific musical communities to support a more precise summary.",medium,low,insufficient_info,The homepage resolves to a minimal presentation with no enough accessible institutional or programming detail.,https://lyl.live/
142,MDR Sputnik Insomnia,mdr-sputnik-insomnia,improve,"MDR Sputnik Insomnia is a German broadcaster’s late-night music concept built around melancholic, psychedelic, and slow selections. The mood is distinctive, but the available page does not explain the show’s current schedule, presenters, or editorial relationship to MDR Sputnik in enough detail.",medium,medium,insufficient_info,"A broadcaster page and scraped descriptors identify the concept, but evidence for current editorial structure is sparse.",http://sputnik.de/sendungen/musikspecials/sputnik-insomnia--100.html
143,Melodies Web Radio,melodies-web-radio,improve,"Melodies Web Radio is a Greek online channel associated with ambient, relaxation music, and jazz. Its mood-based remit is clear from the available listing, but the public material does not establish its programmers, location beyond country, ownership, or a distinctive editorial approach.",low,low,low_interest_and_insufficient_info,The accessible source is a basic site with scraped genre information and little evidence of human curation.,https://melodieswebradio.wixsite.com/
144,Memory Lane | NTS,memory-lane-nts,improve,"Memory Lane is an NTS Infinite Mixtape built as a continuous online selection rather than a separately documented station. Its archival, mood-driven concept fits NTS’s curated listening tools, but the page offers little information about a permanent host, schedule, or independent identity.",medium,medium,insufficient_info,The official page establishes an NTS mixtape but not enough detail to evaluate it as a standalone station.,https://www.nts.live/infinite-mixtapes/memory-lane
145,Modular-Station,modular-station,improve,"Modular Station is a French online radio project organized around modular music and electronic listening. The title establishes a specialist focus, but the accessible public description does not sufficiently document its programmers, location, schedule, ownership, or relationship to a wider music community.",medium,low,insufficient_info,"The official homepage is sparse, leaving the station’s editorial model difficult to evaluate.",https://modular-station.com/
146,NEOFOLK,neofolk,improve,"NEOFOLK is a Germany-linked channel focused on neofolk and adjacent darkfolk, experimental, industrial, pagan, and post-punk music. The specialist territory is clear, but the available page does not identify a programming team, schedule, ownership, or community context beyond the genre catalog.",low,low,low_interest_and_insufficient_info,The source exposes genre tags but little evidence of an independent editorial organization.,https://flatlinesradio.de/
147,Netil Radio,netil-radio,improve,"Netil Radio is a London online station built around residents, shows, and DJs, with programming framed through personal stories and lives spent in music. That community-led premise is distinctive, although the available source supplies limited detail about its current schedule and ownership.",high,medium,,The official description clearly establishes a human and place-based programming model," even though the accessible evidence is brief."";http://netilradio.com/"
148,Nightride FM - Datawave,nightride-fm-datawave,improve,"Nightride FM’s Datawave channel is an online synthwave and cyberpunk stream spanning retrowave, darksynth, EBM, drum and bass, techno, and related electronic styles. Its scene focus is clear, but the public description does not establish presenters, ownership, or a broader editorial program.",low,medium,low_interest,The official page supports a focused genre stream but provides little evidence of human or community programming.,https://nightride.fm/
149,OFFradio (320),offradio-320,improve,"OFFradio is a Greek online station that has presented music streaming from 2008. Its public description emphasizes a popular continuous service, but does not provide enough accessible information about presenters, ownership, location, schedule, or musical selection to characterize a stronger editorial identity.",low,low,low_interest_and_insufficient_info,The homepage offers a longevity and popularity claim but little verifiable programming detail.,http://offradio.gr/
150,p-node,p-node,improve,"p-node is a French hybrid radio and streaming platform whose identity sits between broadcast, networked media, and experimental online infrastructure. The available homepage establishes that hybrid model, but gives too little accessible information about its programmers, geography, or musical focus.",medium,low,insufficient_info,The official site identifies an unusual platform model but does not expose enough detail for a confident music description.,https://p-node.org/
151,Planet Ambi HD,planet-ambi-hd,improve,"Planet Ambi HD is a Switzerland-linked 24-hour ambient stream designed for relaxation and sleep, emphasizing beatless soundscapes. Its use case and musical focus are explicit, but there is no accessible evidence of presenters, a community, or a distinctive editorial selection process.",low,medium,low_interest,"This is a clearly labeled functional ambient stream, but not an evidently differentiated human-curated station.",https://planetambi.com/
152,Play Emotions,play-emotions,improve,"Play Emotions is an Italian-linked online channel associated with ambient, chillout, and relaxing music. The mood-based format is apparent from the available metadata, but the public record does not identify its organization, location, presenters, schedule, or musical point of view.",low,low,low_interest_and_insufficient_info,Only scraped tags and no reliable editorial or institutional context are available., 
153,psyradio * fm - progressive,psyradio-fm-progressive,improve,"PSYRadio’s Progressive channel is an online stream for psychedelic electronic music, operating within a four-channel network that also includes psytrance, chillout, and alternative feeds. Its multi-channel structure is useful context, though the available page does not identify individual programmers or a community base.",medium,medium,,"The official network page documents the channel family and programming categories, but not a deeper organization or presenter model.",http://psyradio.fm/
154,PsyRadio Chillout,psyradio-chillout,improve,"PsyRadio Chillout is the chillout stream in PSYRadio’s four-channel online network, alongside progressive, psytrance, and alternative services. It offers a clear psychedelic-electronic listening lane, but the available official description does not establish presenters, ownership, or a distinctive editorial community.",low,medium,low_interest,The channel is a narrowly defined companion stream with limited evidence of human programming.,http://psyradio.fm/
155,PsyStream,psystream,improve,"PsyStream is a UK-linked online channel focused on progressive, psychedelic, psytrance, and trance music. Its genre territory is identifiable, but the available public source does not document presenters, ownership, schedule, or a curatorial approach beyond the format labels.",low,low,low_interest_and_insufficient_info,The accessible evidence is a genre listing rather than a documented editorial station.,http://psymusic.co.uk/
156,RADCAP: AMBIENT DUB,radcap-ambient-dub,improve,"RADCAP’s Ambient Dub channel is a Russian genre stream dedicated to ambient dub. It belongs to the Radio Caprice network of narrowly labeled channels, but the available page offers no evidence of presenters, community participation, or a selection process beyond continuous genre programming.",low,medium,low_interest,"The network and channel remit are identifiable, but the service is editorially undifferentiated from an automated specialist feed.",http://radcap.ru/ambientdub.html
157,RADCAP: ATMOSPHERIC / AMBIENT BLACK METAL,radcap-atmospheric-ambient-black-metal,improve,"RADCAP’s Atmospheric/Ambient Black Metal channel is a Russian Radio Caprice stream focused on atmospheric and ambient black metal. Its specialist genre is precise, but the available page does not document human hosts, schedule, ownership beyond the network, or a wider scene role.",low,medium,low_interest,A narrowly labeled network stream with no accessible evidence of a distinct programming organization.,http://radcap.ru/aabmds.html
158,RADCAP: DRONE AMBIENT,radcap-drone-ambient,improve,"RADCAP’s Drone Ambient channel is a Russian Radio Caprice stream devoted to drone and ambient music. The format is unambiguous, but the available channel page does not identify presenters, community, schedule, or curatorial practices beyond continuous genre delivery.",low,medium,low_interest,The stream is a narrow network genre channel and appears commercially and editorially undifferentiated.,http://radcap.ru/droneambient.html
159,RADCAP: INDUSTRIAL / DARK / RITUAL AMBIENT,radcap-industrial-dark-ritual-ambient,improve,"RADCAP’s Industrial/Dark/Ritual Ambient channel is a Russian Radio Caprice stream for dark ambient and industrial-adjacent sound. Its thematic territory is specific, but the accessible page provides no evidence of hosts, community, or a distinct editorial process beyond the genre label.",low,medium,low_interest,The network channel has a clear mood but little evidence of human-led programming.,http://radcap.ru/darkambient.html
160,Radio Caprice - Avant-Garde Jazz / Free Improvisation [2],radio-caprice-avant-garde-jazz-free-improvisation-2,improve,"Radio Caprice’s Avant-Garde Jazz/Free Improvisation channel is a Russian network stream for experimental jazz. The specialist remit may interest listeners seeking a narrow catalog, but the available source does not identify hosts, schedule, community, or curation beyond continuous genre programming.",low,medium,low_interest,A precise but apparently automated network channel with no documented editorial organization.,http://radcap.ru/avantgardejazz.html
161,Radio Caprice - Experimental Techno [2],radio-caprice-experimental-techno-2,improve,"Radio Caprice’s Experimental Techno channel is a Russian network stream focused on experimental electronic music. Its genre target is clear, but the public channel page does not document presenters, schedule, ownership beyond Radio Caprice, or a distinctive human editorial model.",low,medium,low_interest,The channel is a narrow specialist feed with no accessible evidence of human-led programming.,http://radcap.ru/exptechno.html
162,Radio Caprice - Folk Death Metal,radio-caprice-folk-death-metal,improve,"Radio Caprice’s Folk Death Metal channel is a Russian network stream dedicated to the intersection of folk and death metal. The unusual genre pairing gives it some discovery value, but the available page does not show presenters, schedule, community, or curation beyond continuous network delivery.",medium,medium,low_interest,"The niche is distinctive, but the channel remains an undocumented genre feed rather than an evident editorial station.",http://radcap.ru/folkdeathmetal.html
163,Radio Caprice - Psychedelic Folk,radio-caprice-psychedelic-folk,improve,"Radio Caprice’s Psychedelic Folk channel is a Russian network stream focused on psychedelic folk. Its narrow musical premise is legible, but the accessible page does not identify hosts, schedule, organization beyond Radio Caprice, or a human selection process.",low,medium,low_interest,The channel has a precise genre label but no documented editorial structure.,http://radcap.ru/psychfolk.html
164,Radio Caprice: Ambient,radio-caprice-ambient,improve,"Radio Caprice’s Ambient channel is a Russian network stream devoted to ambient music. It is easy to understand as a focused listening utility, but the available page does not establish presenters, community, schedule, or a distinct editorial identity beyond continuous genre programming.",low,medium,low_interest,A narrow network stream with insufficient evidence of human-led programming or differentiation.,http://radcap.ru/ambient.html
165,Radio Centraal 106.7FM,radio-centraal-106-7fm,improve,"Brussels community radio with a long-running non-commercial, experimental and independent orientation, connecting local broadcasters to avant-garde music, cultural programming, and a situationist tradition.",high,medium,,"The station has a distinctive community and experimental identity, but the available English-language station material is limited.",https://www.radiocentraal.be/
166,RADIO DIMENSIONE RELAX,radio-dimensione-relax,review_required,"Italian internet radio centered on ambient, lounge, chillout, jazz, and relaxation listening, presented as a continuous mood-oriented stream rather than a clearly documented host-led station.",low,low,low_interest_and_insufficient_info,The format is narrowly mood-based and the public site supplies too little ownership or programming detail to assess a stronger editorial identity.,https://rdastation.it/
167,Radio K (KUOM),radio-k,keep_reviewed,"The University of Minnesota’s student-run station pairs an unusually long broadcast history with independent music, specialty shows, and hands-on training from Minneapolis.",high,high,,Existing reviewed profile is already source-backed and editorially specific; preserve it verbatim.,https://radiok.org/about/;https://radiok.org/history/
168,Radio Ozora,radio-ozora,improve,"Radio Ozora is the online radio arm of Hungary’s Ozora festival ecosystem, using electronic, psychedelic, ambient, and downtempo programming to extend the festival’s communal music culture beyond its site.",medium,medium,,"The festival relationship and broad musical frame are identifiable, but the station’s own editorial structure is less documented than its event identity.",https://radiozora.fm/
169,Radio Underground,radio-underground,improve,"Polish internet radio focused on punk music, with a scene-oriented identity built around punk records and underground listening rather than a broad general-interest schedule.",medium,medium,,"The punk focus is clear from the station site, but ownership, presenters, and current schedule are sparsely documented.",http://www.radiounderground.org/
170,Radio Zica,radio-zica,review_required,"Slovenian web radio associated with the Radio Žica project, but its public-facing material does not yet provide enough reliable detail about ownership, presenters, geography, or musical programming.",low,low,insufficient_info,The slogan and directory record are insufficient to evaluate the station’s editorial character.,http://radiozica.eu/
171,RadiOzora,radiozora,improve,"Radio Ozora is the online radio arm of Hungary’s Ozora festival ecosystem, using electronic, psychedelic, ambient, and downtempo programming to extend the festival’s communal music culture beyond its site.",medium,medium,,This duplicates Radio Ozora under a second stream record; retain one editorial profile and treat the duplicate as an alias or technical stream.,https://radiozora.fm/
172,RadiOzora Chill,radiozora-chill,improve,"RadiOzora Chill is a festival-linked Hungarian stream for the calmer edge of electronic listening, emphasizing ambient, downtempo, and psychedelic chillout as a focused companion to Radio Ozora’s broader output.",medium,medium,,"The channel has a meaningful relationship to the Ozora network, but the current site offers limited channel-specific documentation.",https://radiozora.fm/
173,Rap House | NTS,rap-house-nts,improve,"NTS’s Rap House is a curated hip-hop mix drawing on rap’s regional and historical range, presented as an on-demand Infinite Mixtape within NTS’s broader London-rooted global radio archive.",high,high,,"The NTS page clearly identifies the format and its place in the station’s curated archive, though it is a single mix rather than a standalone broadcaster.",https://www.nts.live/infinite-mixtapes/rap-house
174,RauteMusik Lounge,rautemusik-lounge,review_required,"RauteMusik Lounge is a German internet stream aimed at lounge and relaxed listening, but its public listing gives little evidence of human hosts, commissioning, community role, or a distinctive editorial programme.",low,low,low_interest_and_insufficient_info,The available description is a generic web-radio label and does not establish meaningful editorial differentiation.,http://www.rautemusik.fm/lounge/
175,Resonance Extra,resonance-extra,keep_reviewed,"Resonance Extra is a 24/7 digital broadcasting platform dedicated to global music, sound art and radio art based at Resonance, London",high,high,,Existing station description is already a strong concise editorial summary and should be preserved rather than rewritten.,https://extra.resonance.fm/
176,Resonance FM 104.4 - London,resonance-fm-104-4-london,improve,"London’s artist-led Resonance FM is a community arts station combining experimental music, sound art, cultural discussion, and locally rooted programming on FM, DAB, and online.",high,high,,The station has a distinctive arts and community mandate; the current scraped description is factual but not editorially shaped.,https://www.resonancefm.com/
177,Seven Rays - 7rays,seven-rays-7rays,review_required,"Seven Rays is an online relaxation stream organized around ambient, meditation, new-age, and chillout listening, with little public evidence of presenters, commissioning, or a broader community editorial mission.",low,low,low_interest_and_insufficient_info,"The genre tags describe a mood channel, but the site provides too little information to evaluate human curation.",https://7promeniv.com.ua/radio-en
178,Skylab Radio,skylab-radio,review_required,"Skylab Radio is an Australian internet station, but the available public material does not establish a sufficiently clear ownership model, location beyond country, host roster, or distinctive music brief.",low,low,insufficient_info,The homepage is accessible as a station identity but does not provide enough evidence for a responsible editorial description.,http://skylab-radio.com/
179,Slow Focus | NTS,slow-focus-nts,improve,"NTS’s Slow Focus is a curated ambient, drone, and raga mix designed for meditative, beatless listening, presented as an on-demand Infinite Mixtape rather than an independent station.",medium,high,,"The NTS page gives a clear musical brief and format; it should be represented as a programmed mix, not a standalone radio organization.",https://www.nts.live/infinite-mixtapes/slow-focus
180,Soho Radio,soho-radio,keep_reviewed,"Soho Radio is an online station broadcasting from Soho and New York, with a presenter-led schedule that moves between contemporary music, specialist selections, and spoken features.",high,high,,Existing reviewed profile is specific about the two-city operation and presenter-led model; preserve it verbatim.,https://sohoradio.com/about/;https://sohoradio.com/schedule/
181,SomaFM Deep Space One (128k MP3),somafm-deep-space-one-128k-mp3,improve,"SomaFM’s Deep Space One is a listener-supported online channel for deep ambient, experimental electronic, and space music, offering a focused atmospheric stream within SomaFM’s larger independent-radio network.",medium,high,,"SomaFM documents the channel’s distinctive focus and network context, but this is a continuously programmed single-genre stream rather than a broad station.",https://somafm.com/deepspaceone/
182,SomaFM Doomed (256k MP3),somafm-doomed-256k-mp3,improve,"SomaFM’s Doomed is a dark ambient and industrial channel with a deliberately gothic mood, one of the focused genre streams in SomaFM’s listener-supported online service.",medium,high,,"The channel has a recognizable aesthetic and reliable official description, though it is a narrow automated-style stream.",https://somafm.com/doomed/
183,SomaFM n5MD (128k AAC),somafm-n5md-128k-aac,improve,"SomaFM n5MD presents ambient, modern composition, post-rock, and experimental electronic music in partnership with the n5MD label, linking a label catalog to SomaFM’s online curation.",medium,high,,"The label relationship creates more editorial distinction than a generic mood stream, and the official channel page documents the focus.",https://somafm.com/n5md/
184,SomaFM Secret Agent (128k MP3),somafm-secret-agent-128k-mp3,improve,"SomaFM’s Secret Agent is a themed online channel built around stylish spy-film, crime, lounge, and cinematic instrumentals, using a strong concept within SomaFM’s listener-supported network.",medium,high,,The concept is distinctive even though the stream is format-led and continuously programmed rather than presenter-led.,https://somafm.com/secretagent/
185,SomaFM Synphaera Radio,somafm-synphaera-radio,improve,"SomaFM Synphaera Radio showcases modern ambient and space music from the independent Synphaera label, functioning as a label-centered channel within SomaFM’s online radio network.",medium,high,,The label partnership supplies a clear editorial distinction and is documented by the official channel page.,https://somafm.com/synphaera
186,SomaFM Underground 80s (128k MP3),somafm-underground-80s-128k-mp3,improve,"SomaFM’s Underground 80s is a focused channel for early-1980s UK synthpop and new wave, offering a tightly defined catalogue lane within the listener-supported SomaFM network.",medium,high,,"The musical remit is clear and useful, but the 128k record is a duplicate technical stream of the same channel.",https://somafm.com/u80s/
187,SomaFM Underground 80s (256k MP3),somafm-underground-80s-256k-mp3,improve,"SomaFM’s Underground 80s is a focused channel for early-1980s UK synthpop and new wave, offering a tightly defined catalogue lane within the listener-supported SomaFM network.",medium,high,,"The musical remit is clear and useful, but the 256k record duplicates the same channel and should share its editorial profile.",https://somafm.com/u80s/
188,The Lot Radio,the-lot-radio,keep_reviewed,"The Lot Radio is a Red Hook, Brooklyn internet station built around live DJ broadcasts, a daily show schedule, and a physical community space.",high,high,,"Existing reviewed profile is already specific about place, format, and community setting; preserve it verbatim.",https://www.thelotradio.com/about;https://www.thelotradio.com/schedule
189,The Tube | NTS,the-tube-nts,improve,"NTS’s The Tube is a curated post-punk, industrial, and minimal-wave mix, presented as an on-demand Infinite Mixtape within NTS’s broader archive of specialist music programming.",medium,high,,"The official page provides a concise genre brief and clear format, but this is a mix rather than a standalone station.",https://www.nts.live/infinite-mixtapes/the-tube
190,Total instrumental,total-instrumental,review_required,"German internet stream centered on instrumental, ambient, dance, and electronic music, with insufficient public evidence of presenters, ownership, or a distinctive editorial model.",low,low,low_interest_and_insufficient_info,The available material is limited to broad tags and does not support a stronger station profile.,http://www.radio-total-instrumental.de/
191,Traxx FM - Ambient,traxx-fm-ambient,review_required,"Traxx FM Ambient is a Swiss web stream for ambient, chillout, and relaxation music, but its public information does not establish a presenter-led or otherwise distinctive editorial identity.",low,low,low_interest_and_insufficient_info,This appears to be a narrowly mood-oriented stream with sparse documentation beyond genre tags.,http://www.traxx.fm/
192,Ultra Dark Radio,ultra-dark-radio,improve,"Ultra Dark Radio is a German underground stream spanning darkwave, gothic, industrial, EBM, metal, and adjacent alternative music, with a focused scene identity despite limited public documentation.",medium,medium,,"The genre range is distinctive enough to avoid a low-interest flag, but the site provides little information about people or programming structure.",http://www.ultradarkradio.com/
193,Verdure Station,verdure-station,review_required,"Verdure Station is a Russian internet radio project presenting atmospheric, comforting, and peaceful music, but the available site material is too sparse to assess its curation or community role.",low,low,low_interest_and_insufficient_info,"The stated mood is clear, while ownership, programming, and editorial distinctiveness are not.",http://verdure.net/
194,Voices Radio,voices-radio,keep_reviewed,"London’s Voices Radio grew from the Ossia club network into an online station and podcast studio, pairing regular broadcasts with workshops and paid opportunities for new contributors.",high,high,,"Existing reviewed profile documents its origin, contributor programme, and community infrastructure; preserve it verbatim.",https://www.voicesradio.co.uk/about/;https://voicesradio.airtime.pro/
195,Wavebreaker,wavebreaker,review_required,"Wavebreaker is a German laut.fm stream combining alternative, ambient, electropop, gothic, indie, and new-wave selections, but the available listing offers little evidence of human editorial programming.",low,low,low_interest_and_insufficient_info,The genre mix is broad but not enough to establish a distinct station identity or curation model.,https://laut.fm/wavebreaker
196,WFMU 91.1 FM,wfmu,keep_reviewed,"WFMU is an independent, listener-supported freeform station with a New York-area broadcast, an online stream, and an unusually deep program archive.",high,high,,Existing reviewed profile is source-backed and already captures the station’s key editorial distinction; preserve it verbatim.,https://wfmu.org/about;https://wfmu.org/schedule;https://wfmu.org/playlists.php
197,Worldwide FM,worldwide-fm,keep_reviewed,"Worldwide FM is an independent community station founded by Gilles Peterson, connecting underground music, emerging talent, and local scenes across the world.",high,high,,Existing reviewed profile is detailed and source-backed; preserve it verbatim.,https://worldwidefm.net/about;https://worldwidefm.net/schedule;https://worldwidefm.net/shows
198,WPFW 89.3 FM,wpfw,keep_reviewed,"Washington, D.C.'s WPFW 89.3 FM pairs jazz, blues, global music, news, and public affairs with a listener-supported community-radio model.",high,high,,"Existing reviewed profile clearly distinguishes music, public affairs, and community-radio structure; preserve it verbatim.",https://www.wpfwdc.org/;https://www.wpfwdc.org/programs;https://www.wpfwdc.org/schedule-grid
199,WRUW 91.1 FM,wruw,keep_reviewed,"Case Western Reserve University’s volunteer-run Cleveland station has broadcast since 1946, with free-form shows spanning jazz, rock, blues, folk, metal, reggae, and more.",high,high,,Existing reviewed profile is substantially stronger than the scraped college tag and should replace it without further rewriting.,https://wruw.org/about;https://case.edu/about
200,WWOZ 90.7 FM,wwoz,keep_reviewed,"New Orleans community station WWOZ 90.7 FM is the city’s Jazz and Heritage Station, connecting daily programming with local culture and live events.",high,high,,"Existing reviewed profile is specific about governance, musical heritage, schedule, and civic role; preserve it verbatim.",https://www.wwoz.org/about-wwoz;https://www.wwoz.org/schedule;https://www.wwoz.org/calendar/community
201,WXDU 88.7 FM,wxdu,keep_reviewed,"Duke University’s WXDU 88.7 FM is a student-run, freeform station whose schedule gives independent DJs room for eclectic and specialist music programming.",high,high,,Existing reviewed profile is already source-backed and more informative than the scraped college tag; preserve it verbatim.,https://www.wxdu.org/;https://www.wxdu.org/schedule
202,XRAY.fm,xray-fm,keep_reviewed,"Portland nonprofit XRAY.fm began broadcasting in 2014 and combines talk, local reporting, and DJ-led music programming on FM and online.",high,high,,"Existing reviewed profile documents the nonprofit, local-service, talk, and music model; preserve it verbatim.",https://xray.fm/about;https://xray.fm/shows
cohort_rank,station,slug,action,proposed_summary,editorial_interest,evidence_quality,flag,reason,source_urls
1,KALX 90.7 FM,kalx,keep_reviewed,"UC Berkeley’s volunteer station presents student and community-made radio at 90.7 FM, with an eclectic schedule and a history reaching back to the station’s early campus broadcasts.",high,high,,Existing reviewed profile or strong curated summary; preserve verbatim.,https://kalx.berkeley.edu/about/philosophy/; https://kalx.berkeley.edu/on-the-air/schedule/
2,KEXP 90.3 FM,kexp,keep_reviewed,"Seattle's nonprofit music service, founded at the University of Washington in 1972, pairs broad, human-curated programming with live sessions and community events.",high,high,,Existing reviewed profile or strong curated summary; preserve verbatim.,https://kexp.org/about/; https://kexp.org/about/history/
3,NEU RADIO,neu-radio,improve,"Bologna’s independent online collective blends music broadcasting with cultural aggregation, sending a 24/7 stream from Italy to listeners worldwide. The available public material provides only a limited view of its current programming and editorial identity.",high,medium,,"Current copy is a slogan, scrape fragment, or insufficiently specific description.",https://www.neuradio.it/
4,Yammat FM,yammat-fm,improve,"Zagreb-based Yammat FM presents live and thematic streams that move through pop, new wave, hip-hop, and other contemporary music selections. The available public material provides only a limited view of its current programming and editorial identity.",medium,medium,,"Current copy is a slogan, scrape fragment, or insufficiently specific description.",https://www.yammat.fm/
5,HEADY,heady,improve,"HEADY.FM is an online, commercial-free music stream focused on underground discoveries, emerging artists, and deep cuts rather than presenter-led local radio. The available public material provides only a limited view of its current programming and editorial identity.",medium,medium,,"Current copy is a slogan, scrape fragment, or insufficiently specific description.",https://www.heady.fm/
6,FIP Rock,fip-rock,keep_reviewed,"FIP Rock is Radio France's focused rock stream, combining new releases with established records and a channel identity that runs from classic to contemporary.",high,high,,Existing reviewed profile or strong curated summary; preserve verbatim.,https://www.radiofrance.fr/fip/radio-rock
7,Super45.fm,super45-fm,improve,Santiago’s Super45.fm is an independent online music outlet built around contemporary discovery and a wide-ranging stream from Chile to the world. The available public material provides only a limited view of its current programming and editorial identity.,medium,low,,Available evidence is too sparse to judge the station’s editorial identity confidently.,https://super45.fm/
8,FIP,fip-main,keep_reviewed,"Radio France's FIP is a national music service built around an eclectic, presenter-led flow spanning jazz, rock, pop, groove, world music, reggae and more.",high,high,,Existing reviewed profile or strong curated summary; preserve verbatim.,https://www.radiofrance.fr/fip
9,KVSC 88.1 FM,kvsc,improve,St. Cloud State University’s KVSC is a student and community station whose alternative-music identity is carried through a local FM service and online stream. The available public material provides only a limited view of its current programming and editorial identity.,medium,medium,,"Current copy is a slogan, scrape fragment, or insufficiently specific description.",https://www.kvsc.org
10,WXYC 89.3 FM,wxyc,keep_reviewed,"UNC-Chapel Hill’s WXYC 89.3 FM is a 24-hour student-run freeform station with a broad local signal, online archive, and strong support for independent music.",high,high,,Existing reviewed profile or strong curated summary; preserve verbatim.,https://wxyc.org/about; https://wxyc.org/archive
11,Radyo A (Radyo Anadolu Üniversitesi),radyo-a-radyo-anadolu-niversitesi,improve,"Anadolu University’s Radyo A is a campus radio service from Türkiye, with available listings pointing to blues, folk, and pop-rock programming. The available public material provides only a limited view of its current programming and editorial identity.",medium,low,,Available evidence is too sparse to judge the station’s editorial identity confidently.,http://www.radyoa.anadolu.edu.tr/
12,WPKN 89.5 FM,wpkn,keep_reviewed,"WPKN is a listener-supported Bridgeport community station with a volunteer-led schedule spanning music, news, public affairs, and local conversation.",high,medium,,Existing reviewed profile or strong curated summary; preserve verbatim.,https://wpkn.org
13,KXLU 88.9 FM,kxlu,keep_reviewed,"KXLU 88.9 FM is Los Angeles’s Loyola Marymount University radio station, with a volunteer and student-facing schedule that ranges across specialty music programs.",high,high,,Existing reviewed profile or strong curated summary; preserve verbatim.,https://kxlu.com/about/; https://kxlu.com/schedule/
14,Candelight,candelight,improve,"Candlelight is a Dutch online station centered on love songs and pop classics, offering a narrowly themed listening stream rather than a documented local radio service.",low,low,,The available service appears generic or redundant and lacks enough reliable detail for stronger evaluation.,http://www.candlelight.nl/
15,Le Bon Mix Radio 97.9,le-bon-mix-radio-97-9,improve,"France’s Le Bon Mix operates several ad-free online channels, combining funk, jazz, disco, electro, pop, soul, world, reggae, and rock in curated genre blends. The available public material provides only a limited view of its current programming and editorial identity.",medium,medium,,"Current copy is a slogan, scrape fragment, or insufficiently specific description.",https://www.lebonmix.radio/
16,WMFO 91.5 FM,wmfo,improve,"Tufts Freeform Radio is a university-connected station from Medford, Massachusetts, giving student programmers a platform for eclectic music and independently shaped shows. The available public material provides only a limited view of its current programming and editorial identity.",medium,medium,,"Current copy is a slogan, scrape fragment, or insufficiently specific description.",https://wmfo.org
17,RadioActive,radioactive,improve,"RadioActive is a small Greek station presenting a community-scale broadcast service, but its public materials provide limited detail about ownership, schedule, or musical policy. The available public material provides only a limited view of its current programming and editorial identity.",low,low,,Available evidence is too sparse to judge the station’s editorial identity confidently.,https://radioactivefm.gr/
18,KCRW — Eclectic 24,kcrw-eclectic24,keep_reviewed,"Eclectic24 is KCRW’s online music channel, linking the Santa Monica public-radio station’s discovery-focused music output to a continuous web stream.",high,high,,Existing reviewed profile or strong curated summary; preserve verbatim.,https://www.kcrw.com/music/shows/eclectic24; https://www.kcrw.com/about
19,BBC 6 Music,bbc-6music,keep_reviewed,"BBC 6 Music is a UK-wide BBC music network with a presenter-led mix of new releases, overlooked catalogue tracks, sessions, and specialist programmes available through BBC Sounds.",high,high,,Existing reviewed profile or strong curated summary; preserve verbatim.,https://www.bbc.co.uk/6music; https://www.bbc.co.uk/sounds/schedules/bbc_6music
20,Radio SAR - Studencka Agencja Radiowa,radio-sar-studencka-agencja-radiowa,improve,"Poland’s Radio SAR is the student station of the Silesian University of Technology, pairing a long-running campus identity with online music broadcasting. The available public material provides only a limited view of its current programming and editorial identity.",medium,medium,,"Current copy is a slogan, scrape fragment, or insufficiently specific description.",https://radiosar.pl/
21,Nostalgie New York,nostalgie-new-york,improve,"Nostalgie New York is listed as a New York-facing online stream, but the supplied site currently exposes unrelated promotional material rather than verifiable station ownership or programming.",low,low,,The available service appears generic or redundant and lacks enough reliable detail for stronger evaluation.,https://nstlgy.com/
22,FIP Groove,fip-groove,keep_reviewed,"FIP Groove is Radio France's stream for soul, funk, R&B and trip-hop, using a rhythm-centered selection that connects classic voices with later recordings.",high,high,,Existing reviewed profile or strong curated summary; preserve verbatim.,https://www.radiofrance.fr/fip/radio-groove
23,WTBU 89.3 FM,wtbu,improve,"Boston University’s WTBU is a student-run radio service whose current public listing confirms the campus connection, while detailed musical scope is not readily documented in the supplied source.",medium,low,,Available evidence is too sparse to judge the station’s editorial identity confidently.,https://spinitron.com/WTBU/
24,WPRB 103.3 FM,wprb,keep_reviewed,"WPRB is Princeton's community-supported, nonprofit freeform station, pairing student and community DJs with human-curated broadcasts and a global webstream.",high,high,,Existing reviewed profile or strong curated summary; preserve verbatim.,https://wprb.com/about/; https://www.wprbhistory.org/
25,WLUW 88.7 FM,wluw,improve,"Loyola University Chicago’s WLUW is a non-commercial campus station with a published playlist service, but the supplied source offers too little station-level context to characterize its editorial focus confidently.",medium,low,,Available evidence is too sparse to judge the station’s editorial identity confidently.,https://spinitron.com/WLUW/
26,WHRB 95.3 FM,whrb,keep_reviewed,"Harvard’s volunteer undergraduate radio corporation has served Boston for more than eight decades with classical, jazz, underground rock, news, sports, and weekend specialty programs.",high,high,,Existing reviewed profile or strong curated summary; preserve verbatim.,https://www.whrb.org/about/; https://www.whrb.org/programming/program-schedule/
27,CJSR 88.5 FM,cjsr,improve,"Edmonton’s listener-supported, volunteer-powered CJSR is a community station associated with the University of Alberta, offering a locally rooted alternative to commercial radio. The available public material provides only a limited view of its current programming and editorial identity.",high,medium,,"Current copy is a slogan, scrape fragment, or insufficiently specific description.",https://www.cjsr.com/
28,Traxx FM - Cool Jam,traxx-fm-cool-jam,improve,"Traxx FM Cool Jam is a commercial-free online channel built around smooth jazz, nu-jazz, lounge, and relaxed listening, with little evidence of a distinct presenter-led identity.",low,medium,,Generic or narrowly automated stream with limited editorial distinctiveness.,http://www.traxx.fm/
29,Radio Paradise World/ETC Mix 192k MP3,radio-paradise-world-etc-mix-192k-mp3,improve,"Radio Paradise’s World/ETC stream is part of a listener-supported internet service known for human-curated eclectic mixes, here focused on global and exploratory selections. The available public material provides only a limited view of its current programming and editorial identity.",high,high,,"Current copy is a slogan, scrape fragment, or insufficiently specific description.",https://radioparadise.com/
30,KUTX 98.9 FM,kutx,improve,"KUTX is a full-time non-commercial music station broadcasting on 98.9 FM in Austin, Texas, and streamed worldwide at kutx.org. The available public material provides only a limited view of its current programming and editorial identity.",low,low,,Available evidence is too sparse to judge the station’s editorial identity confidently.,https://kutx.org/
31,dinamo.fm sleep,dinamo-fm-sleep,improve,"Dinamo FM Sleep is a Turkish online sleep stream associated with Dinamo’s electronic and indie radio project, but public information is too sparse to establish its programming model.",low,low,,The available service appears generic or redundant and lacks enough reliable detail for stronger evaluation.,http://www.dinamo.fm/
32,SomaFM Black Rock FM (128k AAC Non-SSL),somafm-black-rock-fm-128k-aac-non-ssl,improve,"SomaFM’s Black Rock FM is an internet channel inspired by Nevada’s Black Rock Desert, translating that event and community association into a continuous electronic music stream.",medium,medium,,"Current copy is a slogan, scrape fragment, or insufficiently specific description.",http://somafm.com/brfm/
33,DKFM Classic,dkfm-classic,improve,"DKFM Classic is a Decay FM stream dedicated to shoegaze, offering a focused archive-oriented genre channel rather than a broad presenter-led station. The available public material provides only a limited view of its current programming and editorial identity.",medium,medium,,"Current copy is a slogan, scrape fragment, or insufficiently specific description.",https://decayfm.com/dkfm-classic-2/
34,Synthradio,synthradio,improve,"Synthradio is a Russian-language online stream centered on synthpop, alternative, EBM, and futurepop, with continuous electronic programming and limited public information about its editorial operation.",medium,medium,,"Current copy is a slogan, scrape fragment, or insufficiently specific description.",http://synth-radio.ru/
35,Radio Caprice - Post-rock,radio-caprice-post-rock,improve,"Radio Caprice’s Post-rock channel is a Russian automated genre stream devoted to post-rock, with public materials offering little evidence of hosts, community, or broader editorial programming.",low,low,,Generic or narrowly automated stream with limited editorial distinctiveness.,http://radcap.ru/postrock.html
36,ISEKOI Radio | Non-Stop Ambient,isekoi-radio-non-stop-ambient,improve,"ISEKOI Radio is a French online ambient stream built around continuous atmospheric listening and a cosmic-space presentation, with limited evidence of human programming beyond the channel concept.",medium,medium,,"Current copy is a slogan, scrape fragment, or insufficiently specific description.",https://isekoi-radio.com/
37,Systrum Sistum - SSR1,systrum-sistum-ssr1,improve,"Systrum Sistum SSR1 is an Australian online ambient and electronic stream offering continuous atmospheric programming, though its public source gives little detail about presenters or community.",medium,low,,Available evidence is too sparse to judge the station’s editorial identity confidently.,https://www.systrum.net/
38,SomaFM — Lush,somafm-lush,improve,"SomaFM’s Lush is a listener-supported internet channel focused on sensuous, mellow female vocals with electronic influence, a tightly defined mood stream within the SomaFM network.",medium,high,,"Current copy is a slogan, scrape fragment, or insufficiently specific description.",https://somafm.com/lush/
39,FIP World,fip-world,keep_reviewed,"FIP Monde is Radio France's world-music stream, bringing together an eclectic selection that travels across languages, regions and traditions.",high,high,,Existing reviewed profile or strong curated summary; preserve verbatim.,https://www.radiofrance.fr/fip/radio-monde
40,KPISS,rb-56241b49-2f23-4266-bdad-f4ad9a41ee24,improve,No scraped station description is currently available. The available public material provides only a limited view of its current programming and editorial identity.,low,low,,Available evidence is too sparse to judge the station’s editorial identity confidently.,
41,PANORAMA80,panorama80,improve,"Panorama80 is a German online stream tagged across 1980s synthpop, new wave, EBM, electro, and related styles, but the supplied source offers no clear evidence of human editorial programming.",low,low,,The available service appears generic or redundant and lacks enough reliable detail for stronger evaluation.,http://www.facebook.com/panorama80
42,Ambiento,ambiento,improve,"Ambiento is a Romanian online stream centered on ambient, lounge, and chillout music. Its available description identifies a narrow mood-based format, but provides little evidence of presenters, commissioning, community role, or a distinctive editorial program.",low,low,low_interest_and_insufficient_info,The station appears to be a generic mood stream and the linked site offers too little verifiable organizational context to assess a stronger editorial identity.,https://ambientoradio.com/
43,Polushon,polushon,improve,"Polushon is a Swedish online radio project whose available station identity is limited to its name and stream homepage. Without a clear schedule, about page, or stated music policy, its ownership, geography, and programming model remain difficult to describe responsibly.",low,low,low_interest_and_insufficient_info,The source is accessible as a homepage but supplies insufficient editorial or institutional information.,http://polushon.com/
44,Radio FM,radio-fm,improve,"Radio FM is a Slovak public-media FM service associated with Slovenská televízia a rozhlas. The available record establishes its broadcaster and national context, but the linked page does not provide enough English-accessible detail here to characterize its music schedule or editorial distinction.",medium,medium,insufficient_info,"Public broadcaster affiliation is clear, while the supplied station page gives limited evidence about this specific service’s programming.",https://fm.rtvs.sk/
45,"WBEZ-HD2 ""Vocalo Stream"" Chicago, IL",wbez-hd2-vocalo-stream-chicago-il,improve,"Vocalo is WBEZ’s Chicago service for urban-alternative music and NPR Music, connecting a public-radio organization to local culture and a younger, genre-fluid audience through FM and online listening.",high,high,,"The station description and Vocalo homepage clearly establish its public-radio ownership, Chicago geography, and distinctive urban-alternative/music model.",http://vocalo.org/
46,181.FM - Chilled Out (USA) 128k mp3,181-fm-chilled-out-usa-128k-mp3,improve,"181.FM Chilled Out is an online channel from the 181.FM network built around uninterrupted chillout listening. It offers a recognizable mood and format, but the available player page provides little evidence of presenters, local community, or human-led programming.",low,medium,low_interest,"A clearly identified network stream, but commercially undifferentiated and apparently automated.",http://player.181fm.com/?station=181-chilled
47,Laut.FM Synthesizer Greatest,laut-fm-synthesizer-greatest,improve,"Synthesizer Greatest is a laut.fm user-created stream focused on ambient and electronic synthesizer music. The available record identifies its genre lane, but not a host, community, schedule, or curatorial rationale that would distinguish it beyond the category.",low,medium,low_interest,A narrow single-genre stream with limited evidence of editorial authorship.,https://www.laut.fm/synthesizergreatest
48,FIP Jazz,fip-jazz,keep_reviewed,"FIP Jazz is Radio France's jazz stream, presenting the style in many forms through a mix of newer recordings and established artists, with blues in the channel's brief.",high,high,,Existing reviewed profile sourced to Radio France's FIP Jazz and overview pages.,https://www.radiofrance.fr/fip/radio-jazz;https://www.radiofrance.fr/fip
49,SomaFM — CliqHop IDM,somafm-cliqhop,improve,"SomaFM CliqHop is a listener-supported internet channel devoted to glitchy, beat-driven IDM and experimental electronic music. Its focused brief gives the stream a recognizable niche, although it remains a continuous channel rather than a locally rooted presenter-led station.",medium,high,,SomaFM publishes a distinct channel identity and nonprofit/listener-supported operating context.,https://somafm.com/cliqhop/
50,Culture Failure,culture-failure,improve,"Culture Failure is an independent online project associated with ambient, electronic, minimal, and noise music. The available homepage and tags suggest an exploratory electronic focus, but offer little reliable information about presenters, ownership, geography, or a recurring editorial program.",low,low,low_interest_and_insufficient_info,"Interesting genre signals are present, but the project is not sufficiently documented to evaluate as a station.",https://culturefailure.com/
51,Path through the Forest,path-through-the-forest,improve,"Path through the Forest is a laut.fm stream spanning alternative, avant-garde, experimental, indie, industrial, noise, psychedelic, punk, rock, and stoner music. Its breadth suggests personal curation, but the available page does not identify a host, schedule, or community context.",low,medium,low_interest,The genre range is distinctive but the service appears to be a user-created automated stream with little documented editorial infrastructure.,http://laut.fm/path_through_the_forest
52,Heavy Music Atmospheric Radio,heavy-music-atmospheric-radio,improve,"Heavy Music Atmospheric Radio is an online Russian project focused on atmospheric progressive and post-rock. Its stated aim is a concentrated listening environment for expansive heavy music, but the available material provides little evidence of presenters, ownership, or a wider editorial program.",medium,medium,insufficient_info,"The musical niche is clear, while institutional and programming evidence is sparse.",https://www.heavy-music.net/
53,Lolli Radio Happy Station,lolli-radio-happy-station,improve,"Lolli Radio Happy is one channel in an Italian digital-radio network that also offers pop, dance, hits, oldies, soft, and classic services. The network context is clear, but this channel’s specific editorial voice appears limited beyond its mood-and-format positioning.",low,medium,low_interest,A commercial multi-channel service with little evidence of host-led curation on this stream.,http://www.lolliradio.net/
54,Championshipvinyl,championshipvinyl,improve,"Championshipvinyl is a laut.fm stream oriented toward acoustic, folk, and indie-folk recordings. Its genre focus gives it a modest discovery angle, but the available page does not document presenters, geography, ownership, or a broader editorial purpose.",low,medium,low_interest,A narrow user-created genre stream without visible editorial infrastructure.,https://laut.fm/championshipvinyl
55,Radio Mela,radio-mela,improve,"Radio Mela is an Italian online stream built around 1980s and 1990s music. Its retro focus gives listeners a simple period-based entry point, while the available homepage offers little evidence of presenters, local community work, or a distinctive selection policy.",low,medium,low_interest,A generic nostalgia format with limited signs of human editorial differentiation.,http://www.radiomela.it/
56,FIP Electro,fip-electro,keep_reviewed,"FIP Electro is Radio France's electronic-music stream, balancing newer and unreleased selections with familiar catalog landmarks from the wider electronic field.",high,high,,Existing reviewed profile sourced to Radio France's FIP Electro and overview pages.,https://www.radiofrance.fr/fip/radio-electro;https://www.radiofrance.fr/fip
57,6forty Radio,6forty-radio,improve,"6forty Radio is an online music project tagged for deep indie, modern classical, post-metal, post-rock, and shoegaze. Those intersections suggest a potentially strong taste profile, but the available homepage does not establish who programs it or how the stream is curated.",medium,low,insufficient_info,"The musical combination is editorially promising, but evidence about the station and its programming is too sparse.",http://www.6fortyradio.com/
58,aNONradio,anonradio,improve,"aNONradio is an independent online radio project presenting live programs and community broadcasts, including the listed News to Me show. Its homepage indicates human-made programming, but provides limited stable information about ownership, geography, schedule breadth, or music focus.",medium,medium,insufficient_info,"There is evidence of live programming, but not enough accessible context to characterize the service fully.",http://anonradio.net/
59,Art Of Music,art-of-music,improve,"Art Of Music is an Italian online station built around soulful house, disco, soul, rare groove, funk, and nu-jazz, with DJs and music designers presented as part of the service. Its genre brief is clear, though its community and institutional role are not.",medium,medium,,"The homepage gives a defined stylistic focus and DJ-led model, but limited ownership or geographic detail.",https://artofmusic.fm/
60,ByteFM,bytefm-192k,improve,"Hamburg-based ByteFM is a moderated online radio station pairing music programming with interviews and background reporting. Its Grimme Online Award-winning profile and presenter-led model make it more editorially substantial than an automated stream, even where the individual channel is only a bitrate variant.",high,high,,"Official station copy identifies location, moderation, interviews, background information, and institutional recognition.",https://www.byte.fm/
61,CKUA Radio,ckua,improve,"CKUA is an Alberta listener-supported public-radio network whose music service connects regional Canadian broadcasting with eclectic, host-led programming. The supplied homepage clearly establishes its donation-supported model, though this record needs a fuller schedule-based description of its genres and communities.",high,medium,insufficient_info,"The organization and public-service model are clear, but the supplied copy is fundraising language rather than a programming description.",https://ckua.com
62,dinamo.fm smog,dinamo-fm-smog,improve,"Dinamo.fm Smog is a Turkish online stream associated with deep, dub, electronica, and IDM. The genre combination suggests a club-oriented electronic lane, but the available station record does not document presenters, ownership, geography, or a human programming schedule.",medium,low,insufficient_info,"A potentially distinctive niche is visible, but the evidence is limited to tags and the network homepage.",http://www.dinamo.fm/
63,East Tennessee's Own WDVX 89.9 FM,east-tennessee-s-own-wdvx-89-9-fm,improve,"WDVX is a listener-supported community station serving East Tennessee from Knoxville, with a music-led schedule rooted in local artists, Americana, roots, and live performance. Its regional identity makes it substantially more distinctive than a generic internet stream.",high,high,,"The official station homepage establishes community ownership, East Tennessee geography, and a music-centered local-service identity.",https://wdvx.com/
64,Experimental/Avant-garde music - Radio Caprice,experimental-avant-garde-music-radio-caprice,improve,"Radio Caprice’s experimental and avant-garde channel is a Russian internet stream organized around a narrow specialist category. It may suit listeners seeking unconventional music, but the available page offers little evidence of hosts, community, or editorial selection beyond the genre label.",medium,medium,low_interest,"A specialist stream with some discovery value, but no visible human or institutional editorial identity.",http://radcap.ru/playback-history/4/experimental-ph.php
65,FIP Reggae,fip-reggae,keep_reviewed,"FIP Reggae is Radio France's dedicated reggae stream, moving through roots, ska, dub and kumina while making room for both canonical and current artists.",high,high,,Existing reviewed profile sourced to Radio France's FIP Reggae and overview pages.,https://www.radiofrance.fr/fip/radio-reggae;https://www.radiofrance.fr/fip
66,Fluid Radio,fluid-radio,improve,"Fluid Radio is an online project presenting experimental frequencies and ambient-oriented music. Its name and homepage indicate a specialist listening space, but the available material does not sufficiently document ownership, presenters, geography, schedule, or the boundaries of its musical program.",medium,low,insufficient_info,"Potentially interesting specialist identity, but insufficient accessible evidence to evaluate it.",http://www.fluid-radio.co.uk/
67,JAMM FM,jamm-fm,improve,"JammFM is a Dutch local station serving Ouder-Amstel with a smooth-and-funky music brief. Its community geography and named locality give it more identity than a generic stream, although the available record does not provide enough detail about presenters, ownership, or schedule structure.",medium,medium,insufficient_info,"Local-service context is visible, but programming evidence is incomplete.",http://www.jammfm.nl/
68,Jazzloft,jazzloft,improve,"Jazzloft is a laut.fm stream combining jazz, lounge, smooth, soul, and world music. The broad easy-listening brief is clear, but the available page does not identify presenters, a locality, ownership, or a curatorial rationale beyond its genre tags.",low,medium,low_interest,A generic multi-genre stream with little evidence of an editorial institution or host community.,http://stream.laut.fm/jazzloft
69,KAOS 89.3 FM,kaos,improve,"KAOS is Evergreen State College’s Olympia radio service, connecting student and community broadcasting with an eclectic schedule of music and public-affairs programming. Its campus setting and noncommercial identity provide a stronger editorial frame than a directory-only stream.",high,high,,The station and college affiliation are official; the supplied schedule page establishes an active broadcast context.,https://spinitron.com/KAOS/
70,KCSM 91.1 FM,kcsm,improve,"KCSM Jazz 91.1 is College of San Mateo’s educational and public-radio station in the San Francisco Bay Area, centered on jazz programming and online listening. Its educational ownership and focused music remit give the service a clear institutional identity.",high,high,,"Official station description establishes college ownership, geography, public-radio status, and jazz focus.",https://kcsm.org
71,KDUR 91.9 FM,kdur,improve,"KDUR is Fort Lewis College’s noncommercial campus station in Durango, Colorado. The supplied record confirms the university connection and a published program listing, but the linked page is a schedule platform rather than enough evidence to characterize its music, community, or editorial range.",medium,medium,insufficient_info,"Institutional context is clear, but the available source is largely infrastructure documentation.",https://spinitron.com/KDUR/
72,KDVS 90.3 FM,kdvs,keep_reviewed,"UC Davis’s noncommercial, student-run station grew from a 1964 dormitory broadcast into a 24/7 FM service known for diverse, challenging, freeform programming.",high,high,,Existing reviewed profile in station-profiles/batch-5.ts; preserve verbatim.,https://kdvs.org/about;https://studentlife.ucdavis.edu/student-media
73,KFAI 90.3 FM,kfai,improve,"KFAI is a Minneapolis–Saint Paul volunteer community station serving audiences across diverse racial, social, and economic communities. Its public mission supports a broad mix of arts, information, and entertainment programming, though the supplied schedule source does not expose its music identity in detail.",high,high,,"Official station description clearly establishes volunteer governance, Twin Cities geography, and community-service mission.",https://spinitron.com/KFAI/
74,KSJS 90.5 FM,ksjs,improve,"KSJS is San José State University’s student-run 90.5 FM station, broadcasting new and independent music alongside campus radio programming. Its long-running university setting and student operation provide a clear community identity, though the supplied page gives limited genre detail.",high,medium,insufficient_info,"Ownership, location, and student model are clear; the available source needs a fuller current schedule for music characterization.",https://spinitron.com/KSJS/
75,KTUH 90.3 FM,ktuh,improve,"KTUH is the University of Hawaiʻi at Mānoa’s noncommercial, student-run and listener-supported station in Honolulu, founded in 1969 as Hawaiʻi’s first noncommercial FM service. Its campus origin and island setting are central to its identity, though the supplied source gives limited music detail.",high,high,,"Official station description establishes ownership, Honolulu geography, history, and operating model.",https://spinitron.com/KTUH/
76,KUCR 88.3 FM,kucr,keep_reviewed,"KUCR is the University of California, Riverside’s campus radio service, connecting student-media broadcasting with the Inland Empire community and an online audience.",medium,high,,Existing reviewed profile sourced to UC Riverside and KUCR pages; preserve verbatim.,https://ucr.edu/about-ucr;https://kucr.org/
77,KZSC 88.1 FM,kzsc,improve,"KZSC is UC Santa Cruz’s student and community station, broadcasting from the redwood-covered campus toward the wider Monterey Bay region. Its campus-community model and freeform college-radio setting are clear, while the supplied page offers little detail about current music specialties.",high,medium,insufficient_info,"The station identity and geography are established, but the schedule source is insufficient for a more specific programming description.",https://spinitron.com/KZSC/
78,SomaFM CliqHop IDM (256k MP3),somafm-cliqhop-idm-256k-mp3,improve,"SomaFM CliqHop is a listener-supported internet channel devoted to glitchy, beat-driven IDM and experimental electronic music. This 256k stream is a technical variant of the same focused service, not a separate editorial station.",medium,high,,The official SomaFM channel page documents the distinctive format and network context; the slug is a bitrate duplicate.,https://somafm.com/cliqhop/
79,SomaFM DEF CON Radio (128k AAC),somafm-def-con-radio-128k-aac,improve,"SomaFM DEF CON Radio is a listener-supported internet channel pairing electronic music with a year-round hacking and computer-security culture brief. Its subject-specific concept is distinctive, although this AAC stream is a technical variant rather than a separate station.",high,high,,"Official channel page establishes the DEF CON theme, music service, and SomaFM network model.",https://somafm.com/defcon/
80,SomaFM SF 10-33 (128k MP3),somafm-sf-10-33-128k-mp3,improve,"SomaFM SF 10-33 is a listener-supported San Francisco channel that mixes ambient music with public-safety radio traffic. The unusual sound-design concept gives it a distinctive place in the network, while this MP3 entry is a technical stream variant.",high,high,,Official channel page explicitly describes the ambient and San Francisco public-safety audio concept.,https://somafm.com/sf1033/
81,SomaFM — Sonic Universe,somafm-sonicuniverse,improve,"SomaFM Sonic Universe is a listener-supported internet channel for eclectic, avant-garde approaches to jazz. Its specialist remit gives the stream a clear discovery identity, though it remains a continuous online channel rather than a geographically rooted presenter-led station.",medium,high,,Official channel page provides a distinctive jazz brief and SomaFM context.,https://somafm.com/sonicuniverse/
82,Systrum Sistum - SSR2,systrum-sistum-ssr2,improve,"Systrum Sistum SSR2 is an Australian online channel presenting ambient and electronic music. The service offers a focused atmospheric listening proposition, but the available homepage does not provide enough information about presenters, ownership, geography, schedule, or a broader editorial mission.",medium,medium,insufficient_info,"The genre identity is clear, while evidence of human programming and institutional context is sparse.",https://www.systrum.net/
83,WKNC 88.1 FM,wknc,keep_reviewed,NC State student radio WKNC 88.1 FM combines student-led alternative programming with separate HD-1 and HD-2 schedules for indie and electronic music.,high,high,,Existing reviewed profile; preserve verbatim,https://wknc.org/about/;https://wknc.org/schedule/hd-1/
84,100% ACID JAZZ,100-acid-jazz,improve,"A TorontoCast Radio Suite Network stream devoted to acid jazz, with the available station page identifying a narrow genre channel but providing little evidence of presenters, ownership, or local community.",low,low,low_interest_and_insufficient_info,The page identifies only a genre stream and network host; no distinctive editorial structure is evident.,https://radiosuitenetwork.torontocast.stream/100-acid-jazz/
85,12XU,12xu,improve,"12XU is a German online station whose public identity points toward punk and underground music, but its available page offers too little verified information about operators, schedule, or community to characterize the service confidently.",medium,low,insufficient_info,The official-looking homepage is sparse and the supplied copy is a slogan rather than an accountable station description.,http://onetwoxu.de/
86,1LIVE Fiehe,1live-fiehe,improve,"A WDR 1LIVE specialist programme hosted by Klaus Fiehe, known for selecting adventurous electronic, beat-driven, and left-field music within a public-broadcast schedule rather than running as a standalone station.",high,high,,Distinctive presenter-led programme with a clear public-broadcast home and documented musical remit.,https://www1.wdr.de/radio/1live/on-air/sendungen/1live-fiehe/index.html
87,24-7 Psychedelic Rock,24-7-psychedelic-rock,improve,"A 24-7 Niche Radio stream focused on psychedelic rock, offering a tightly defined genre listen but no clear evidence on the public page of presenters, local community, or a broader editorial programme.",low,medium,low_interest,The service appears to be an automated single-genre stream with little visible human curation.,https://24-7nicheradio.com/audiogallery/24-7-psychedelic/
88,8Ball Radio,8ball-radio,improve,"8-Ball Radio is a New York community-based online station associated with the 8-Ball community, giving local and independent music a platform through a human-facing radio project rather than a generic genre stream.",high,medium,,Community identity is clear; the available station page documents less programming detail than the strongest reviewed profiles.,https://8ballradio.nyc/
89,Amazing Radio,amazing-radio,keep_reviewed,"Amazing Radio is an online station built around discovering new music, pairing a live stream with hosted programmes and an artist-focused listening experience.",high,high,,Existing reviewed profile; preserve verbatim,https://amazingradio.com/about;https://amazingradio.com/schedule;https://amazingradio.com/
90,Ambient Modern,ambient-modern,improve,"Ambient Modern is an internet station centered on contemporary ambient music, offering a focused listening stream whose public description establishes the genre but not a presenter roster, ownership model, or community role.",low,medium,low_interest,"A single-genre service is identifiable, but no stronger editorial distinction is documented.",https://ambientmodern.com/
91,ambient.fm,ambient-fm,improve,"ambient.fm presents ambient music from Nevada through an online stream, with a useful geographic label but limited public evidence about programming, hosts, ownership, or how human selection shapes the channel.",low,low,low_interest_and_insufficient_info,The homepage establishes location and genre only; the service is difficult to evaluate editorially.,https://ambient.fm/
92,AmbientRadio (MRG.fm),ambientradio-mrg-fm,improve,"AmbientRadio is one of MRG.fm’s genre-oriented online channels, built for continuous ambient listening; the public network page provides little information about presenters, programming decisions, or a distinct community beyond the format label.",low,low,low_interest_and_insufficient_info,Network directory evidence is too thin to distinguish this channel from an automated genre feed.,https://www.mrg.fm/
93,Anon.FM,anon-fm,improve,"Anon.FM is a Russian noncommercial online project launched in 2009 that invites people to present music, voices, and talents, giving the station a participatory premise beyond its broad and changing programme.",medium,medium,,The supplied station account supports a community model; current schedule and operational details are limited.,https://anon.radio.fm/
94,Avant-Prog/Rock in Opposition/Canterbury Scene/Zeuhl - Radio Caprice,avant-prog-rock-in-opposition-canterbury-scene-zeuhl-radio-caprice,improve,"Radio Caprice’s specialist channel isolates avant-prog, Rock in Opposition, Canterbury, and zeuhl for listeners seeking a narrow art-rock catalogue, but the public page gives little evidence of presenters or a broader editorial institution.",medium,low,low_interest_and_insufficient_info,"Distinctive niche, but the available evidence describes tags and format rather than human programming.",http://radcap.ru/avantprog.html
95,Basspistol Radio,basspistol-radio,improve,"Basspistol Radio is a Swiss online project framed around underground and outernational music, with a deliberately cross-border outlook; its public page supports the concept but gives limited detail on schedule, hosts, and governance.",medium,medium,insufficient_info,"The station has a potentially distinctive remit, yet the accessible evidence is mostly positioning language.",https://basspistol.com/radio
96,bauhaus.fm,bauhaus-fm,improve,"bauhaus.fm is the experimental radio of Bauhaus-Universität Weimar, broadcasting from the university’s 106.6 FM project and connecting student or local creative work with experimental music and cultural programming.",high,high,,University setting and experimental remit provide a clear editorial identity; current schedule detail may change.,https://www.uni-weimar.de/projekte/bauhaus-fm
97,Black Rhino Radio,black-rhino-radio,improve,"Black Rhino Radio is a Romanian online station with an independent music and culture profile, but its accessible homepage offers too little verified detail about ownership, geography beyond Romania, presenters, or the shape of its current schedule.",medium,low,insufficient_info,"The station appears culturally oriented, but the available evidence is not enough for a precise editorial account.",https://blackrhinoradio.com/
98,Cashmere Radio,cashmere-radio,keep_reviewed,"Cashmere Radio is a community experimental radio station based in Lichtenberg, Berlin, broadcasting underground music, talk shows and live performative arts.",high,high,,Existing reviewed station copy is already specific and editorial; preserve its current wording,https://cashmereradio.com/
99,Chill Lounge Florida (USA) 128k mp3,chill-lounge-florida-usa-128k-mp3,improve,"Chill Lounge Florida is an online stream labeled around ambient, chillout, and lounge listening, with the relay URL offering no reliable evidence of presenters, ownership, community, or a distinctive editorial programme.",low,low,low_interest_and_insufficient_info,The source is a stream endpoint with scraped tags rather than an accountable station page.,https://vip2.fastcast4u.com/proxy/chillfla?mp=/1
100,CJLO 1690AM,cjlo,keep_reviewed,"Concordia University’s volunteer radio station serves Montréal in English and French, combining online broadcasting with a 1690 AM signal and a wide campus-community schedule.",high,high,,Existing reviewed profile; preserve verbatim,https://www.cjlo.com/about;https://www.cjlo.com/schedule
101,Concertzender De Gehoorde Stilte,concertzender-de-gehoorde-stilte,improve,"Concertzender’s De Gehoorde Stilte is a Dutch specialist programme for contemporary and adventurous music, part of a broader listener service whose editorial value comes from curatorial depth rather than a single automated genre loop.",high,medium,,Parent station and programme identity are clear; the page provides less operational detail than a full station profile.,https://www.concertzender.nl/programma_genre/hedendaagse-muziek/
102,Concertzender X-Rated,concertzender-x-rated,improve,"Concertzender X-Rated is a Dutch specialist stream within the Concertzender network, built for adventurous cross-genre listening and programme-led discovery rather than conventional format radio.",high,medium,,The parent network supplies meaningful editorial context; the channel page is sparse about current hosts.,https://www.concertzender.nl/programma_genre/crosslinks/
103,CoSTa's Ambient Radio,costa-s-ambient-radio,improve,"CoSTa’s Ambient Radio is an online stream tagged for ambient, electronic, and psybient music, but its relay page provides no dependable information about presenters, ownership, locality, or a human editorial schedule.",low,low,low_interest_and_insufficient_info,The available evidence is limited to scraped genre metadata and a stream endpoint.,https://pc.costa-server.info.pl:11020/public/costas_ambient_radio
104,Cryosleep,cryosleep,improve,"Cryosleep is an Echoes of Bluemars ambient stream built for calm, beatless, space-themed listening, with the project’s surrounding site providing more context than a generic relay but little evidence of live presenters.",medium,medium,low_interest,"Its space-ambient concept is distinctive, but the service appears primarily continuous and automated rather than programme-led.",http://www.echoesofbluemars.org/cryosleep.php
105,DARK ZERO RADIO,dark-zero-radio,improve,"DARK ZERO RADIO is a German online station focused on darkwave, EBM, gothic, industrial, post-punk, and adjacent alternative scenes, presenting a coherent underground format with limited evidence of community beyond the genre brief.",medium,medium,,The station has a defined musical world and founding claim; its editorial structure is less documented than community stations.,https://dark-zero-radio.com/
106,Darksynth Radio,darksynth-radio,improve,"Darksynth Radio is a laut.fm channel centered on dark synth, synthpop, darkwave, and related electronic styles, offering a focused mood and era palette but little evidence of presenters or independent editorial infrastructure.",low,medium,low_interest,"A tightly bounded genre stream is identifiable, but it is not clearly differentiated from other automated platform channels.",https://laut.fm/darksynthradio
107,DEEP IN SPACE,deep-in-space,improve,"DEEP IN SPACE is a Russian online project presenting music for imagined space travel, a strong atmospheric concept whose public materials provide little information about hosts, ownership, schedule, or community programming.",medium,low,insufficient_info,"The concept is memorable, but the evidence does not support a fuller editorial description.",https://deepinspace.ru/
108,Deep Radio,deep-radio,improve,"Deep Radio is a Dutch online dance station that describes nearly two decades of continuous dance-music broadcasting, but its public presentation offers limited detail on presenters, programming choices, or a community beyond the genre service.",low,medium,low_interest,"Longevity is notable, yet the available description remains broadly interchangeable with a commercial dance stream.",https://deep.radio/
109,DJ 666 Geordieblackcore,dj-666-geordieblackcore,improve,"DJ 666 Geordieblackcore is a laut.fm channel assembled around black metal, crust, death metal, grindcore, punk, and related extreme styles, with a sharply defined taste but little evidence of a wider editorial operation.",medium,low,low_interest_and_insufficient_info,The genre list is distinctive but comes from scraped tags and does not establish human programming.,https://laut.fm/dj666geordieblackcore
110,Dublab,dublab,keep_reviewed,"Los Angeles nonprofit dublab has broadcast since 1999, presenting DJ-led shows, an online schedule, and an archive of sets, projects, and other station work.",high,high,,Existing reviewed profile; preserve verbatim,https://dublab.com/about/;https://dublab.com/schedule;https://dublab.com/archive
111,EBM,ebm,improve,"EBM is a Flatlines Radio channel focused on darkwave, electronic body music, industrial, and related new-wave territory, but the public evidence does not establish hosts, ownership, or a broader editorial programme.",low,low,low_interest_and_insufficient_info,"The identity is a genre label attached to a platform stream, with little accountable information.",https://flatlinesradio.de/
112,Echoes of Bluemars,echoes-of-bluemars,improve,"Echoes of Bluemars is an ambient internet project organized around spacious, cinematic, and space-themed listening, with a recognizable concept but limited public evidence of presenters or community programming.",medium,medium,low_interest,"The imaginative theme is distinctive, while the channel appears largely continuous rather than human-programmed.",http://www.echoesofbluemars.org/bluemars.php
113,ElectroZombies,electrozombies,improve,"ElectroZombies is a German synth-pop culture site and stream-oriented project covering classic and contemporary synth pop through music videos, album reviews, and related listening, rather than a clearly documented community station.",medium,medium,insufficient_info,"Editorial publishing is evident, but the exact relationship between website, stream, and station schedule is unclear.",https://electrozombies.com/
114,Elektronisch Querbeat,elektronisch-querbeat,improve,"Elektronisch Querbeat is a laut.fm electronic channel tagged for abstract, ambient, broken beat, dubstep, glitch, and IDM, offering broad experimental texture but little evidence of presenters or a distinct operating community.",low,low,low_interest_and_insufficient_info,The available record is a tag list and platform page rather than editorial documentation.,http://laut.fm/elektronisch_querbeat
115,EPIC CLASSICAL - Classical Dinner,epic-classical-classical-dinner,improve,"EPIC CLASSICAL Classical Dinner is a German online stream combining classical, piano, jazz, ambient, and lounge cues for background listening, with the network page offering little evidence of presenters or a distinct editorial voice.",low,low,low_interest_and_insufficient_info,The broad mood-service description suggests automated listening rather than a differentiated programme.,https://epic-classical.com/
116,EPIC CLASSICAL - Classical Oldies,epic-classical-classical-oldies,improve,"EPIC CLASSICAL Classical Oldies is a genre stream for older classical and piano selections with ambient, jazz, and lounge adjacency, but its public network page does not document hosts or a meaningful community model.",low,low,low_interest_and_insufficient_info,The channel is a narrowly packaged network stream with sparse editorial evidence.,https://epic-classical.com/
117,EPIC CLASSICAL - Classical Study,epic-classical-classical-study,improve,"EPIC CLASSICAL Classical Study is a background-oriented stream blending classical, piano, ambient, jazz, and chillout cues, with no clear public evidence of presenters, curation policy, or community beyond the network brand.",low,low,low_interest_and_insufficient_info,The supplied tags and network homepage do not support a richer editorial account.,https://epic-classical.com/
118,Euro Smooth Jazz,euro-smooth-jazz,improve,"Euro Smooth Jazz is a German-facing online stream and information page for contemporary smooth jazz, with playlist and current-song framing but little evidence of presenters, ownership, or a distinctive community role.",low,medium,low_interest,The service is a conventional single-genre stream whose public identity is primarily format-based.,http://eurosmoothjazz.com/
119,Experimentalgems,experimentalgems,improve,"Experimentalgems is a laut.fm channel tagged for ambient, drone, avant-garde, electronic, and experimental jazz, suggesting a potentially interesting niche but providing little evidence of presenters or programming decisions.",medium,low,insufficient_info,"The music territory is distinctive, but the only substantial evidence is scraped metadata.",https://laut.fm/experimentalgems
120,FBi Radio,fbi-radio,keep_reviewed,"Sydney’s independent community station FBi Radio broadcasts on 94.5 FM and online, with a volunteer-led brief to champion emerging local music, arts, and culture.",high,high,,Existing reviewed profile; preserve verbatim,https://www.fbi.radio/about-us;https://www.fbi.radio/schedule
121,Flatlines Radio,flatlines-radio,improve,"Flatlines Radio is a German online service spanning darkwave, EBM, gothic, industrial, post-punk, metal, and neofolk, with a coherent alternative palette but limited public evidence of hosts or community programming.",medium,medium,low_interest,"The genre world is clear, but the service appears primarily format-driven and its editorial structure is not well documented.",https://www.flatlinesradio.de/
122,GDS.FM,gds-fm,improve,"GDS.FM is a Swiss platform for local music makers and nightlife culture, broadcasting without commercial interruptions since 2014 and connecting the country’s club and independent scenes to online radio.",high,medium,,The supplied station account supports a strong cultural mission; current programme and organizational details need further verification.,http://www.gds.fm/
123,Glacer FM,glacer-fm,keep_reviewed,"Glacer FM is an internet station focused on unsigned and independent artists, with genre channels covering alternative, jazz, electronic, rock, hip-hop, R&B, and world music.",high,high,,Existing reviewed profile; preserve verbatim,https://www.glacerfm.com/about-us/;https://www.glacerfm.com/;https://www.glacerfm.com/glacer-underground/
124,HEXX 9 Radio,hexx-9-radio,improve,"HEXX 9 Radio is an online experimental stream associated with dark ambient, occult, tape, EVP, and death-oriented sound. Its public-facing description is highly stylized, but does not establish an identifiable organization, location, or human programming structure.",low,low,low_interest_and_insufficient_info,"The homepage offers evocative fragments rather than verifiable station, ownership, schedule, or programming information.",http://hexx9.com/
125,HighFi Dream,highfi-dream,improve,"HighFi Dream is a U.S. HD4 radio stream presenting a curated music service under the HighFi Dream name. The available description identifies the broadcast outlet and curation claim, but supplies little about its programmers, community role, or musical point of view.",low,low,low_interest_and_insufficient_info,The public page provides a format label and slogan but not enough editorial or institutional detail to evaluate the service.,https://highfidream.com/
126,Hirschmilch Radio,hirschmilch-radio,improve,"Hirschmilch Radio is a German online channel centered on ambient, chillout, and relaxation listening. The stream has a clear mood-based format, but the available channel endpoint does not document an editorial team, schedule, ownership, or distinctive community context.",low,low,low_interest_and_insufficient_info,Evidence is limited to a stream URL and scraped genre tags; this appears to be a narrowly formatted channel rather than a documented editorial station.,https://hirschmilch.de:7001/chillout.mp3
127,Journeyscapes Radio,journeyscapes-radio,improve,"Journeyscapes Radio is a Canadian internet station for ambient, space, downtempo, ethno-electronica, and related listening. Its site also points to music reviews and artist interviews, suggesting more than an automated stream, though ownership, location, and schedule details remain limited.",medium,medium,,The official homepage describes multiple editorial activities beyond the stream but provides limited institutional context.,https://www.journeyscapesradio.com/
128,Kapitał,kapita,improve,"Kapitał is a Polish community web radio presenting itself as a collective platform rather than a conventional commercial broadcaster. Its name and community positioning are clear, but the available homepage evidence does not establish its city, schedule, ownership, or particular musical focus.",medium,low,insufficient_info,The official site identifies a community-radio model but offers too little accessible detail to characterize its editorial range responsibly.,https://radiokapital.pl/
129,KCHUNG Radio,rb-b58a4aaa-d5be-4925-be71-f69d1cccc13f,keep_reviewed,"KCHUNG is an artist-run cooperative and community station based in Los Angeles’s Chinatown, broadcasting music, sound, art, and civic conversation online and on low power.",high,high,,Existing reviewed profile; preserve its sourced editorial summary verbatim.,https://kchungradio.org/about
130,KFJC 89.7 FM,kfjc,improve,"KFJC is Foothill College’s volunteer-run station in Los Altos Hills, California, serving the Bay Area with freeform shows spanning new music, audio art, and experimental sound. Its human-presenter model and broad specialty remit make it more distinctive than a format stream.",high,high,,The station homepage documents college affiliation," volunteers; freeform programming, geography, and experimental output.,https://kfjc.org"
131,Kiosk Radio,kiosk-radio,improve,"Kiosk Radio is a Brussels community web station broadcasting from a wooden kiosk in the Parc Royal. Founded in 2017, it uses a presenter- and guest-led schedule that moves across genres, with the physical kiosk giving its online service a distinctive civic identity.",high,high,,The official homepage documents the Brussels location," founding period; community model, and genre-fluid live programming.,https://www.kioskradio.com/"
132,Kool FM,kool-fm,keep_reviewed,"Kool FM is Rinse’s London channel for drum and bass, jungle, and related bass music, with specialist shows and a schedule built around DJs and scene contributors.",high,high,,Existing reviewed profile; preserve its sourced editorial summary verbatim.,https://www.rinse.fm/channels/kool
133,KUVO 89.3 FM,kuvo,keep_reviewed,"Denver’s KUVO Jazz is a nonprofit 89.3 FM service of Rocky Mountain Public Media, founded in 1985 and built around jazz, blues, and related cultural programming.",high,high,,Existing reviewed profile; preserve its sourced editorial summary verbatim.,https://www.kuvo.org/; https://www.rmpm.org/about/
134,Lahmacun Radio,lahmacun-radio,improve,"Lahmacun Radio is an online music-and-culture service from Budapest, operating since 2018. Its public description establishes a local independent identity, but does not provide enough accessible schedule or organizational detail to explain how its music programming is selected.",medium,medium,insufficient_info,"The official homepage gives name, place, and start date but limited information about ownership, presenters, or musical remit.",https://lahmacun.hu/
135,laut.fm - Dark Sound United,laut-fm-dark-sound-united,improve,"Dark Sound United is a laut.fm channel assembled around black metal, gothic rock, industrial, new wave, synthpop, and adjacent dark music. Its genre lane is legible, but the available page does not identify human programmers or a community beyond the platform-hosted stream.",low,low,low_interest_and_insufficient_info,A platform page and scraped tags establish genre only; no independent editorial identity or schedule is evident.,https://laut.fm/dark-sound-united
136,laut.fm - Shamanic Tunes,laut-fm-shamanic-tunes,improve,"Shamanic Tunes is a laut.fm channel combining psychedelic, stoner, and hard rock with adjacent chillout, doom, and trip-hop tags. The channel has a recognizable mood and genre cluster, but no accessible evidence of presenters, ownership, or a broader editorial project.",low,low,low_interest_and_insufficient_info,The source is a platform page with scraped tags and no documented human programming model.,https://laut.fm/shamanic_tunes
137,Laut.FM Chillout-Radio,laut-fm-chillout-radio,improve,"Laut.FM Chillout-Radio is a Germany-linked internet channel focused on ambient and space-oriented chillout music. It offers a narrowly defined listening mood, but the available public material does not establish who programs it or what distinguishes it from other automated relaxation streams.",low,low,low_interest_and_insufficient_info,Only platform metadata and genre tags are available.,https://laut.fm/chilloutradio
138,laut.fm Schwarze Szene,laut-fm-schwarze-szene,improve,"Schwarze Szene is a laut.fm channel for darkwave, gothic, industrial, medieval, metal, neofolk, and related dark music. The genre territory is clear, but the available platform page does not document presenters, ownership, schedule, or a distinctive community role.",low,low,low_interest_and_insufficient_info,Evidence is limited to scraped tags on a hosting platform.,http://laut.fm/schwarzeszene
139,Laut.FM Shoegaze,laut-fm-shoegaze,improve,"Laut.FM Shoegaze is a platform-hosted channel built around shoegaze and neighboring dream-pop, post-punk, indie, ambient, and electronic sounds. Its specialist focus is apparent, but no accessible material identifies human curators, an organization, or programming beyond the genre list.",low,low,low_interest_and_insufficient_info,The listing supplies genre tags only and does not support a richer editorial account.,https://laut.fm/shoegaze
140,Le Grigri,le-grigri,improve,"Le Grigri is a French music publication and radio project presenting live tracks, artist selections, and carte-blanche programming. Its homepage shows active editorial features and cultural coverage, but the available extract does not clearly state its city, ownership, or regular broadcast structure.",medium,medium,insufficient_info,The official site contains evidence of editorial activity but is difficult to evaluate from the accessible homepage extract.,https://www.le-grigri.com/
141,LYL Radio,lyl-radio,improve,"LYL Radio is a French online station whose public-facing identity is centered on human-led music programming and a broad independent scene. The accessible homepage supplies too little detail about its base, ownership, schedule, or specific musical communities to support a more precise summary.",medium,low,insufficient_info,The homepage resolves to a minimal presentation with no enough accessible institutional or programming detail.,https://lyl.live/
142,MDR Sputnik Insomnia,mdr-sputnik-insomnia,improve,"MDR Sputnik Insomnia is a German broadcaster’s late-night music concept built around melancholic, psychedelic, and slow selections. The mood is distinctive, but the available page does not explain the show’s current schedule, presenters, or editorial relationship to MDR Sputnik in enough detail.",medium,medium,insufficient_info,"A broadcaster page and scraped descriptors identify the concept, but evidence for current editorial structure is sparse.",http://sputnik.de/sendungen/musikspecials/sputnik-insomnia--100.html
143,Melodies Web Radio,melodies-web-radio,improve,"Melodies Web Radio is a Greek online channel associated with ambient, relaxation music, and jazz. Its mood-based remit is clear from the available listing, but the public material does not establish its programmers, location beyond country, ownership, or a distinctive editorial approach.",low,low,low_interest_and_insufficient_info,The accessible source is a basic site with scraped genre information and little evidence of human curation.,https://melodieswebradio.wixsite.com/
144,Memory Lane | NTS,memory-lane-nts,improve,"Memory Lane is an NTS Infinite Mixtape built as a continuous online selection rather than a separately documented station. Its archival, mood-driven concept fits NTS’s curated listening tools, but the page offers little information about a permanent host, schedule, or independent identity.",medium,medium,insufficient_info,The official page establishes an NTS mixtape but not enough detail to evaluate it as a standalone station.,https://www.nts.live/infinite-mixtapes/memory-lane
145,Modular-Station,modular-station,improve,"Modular Station is a French online radio project organized around modular music and electronic listening. The title establishes a specialist focus, but the accessible public description does not sufficiently document its programmers, location, schedule, ownership, or relationship to a wider music community.",medium,low,insufficient_info,"The official homepage is sparse, leaving the station’s editorial model difficult to evaluate.",https://modular-station.com/
146,NEOFOLK,neofolk,improve,"NEOFOLK is a Germany-linked channel focused on neofolk and adjacent darkfolk, experimental, industrial, pagan, and post-punk music. The specialist territory is clear, but the available page does not identify a programming team, schedule, ownership, or community context beyond the genre catalog.",low,low,low_interest_and_insufficient_info,The source exposes genre tags but little evidence of an independent editorial organization.,https://flatlinesradio.de/
147,Netil Radio,netil-radio,improve,"Netil Radio is a London online station built around residents, shows, and DJs, with programming framed through personal stories and lives spent in music. That community-led premise is distinctive, although the available source supplies limited detail about its current schedule and ownership.",high,medium,,The official description clearly establishes a human and place-based programming model," even though the accessible evidence is brief."";http://netilradio.com/"
148,Nightride FM - Datawave,nightride-fm-datawave,improve,"Nightride FM’s Datawave channel is an online synthwave and cyberpunk stream spanning retrowave, darksynth, EBM, drum and bass, techno, and related electronic styles. Its scene focus is clear, but the public description does not establish presenters, ownership, or a broader editorial program.",low,medium,low_interest,The official page supports a focused genre stream but provides little evidence of human or community programming.,https://nightride.fm/
149,OFFradio (320),offradio-320,improve,"OFFradio is a Greek online station that has presented music streaming from 2008. Its public description emphasizes a popular continuous service, but does not provide enough accessible information about presenters, ownership, location, schedule, or musical selection to characterize a stronger editorial identity.",low,low,low_interest_and_insufficient_info,The homepage offers a longevity and popularity claim but little verifiable programming detail.,http://offradio.gr/
150,p-node,p-node,improve,"p-node is a French hybrid radio and streaming platform whose identity sits between broadcast, networked media, and experimental online infrastructure. The available homepage establishes that hybrid model, but gives too little accessible information about its programmers, geography, or musical focus.",medium,low,insufficient_info,The official site identifies an unusual platform model but does not expose enough detail for a confident music description.,https://p-node.org/
151,Planet Ambi HD,planet-ambi-hd,improve,"Planet Ambi HD is a Switzerland-linked 24-hour ambient stream designed for relaxation and sleep, emphasizing beatless soundscapes. Its use case and musical focus are explicit, but there is no accessible evidence of presenters, a community, or a distinctive editorial selection process.",low,medium,low_interest,"This is a clearly labeled functional ambient stream, but not an evidently differentiated human-curated station.",https://planetambi.com/
152,Play Emotions,play-emotions,improve,"Play Emotions is an Italian-linked online channel associated with ambient, chillout, and relaxing music. The mood-based format is apparent from the available metadata, but the public record does not identify its organization, location, presenters, schedule, or musical point of view.",low,low,low_interest_and_insufficient_info,Only scraped tags and no reliable editorial or institutional context are available., 
153,psyradio * fm - progressive,psyradio-fm-progressive,improve,"PSYRadio’s Progressive channel is an online stream for psychedelic electronic music, operating within a four-channel network that also includes psytrance, chillout, and alternative feeds. Its multi-channel structure is useful context, though the available page does not identify individual programmers or a community base.",medium,medium,,"The official network page documents the channel family and programming categories, but not a deeper organization or presenter model.",http://psyradio.fm/
154,PsyRadio Chillout,psyradio-chillout,improve,"PsyRadio Chillout is the chillout stream in PSYRadio’s four-channel online network, alongside progressive, psytrance, and alternative services. It offers a clear psychedelic-electronic listening lane, but the available official description does not establish presenters, ownership, or a distinctive editorial community.",low,medium,low_interest,The channel is a narrowly defined companion stream with limited evidence of human programming.,http://psyradio.fm/
155,PsyStream,psystream,improve,"PsyStream is a UK-linked online channel focused on progressive, psychedelic, psytrance, and trance music. Its genre territory is identifiable, but the available public source does not document presenters, ownership, schedule, or a curatorial approach beyond the format labels.",low,low,low_interest_and_insufficient_info,The accessible evidence is a genre listing rather than a documented editorial station.,http://psymusic.co.uk/
156,RADCAP: AMBIENT DUB,radcap-ambient-dub,improve,"RADCAP’s Ambient Dub channel is a Russian genre stream dedicated to ambient dub. It belongs to the Radio Caprice network of narrowly labeled channels, but the available page offers no evidence of presenters, community participation, or a selection process beyond continuous genre programming.",low,medium,low_interest,"The network and channel remit are identifiable, but the service is editorially undifferentiated from an automated specialist feed.",http://radcap.ru/ambientdub.html
157,RADCAP: ATMOSPHERIC / AMBIENT BLACK METAL,radcap-atmospheric-ambient-black-metal,improve,"RADCAP’s Atmospheric/Ambient Black Metal channel is a Russian Radio Caprice stream focused on atmospheric and ambient black metal. Its specialist genre is precise, but the available page does not document human hosts, schedule, ownership beyond the network, or a wider scene role.",low,medium,low_interest,A narrowly labeled network stream with no accessible evidence of a distinct programming organization.,http://radcap.ru/aabmds.html
158,RADCAP: DRONE AMBIENT,radcap-drone-ambient,improve,"RADCAP’s Drone Ambient channel is a Russian Radio Caprice stream devoted to drone and ambient music. The format is unambiguous, but the available channel page does not identify presenters, community, schedule, or curatorial practices beyond continuous genre delivery.",low,medium,low_interest,The stream is a narrow network genre channel and appears commercially and editorially undifferentiated.,http://radcap.ru/droneambient.html
159,RADCAP: INDUSTRIAL / DARK / RITUAL AMBIENT,radcap-industrial-dark-ritual-ambient,improve,"RADCAP’s Industrial/Dark/Ritual Ambient channel is a Russian Radio Caprice stream for dark ambient and industrial-adjacent sound. Its thematic territory is specific, but the accessible page provides no evidence of hosts, community, or a distinct editorial process beyond the genre label.",low,medium,low_interest,The network channel has a clear mood but little evidence of human-led programming.,http://radcap.ru/darkambient.html
160,Radio Caprice - Avant-Garde Jazz / Free Improvisation [2],radio-caprice-avant-garde-jazz-free-improvisation-2,improve,"Radio Caprice’s Avant-Garde Jazz/Free Improvisation channel is a Russian network stream for experimental jazz. The specialist remit may interest listeners seeking a narrow catalog, but the available source does not identify hosts, schedule, community, or curation beyond continuous genre programming.",low,medium,low_interest,A precise but apparently automated network channel with no documented editorial organization.,http://radcap.ru/avantgardejazz.html
161,Radio Caprice - Experimental Techno [2],radio-caprice-experimental-techno-2,improve,"Radio Caprice’s Experimental Techno channel is a Russian network stream focused on experimental electronic music. Its genre target is clear, but the public channel page does not document presenters, schedule, ownership beyond Radio Caprice, or a distinctive human editorial model.",low,medium,low_interest,The channel is a narrow specialist feed with no accessible evidence of human-led programming.,http://radcap.ru/exptechno.html
162,Radio Caprice - Folk Death Metal,radio-caprice-folk-death-metal,improve,"Radio Caprice’s Folk Death Metal channel is a Russian network stream dedicated to the intersection of folk and death metal. The unusual genre pairing gives it some discovery value, but the available page does not show presenters, schedule, community, or curation beyond continuous network delivery.",medium,medium,low_interest,"The niche is distinctive, but the channel remains an undocumented genre feed rather than an evident editorial station.",http://radcap.ru/folkdeathmetal.html
163,Radio Caprice - Psychedelic Folk,radio-caprice-psychedelic-folk,improve,"Radio Caprice’s Psychedelic Folk channel is a Russian network stream focused on psychedelic folk. Its narrow musical premise is legible, but the accessible page does not identify hosts, schedule, organization beyond Radio Caprice, or a human selection process.",low,medium,low_interest,The channel has a precise genre label but no documented editorial structure.,http://radcap.ru/psychfolk.html
164,Radio Caprice: Ambient,radio-caprice-ambient,improve,"Radio Caprice’s Ambient channel is a Russian network stream devoted to ambient music. It is easy to understand as a focused listening utility, but the available page does not establish presenters, community, schedule, or a distinct editorial identity beyond continuous genre programming.",low,medium,low_interest,A narrow network stream with insufficient evidence of human-led programming or differentiation.,http://radcap.ru/ambient.html
165,Radio Centraal 106.7FM,radio-centraal-106-7fm,improve,"Brussels community radio with a long-running non-commercial, experimental and independent orientation, connecting local broadcasters to avant-garde music, cultural programming, and a situationist tradition.",high,medium,,"The station has a distinctive community and experimental identity, but the available English-language station material is limited.",https://www.radiocentraal.be/
166,RADIO DIMENSIONE RELAX,radio-dimensione-relax,review_required,"Italian internet radio centered on ambient, lounge, chillout, jazz, and relaxation listening, presented as a continuous mood-oriented stream rather than a clearly documented host-led station.",low,low,low_interest_and_insufficient_info,The format is narrowly mood-based and the public site supplies too little ownership or programming detail to assess a stronger editorial identity.,https://rdastation.it/
167,Radio K (KUOM),radio-k,keep_reviewed,"The University of Minnesota’s student-run station pairs an unusually long broadcast history with independent music, specialty shows, and hands-on training from Minneapolis.",high,high,,Existing reviewed profile is already source-backed and editorially specific; preserve it verbatim.,https://radiok.org/about/;https://radiok.org/history/
168,Radio Ozora,radio-ozora,improve,"Radio Ozora is the online radio arm of Hungary’s Ozora festival ecosystem, using electronic, psychedelic, ambient, and downtempo programming to extend the festival’s communal music culture beyond its site.",medium,medium,,"The festival relationship and broad musical frame are identifiable, but the station’s own editorial structure is less documented than its event identity.",https://radiozora.fm/
169,Radio Underground,radio-underground,improve,"Polish internet radio focused on punk music, with a scene-oriented identity built around punk records and underground listening rather than a broad general-interest schedule.",medium,medium,,"The punk focus is clear from the station site, but ownership, presenters, and current schedule are sparsely documented.",http://www.radiounderground.org/
170,Radio Zica,radio-zica,review_required,"Slovenian web radio associated with the Radio Žica project, but its public-facing material does not yet provide enough reliable detail about ownership, presenters, geography, or musical programming.",low,low,insufficient_info,The slogan and directory record are insufficient to evaluate the station’s editorial character.,http://radiozica.eu/
171,RadiOzora,radiozora,improve,"Radio Ozora is the online radio arm of Hungary’s Ozora festival ecosystem, using electronic, psychedelic, ambient, and downtempo programming to extend the festival’s communal music culture beyond its site.",medium,medium,,This duplicates Radio Ozora under a second stream record; retain one editorial profile and treat the duplicate as an alias or technical stream.,https://radiozora.fm/
172,RadiOzora Chill,radiozora-chill,improve,"RadiOzora Chill is a festival-linked Hungarian stream for the calmer edge of electronic listening, emphasizing ambient, downtempo, and psychedelic chillout as a focused companion to Radio Ozora’s broader output.",medium,medium,,"The channel has a meaningful relationship to the Ozora network, but the current site offers limited channel-specific documentation.",https://radiozora.fm/
173,Rap House | NTS,rap-house-nts,improve,"NTS’s Rap House is a curated hip-hop mix drawing on rap’s regional and historical range, presented as an on-demand Infinite Mixtape within NTS’s broader London-rooted global radio archive.",high,high,,"The NTS page clearly identifies the format and its place in the station’s curated archive, though it is a single mix rather than a standalone broadcaster.",https://www.nts.live/infinite-mixtapes/rap-house
174,RauteMusik Lounge,rautemusik-lounge,review_required,"RauteMusik Lounge is a German internet stream aimed at lounge and relaxed listening, but its public listing gives little evidence of human hosts, commissioning, community role, or a distinctive editorial programme.",low,low,low_interest_and_insufficient_info,The available description is a generic web-radio label and does not establish meaningful editorial differentiation.,http://www.rautemusik.fm/lounge/
175,Resonance Extra,resonance-extra,keep_reviewed,"Resonance Extra is a 24/7 digital broadcasting platform dedicated to global music, sound art and radio art based at Resonance, London",high,high,,Existing station description is already a strong concise editorial summary and should be preserved rather than rewritten.,https://extra.resonance.fm/
176,Resonance FM 104.4 - London,resonance-fm-104-4-london,improve,"London’s artist-led Resonance FM is a community arts station combining experimental music, sound art, cultural discussion, and locally rooted programming on FM, DAB, and online.",high,high,,The station has a distinctive arts and community mandate; the current scraped description is factual but not editorially shaped.,https://www.resonancefm.com/
177,Seven Rays - 7rays,seven-rays-7rays,review_required,"Seven Rays is an online relaxation stream organized around ambient, meditation, new-age, and chillout listening, with little public evidence of presenters, commissioning, or a broader community editorial mission.",low,low,low_interest_and_insufficient_info,"The genre tags describe a mood channel, but the site provides too little information to evaluate human curation.",https://7promeniv.com.ua/radio-en
178,Skylab Radio,skylab-radio,review_required,"Skylab Radio is an Australian internet station, but the available public material does not establish a sufficiently clear ownership model, location beyond country, host roster, or distinctive music brief.",low,low,insufficient_info,The homepage is accessible as a station identity but does not provide enough evidence for a responsible editorial description.,http://skylab-radio.com/
179,Slow Focus | NTS,slow-focus-nts,improve,"NTS’s Slow Focus is a curated ambient, drone, and raga mix designed for meditative, beatless listening, presented as an on-demand Infinite Mixtape rather than an independent station.",medium,high,,"The NTS page gives a clear musical brief and format; it should be represented as a programmed mix, not a standalone radio organization.",https://www.nts.live/infinite-mixtapes/slow-focus
180,Soho Radio,soho-radio,keep_reviewed,"Soho Radio is an online station broadcasting from Soho and New York, with a presenter-led schedule that moves between contemporary music, specialist selections, and spoken features.",high,high,,Existing reviewed profile is specific about the two-city operation and presenter-led model; preserve it verbatim.,https://sohoradio.com/about/;https://sohoradio.com/schedule/
181,SomaFM Deep Space One (128k MP3),somafm-deep-space-one-128k-mp3,improve,"SomaFM’s Deep Space One is a listener-supported online channel for deep ambient, experimental electronic, and space music, offering a focused atmospheric stream within SomaFM’s larger independent-radio network.",medium,high,,"SomaFM documents the channel’s distinctive focus and network context, but this is a continuously programmed single-genre stream rather than a broad station.",https://somafm.com/deepspaceone/
182,SomaFM Doomed (256k MP3),somafm-doomed-256k-mp3,improve,"SomaFM’s Doomed is a dark ambient and industrial channel with a deliberately gothic mood, one of the focused genre streams in SomaFM’s listener-supported online service.",medium,high,,"The channel has a recognizable aesthetic and reliable official description, though it is a narrow automated-style stream.",https://somafm.com/doomed/
183,SomaFM n5MD (128k AAC),somafm-n5md-128k-aac,improve,"SomaFM n5MD presents ambient, modern composition, post-rock, and experimental electronic music in partnership with the n5MD label, linking a label catalog to SomaFM’s online curation.",medium,high,,"The label relationship creates more editorial distinction than a generic mood stream, and the official channel page documents the focus.",https://somafm.com/n5md/
184,SomaFM Secret Agent (128k MP3),somafm-secret-agent-128k-mp3,improve,"SomaFM’s Secret Agent is a themed online channel built around stylish spy-film, crime, lounge, and cinematic instrumentals, using a strong concept within SomaFM’s listener-supported network.",medium,high,,The concept is distinctive even though the stream is format-led and continuously programmed rather than presenter-led.,https://somafm.com/secretagent/
185,SomaFM Synphaera Radio,somafm-synphaera-radio,improve,"SomaFM Synphaera Radio showcases modern ambient and space music from the independent Synphaera label, functioning as a label-centered channel within SomaFM’s online radio network.",medium,high,,The label partnership supplies a clear editorial distinction and is documented by the official channel page.,https://somafm.com/synphaera
186,SomaFM Underground 80s (128k MP3),somafm-underground-80s-128k-mp3,improve,"SomaFM’s Underground 80s is a focused channel for early-1980s UK synthpop and new wave, offering a tightly defined catalogue lane within the listener-supported SomaFM network.",medium,high,,"The musical remit is clear and useful, but the 128k record is a duplicate technical stream of the same channel.",https://somafm.com/u80s/
187,SomaFM Underground 80s (256k MP3),somafm-underground-80s-256k-mp3,improve,"SomaFM’s Underground 80s is a focused channel for early-1980s UK synthpop and new wave, offering a tightly defined catalogue lane within the listener-supported SomaFM network.",medium,high,,"The musical remit is clear and useful, but the 256k record duplicates the same channel and should share its editorial profile.",https://somafm.com/u80s/
188,The Lot Radio,the-lot-radio,keep_reviewed,"The Lot Radio is a Red Hook, Brooklyn internet station built around live DJ broadcasts, a daily show schedule, and a physical community space.",high,high,,"Existing reviewed profile is already specific about place, format, and community setting; preserve it verbatim.",https://www.thelotradio.com/about;https://www.thelotradio.com/schedule
189,The Tube | NTS,the-tube-nts,improve,"NTS’s The Tube is a curated post-punk, industrial, and minimal-wave mix, presented as an on-demand Infinite Mixtape within NTS’s broader archive of specialist music programming.",medium,high,,"The official page provides a concise genre brief and clear format, but this is a mix rather than a standalone station.",https://www.nts.live/infinite-mixtapes/the-tube
190,Total instrumental,total-instrumental,review_required,"German internet stream centered on instrumental, ambient, dance, and electronic music, with insufficient public evidence of presenters, ownership, or a distinctive editorial model.",low,low,low_interest_and_insufficient_info,The available material is limited to broad tags and does not support a stronger station profile.,http://www.radio-total-instrumental.de/
191,Traxx FM - Ambient,traxx-fm-ambient,review_required,"Traxx FM Ambient is a Swiss web stream for ambient, chillout, and relaxation music, but its public information does not establish a presenter-led or otherwise distinctive editorial identity.",low,low,low_interest_and_insufficient_info,This appears to be a narrowly mood-oriented stream with sparse documentation beyond genre tags.,http://www.traxx.fm/
192,Ultra Dark Radio,ultra-dark-radio,improve,"Ultra Dark Radio is a German underground stream spanning darkwave, gothic, industrial, EBM, metal, and adjacent alternative music, with a focused scene identity despite limited public documentation.",medium,medium,,"The genre range is distinctive enough to avoid a low-interest flag, but the site provides little information about people or programming structure.",http://www.ultradarkradio.com/
193,Verdure Station,verdure-station,review_required,"Verdure Station is a Russian internet radio project presenting atmospheric, comforting, and peaceful music, but the available site material is too sparse to assess its curation or community role.",low,low,low_interest_and_insufficient_info,"The stated mood is clear, while ownership, programming, and editorial distinctiveness are not.",http://verdure.net/
194,Voices Radio,voices-radio,keep_reviewed,"London’s Voices Radio grew from the Ossia club network into an online station and podcast studio, pairing regular broadcasts with workshops and paid opportunities for new contributors.",high,high,,"Existing reviewed profile documents its origin, contributor programme, and community infrastructure; preserve it verbatim.",https://www.voicesradio.co.uk/about/;https://voicesradio.airtime.pro/
195,Wavebreaker,wavebreaker,review_required,"Wavebreaker is a German laut.fm stream combining alternative, ambient, electropop, gothic, indie, and new-wave selections, but the available listing offers little evidence of human editorial programming.",low,low,low_interest_and_insufficient_info,The genre mix is broad but not enough to establish a distinct station identity or curation model.,https://laut.fm/wavebreaker
196,WFMU 91.1 FM,wfmu,keep_reviewed,"WFMU is an independent, listener-supported freeform station with a New York-area broadcast, an online stream, and an unusually deep program archive.",high,high,,Existing reviewed profile is source-backed and already captures the station’s key editorial distinction; preserve it verbatim.,https://wfmu.org/about;https://wfmu.org/schedule;https://wfmu.org/playlists.php
197,Worldwide FM,worldwide-fm,keep_reviewed,"Worldwide FM is an independent community station founded by Gilles Peterson, connecting underground music, emerging talent, and local scenes across the world.",high,high,,Existing reviewed profile is detailed and source-backed; preserve it verbatim.,https://worldwidefm.net/about;https://worldwidefm.net/schedule;https://worldwidefm.net/shows
198,WPFW 89.3 FM,wpfw,keep_reviewed,"Washington, D.C.'s WPFW 89.3 FM pairs jazz, blues, global music, news, and public affairs with a listener-supported community-radio model.",high,high,,"Existing reviewed profile clearly distinguishes music, public affairs, and community-radio structure; preserve it verbatim.",https://www.wpfwdc.org/;https://www.wpfwdc.org/programs;https://www.wpfwdc.org/schedule-grid
199,WRUW 91.1 FM,wruw,keep_reviewed,"Case Western Reserve University’s volunteer-run Cleveland station has broadcast since 1946, with free-form shows spanning jazz, rock, blues, folk, metal, reggae, and more.",high,high,,Existing reviewed profile is substantially stronger than the scraped college tag and should replace it without further rewriting.,https://wruw.org/about;https://case.edu/about
200,WWOZ 90.7 FM,wwoz,keep_reviewed,"New Orleans community station WWOZ 90.7 FM is the city’s Jazz and Heritage Station, connecting daily programming with local culture and live events.",high,high,,"Existing reviewed profile is specific about governance, musical heritage, schedule, and civic role; preserve it verbatim.",https://www.wwoz.org/about-wwoz;https://www.wwoz.org/schedule;https://www.wwoz.org/calendar/community
201,WXDU 88.7 FM,wxdu,keep_reviewed,"Duke University’s WXDU 88.7 FM is a student-run, freeform station whose schedule gives independent DJs room for eclectic and specialist music programming.",high,high,,Existing reviewed profile is already source-backed and more informative than the scraped college tag; preserve it verbatim.,https://www.wxdu.org/;https://www.wxdu.org/schedule
202,XRAY.fm,xray-fm,keep_reviewed,"Portland nonprofit XRAY.fm began broadcasting in 2014 and combines talk, local reporting, and DJ-led music programming on FM and online.",high,high,,"Existing reviewed profile documents the nonprofit, local-service, talk, and music model; preserve it verbatim.",https://xray.fm/about;https://xray.fm/shows
