name,slug,org,country,homepage_url,tags,homepage_blurb,genre_profile,recent_profile,station_class,source,automation_class,favorite
"#CLUB CHARTS -> TOP 100 || IMMER AKTUELL || DJ CHARTS || HOUSE, EDM, DEEP HOUSE - TECH HOUSE - TECHNO - MELODIC TECHNO - EDM - ELECTRONIC DANCE MUSIC - CLUB - DJ - DJ MIX - REMIX - FESTIVAL - FESTIVAL RADIO - IBIZA - IBIZA HOUSE - SUMMER HOUSE - BEACH CLUB - CHILLOUT - LOUNGE - RAVE - PARTY MUSIC - NIGHTLIFE - URBAN - HIP HOP - RNB - AFRO HOUSE - LATIN HOUSE - TRANCE - HARDSTYLE - HARDCORE",club-charts-top-100-immer-aktuell-dj-charts-house-edm-deep-house-tech-house-techno-melodic-techno-edm-electronic-dance-m,,Germany,https://breakz.fm/trackliste/,"[""24/7"", ""ambient"", ""charts"", ""chillout"", ""dance"", ""dance pop"", ""deep house"", ""dj mixes"", ""dj remix"", ""dj sets"", ""electronic"", ""electronica"", ""eurodance"", ""hiphop"", ""house"", ""instagram"", ""jazz"", ""klassik"", ""lounge"", ""lounge music"", ""mainstream"", ""mix"", ""news"", ""non-stop"", ""non-stop music"", ""party"", ""party hits"", ""partymix"", ""pop"", ""pop dance"", ""radio"", ""tech house"", ""techno"", ""tiktok"", ""top 40"", ""top charts"", ""top40"", ""vocal jazz""]",,,"{""top"": [], ""updatedAt"": ""2026-09-16T19:27:27.356Z"", ""sampleSize"": 0, ""windowDays"": 90, ""latestSpinAt"": null, ""excludedCount"": 0, ""genreCoverage"": 0, ""readinessTier"": ""insufficient"", ""resolvedCount"": 0, ""resolutionRate"": 0, ""datedTrackCount"": 0, ""genreTaggedCount"": 0, ""uniqueTrackCount"": 0, ""uniqueArtistCount"": 0, ""unknownGenreCount"": 0, ""datedTrackCoverage"": 0}",curated,radio_browser,,f
- 1 A - Relax von 1A Radio,1-a-relax-von-1a-radio,,Germany,http://www.1aradio.com/,"[""ambient"", ""chillout"", ""easy listening"", ""electro""]","1A Radio bietet f&uuml;r jeden Geschmack das richtige Programm: Schlager, Volksmusik, aktuelle Hits, Oldies der 60er, 70er, 80er und 90er &ndash; hier","{""top"": [{""count"": 513, ""genre"": ""pop""}, {""count"": 225, ""genre"": ""rock""}, {""count"": 155, ""genre"": ""ballad""}, {""count"": 135, ""genre"": ""pop rock""}, {""count"": 84, ""genre"": ""classic rock""}, {""count"": 76, ""genre"": ""electronic""}, {""count"": 67, ""genre"": ""soul""}, {""count"": 60, ""genre"": ""soft rock""}], ""totalCount"": 3857, ""unknownCount"": 3136}","{""top"": [{""count"": 513, ""genre"": ""pop""}, {""count"": 225, ""genre"": ""rock""}, {""count"": 155, ""genre"": ""ballad""}, {""count"": 135, ""genre"": ""pop rock""}, {""count"": 84, ""genre"": ""classic rock""}, {""count"": 76, ""genre"": ""electronic""}, {""count"": 67, ""genre"": ""soul""}, {""count"": 60, ""genre"": ""soft rock""}], ""updatedAt"": ""2026-09-16T19:16:49.656Z"", ""sampleSize"": 5265, ""windowDays"": 90, ""latestSpinAt"": ""2026-09-16T19:16:39.769Z"", ""excludedCount"": 21, ""genreCoverage"": 0.18698132780082988, ""readinessTier"": ""ready"", ""resolvedCount"": 3856, ""resolutionRate"": 0.7323836657169991, ""datedTrackCount"": 3426, ""genreTaggedCount"": 721, ""uniqueTrackCount"": 1860, ""uniqueArtistCount"": 837, ""unknownGenreCount"": 3135, ""datedTrackCoverage"": 0.8884854771784232}",curated,radio_browser,,f
0 N — 2000s,rb-1a4914a2-f35f-11e8-a471-52543be04c81,0 N,DE,https://www.0nradio.com/,"[""2000s"", ""era"", ""specialist""]","ON Radio bringt Musik direkt aufs Smartphone, Tablet, PC oder Webradio: Oldies von den 60ern bis 80ern, Charts, Classic Rock, Jazz, Chillout,... alles ist",,"{""top"": [], ""updatedAt"": ""2026-09-16T19:30:43.994Z"", ""sampleSize"": 0, ""windowDays"": 90, ""latestSpinAt"": null, ""excludedCount"": 0, ""genreCoverage"": 0, ""readinessTier"": ""insufficient"", ""resolvedCount"": 0, ""resolutionRate"": 0, ""datedTrackCount"": 0, ""genreTaggedCount"": 0, ""uniqueTrackCount"": 0, ""uniqueArtistCount"": 0, ""unknownGenreCount"": 0, ""datedTrackCoverage"": 0}",curated,curated,automated,f
0 N — 50s,rb-d4c545ef-a4e5-412a-b141-852c2fe50707,0 N,DE,https://www.0nradio.com/,"[""50s"", ""era"", ""specialist""]","ON Radio bringt Musik direkt aufs Smartphone, Tablet, PC oder Webradio: Oldies von den 60ern bis 80ern, Charts, Classic Rock, Jazz, Chillout,... alles ist",,"{""top"": [], ""updatedAt"": ""2026-09-16T19:30:23.637Z"", ""sampleSize"": 0, ""windowDays"": 90, ""latestSpinAt"": null, ""excludedCount"": 0, ""genreCoverage"": 0, ""readinessTier"": ""insufficient"", ""resolvedCount"": 0, ""resolutionRate"": 0, ""datedTrackCount"": 0, ""genreTaggedCount"": 0, ""uniqueTrackCount"": 0, ""uniqueArtistCount"": 0, ""unknownGenreCount"": 0, ""datedTrackCoverage"": 0}",curated,curated,automated,f
0 N — 60s,rb-f9533da3-f2c1-11e8-a471-52543be04c81,0 N,DE,https://www.0nradio.com/,"[""60s"", ""era"", ""specialist""]","ON Radio bringt Musik direkt aufs Smartphone, Tablet, PC oder Webradio: Oldies von den 60ern bis 80ern, Charts, Classic Rock, Jazz, Chillout,... alles ist",,"{""top"": [], ""updatedAt"": ""2026-09-16T19:30:41.499Z"", ""sampleSize"": 0, ""windowDays"": 90, ""latestSpinAt"": null, ""excludedCount"": 0, ""genreCoverage"": 0, ""readinessTier"": ""insufficient"", ""resolvedCount"": 0, ""resolutionRate"": 0, ""datedTrackCount"": 0, ""genreTaggedCount"": 0, ""uniqueTrackCount"": 0, ""uniqueArtistCount"": 0, ""unknownGenreCount"": 0, ""datedTrackCoverage"": 0}",curated,curated,automated,f
0nlineradio — 50s,rb-0725d662-7f7b-4363-8c8f-2b35c6916d84,0nlineradio,DE,https://0nlineradio.com/,"[""50s"", ""era"", ""specialist""]",,,"{""top"": [], ""updatedAt"": ""2026-09-16T19:30:29.113Z"", ""sampleSize"": 0, ""windowDays"": 90, ""latestSpinAt"": null, ""excludedCount"": 0, ""genreCoverage"": 0, ""readinessTier"": ""insufficient"", ""resolvedCount"": 0, ""resolutionRate"": 0, ""datedTrackCount"": 0, ""genreTaggedCount"": 0, ""uniqueTrackCount"": 0, ""uniqueArtistCount"": 0, ""unknownGenreCount"": 0, ""datedTrackCoverage"": 0}",curated,curated,automated,f
1.FM - Radio Gaia,1-fm-radio-gaia,,Switzerland,http://www.1.fm/,"[""world"", ""world music""]","Free Online Radio, Listen to your favorite music genres like Chillout, Trance, Dance, 80s, 90s, 60s, dubstep, psytrance, techno and much more.","{""top"": [{""count"": 317, ""genre"": ""new age""}, {""count"": 283, ""genre"": ""electronic""}, {""count"": 281, ""genre"": ""ambient""}, {""count"": 64, ""genre"": ""instrumental""}, {""count"": 46, ""genre"": ""celtic""}, {""count"": 46, ""genre"": ""downtempo""}, {""count"": 45, ""genre"": ""modern classical""}, {""count"": 37, ""genre"": ""folk""}], ""totalCount"": 1768, ""unknownCount"": 1331}","{""top"": [{""count"": 317, ""genre"": ""new age""}, {""count"": 283, ""genre"": ""electronic""}, {""count"": 281, ""genre"": ""ambient""}, {""count"": 64, ""genre"": ""instrumental""}, {""count"": 46, ""genre"": ""celtic""}, {""count"": 46, ""genre"": ""downtempo""}, {""count"": 45, ""genre"": ""modern classical""}, {""count"": 37, ""genre"": ""folk""}], ""updatedAt"": ""2026-09-16T19:19:57.659Z"", ""sampleSize"": 4038, ""windowDays"": 90, ""latestSpinAt"": ""2026-09-16T11:33:24.325Z"", ""excludedCount"": 21, ""genreCoverage"": 0.24745186862967158, ""readinessTier"": ""ready"", ""resolvedCount"": 1766, ""resolutionRate"": 0.43734522040614165, ""datedTrackCount"": 1654, ""genreTaggedCount"": 437, ""uniqueTrackCount"": 252, ""uniqueArtistCount"": 160, ""unknownGenreCount"": 1329, ""datedTrackCoverage"": 0.9365798414496036}",curated,radio_browser,,f
100% ACID JAZZ,100-acid-jazz,,Canada,https://radiosuitenetwork.torontocast.stream/100-acid-jazz/,"[""acid"", ""acid jazz"", ""ambient"", ""canada"", ""classic jazz"", ""free jazz"", ""hip hop"", ""instrumental music"", ""instrumentales"", ""jazz"", ""jazz fusion"", ""latin jazz"", ""nu-jazz"", ""piano jazz"", ""relax"", ""relaxing"", ""smooth jazz"", ""toronto"", ""trumpeth""]",100% ACID JAZZ &#8211; Radio Suite Network,"{""top"": [{""count"": 116, ""genre"": ""jazz""}, {""count"": 56, ""genre"": ""acid jazz""}, {""count"": 43, ""genre"": ""electronic""}, {""count"": 43, ""genre"": ""smooth jazz""}, {""count"": 38, ""genre"": ""jazz-funk""}, {""count"": 30, ""genre"": ""funk""}, {""count"": 23, ""genre"": ""hip hop""}, {""count"": 21, ""genre"": ""contemporary jazz""}], ""totalCount"": 974, ""unknownCount"": 799}","{""top"": [{""count"": 116, ""genre"": ""jazz""}, {""count"": 56, ""genre"": ""acid jazz""}, {""count"": 43, ""genre"": ""electronic""}, {""count"": 43, ""genre"": ""smooth jazz""}, {""count"": 38, ""genre"": ""jazz-funk""}, {""count"": 30, ""genre"": ""funk""}, {""count"": 23, ""genre"": ""hip hop""}, {""count"": 21, ""genre"": ""contemporary jazz""}], ""updatedAt"": ""2026-09-16T19:11:01.562Z"", ""sampleSize"": 1683, ""windowDays"": 90, ""latestSpinAt"": ""2026-09-16T11:34:25.771Z"", ""excludedCount"": 15, ""genreCoverage"": 0.18134715025906736, ""readinessTier"": ""ready"", ""resolvedCount"": 965, ""resolutionRate"": 0.5733808674985146, ""datedTrackCount"": 903, ""genreTaggedCount"": 175, ""uniqueTrackCount"": 524, ""uniqueArtistCount"": 318, ""unknownGenreCount"": 790, ""datedTrackCoverage"": 0.9357512953367876}",curated,radio_browser,,f
1000 Melodien,1000-melodien,,Germany,http://1000melodien.de/,"[""ambient"", ""easy listening"", ""instrumental""]","Aktueller Song, Playlist und Infos zu 1000 Melodien.",,"{""top"": [], ""updatedAt"": ""2026-09-16T19:12:24.067Z"", ""sampleSize"": 0, ""windowDays"": 90, ""latestSpinAt"": null, ""excludedCount"": 0, ""genreCoverage"": 0, ""readinessTier"": ""insufficient"", ""resolvedCount"": 0, ""resolutionRate"": 0, ""datedTrackCount"": 0, ""genreTaggedCount"": 0, ""uniqueTrackCount"": 0, ""uniqueArtistCount"": 0, ""unknownGenreCount"": 0, ""datedTrackCoverage"": 0}",curated,radio_browser,,f
1001 TRUMPET SONG,1001-trumpet-song,,Germany,https://laut.fm/1001-trumpet-song,"[""classic - instrumental"", ""classic jazz"", ""instrumental"", ""instrumental music"", ""jazz"", ""jazz fusion"", ""nu-jazz"", ""smooth jazz""]",,,"{""top"": [], ""updatedAt"": ""2026-09-16T19:21:33.958Z"", ""sampleSize"": 0, ""windowDays"": 90, ""latestSpinAt"": null, ""excludedCount"": 0, ""genreCoverage"": 0, ""readinessTier"": ""insufficient"", ""resolvedCount"": 0, ""resolutionRate"": 0, ""datedTrackCount"": 0, ""genreTaggedCount"": 0, ""uniqueTrackCount"": 0, ""uniqueArtistCount"": 0, ""unknownGenreCount"": 0, ""datedTrackCoverage"": 0}",curated,radio_browser,,f
1030 AM (Ciudad de México) - 1030 AM - XEQR-AM - Grupo Radio Centro - Ciudad de México,1030-am-ciudad-de-m-xico-1030-am-xeqr-am-grupo-radio-centro-ciudad-de-m-xico,,Mexico,http://player.listenlive.co/51851/es,"[""1030 am"", ""am"", ""americana"", ""ciudad de méxico"", ""deporte"", ""deportes"", ""el fonógrafo"", ""entretenimiento"", ""español"", ""estación"", ""estado de méxico"", ""grupo radio centro"", ""latin music"", ""latin pop"", ""latinoamérica"", ""live sports"", ""local music"", ""local sports"", ""mexico city"", ""moi merino"", ""music"", ""musica latina"", ""musica latinoamericana"", ""musica romantica"", ""méxico"", ""música"", ""música del recuerdo"", ""música en español"", ""música pop"", ""música variada"", ""norteamérica"", ""pop"", ""pop music"", ""radio"", ""radio centro"", ""recuerdos"", ""sports"", ""sports news"", ""sports talk"", ""valle de méxico""]",Radio Centro 1030 AM,,"{""top"": [], ""updatedAt"": ""2026-09-16T19:28:58.469Z"", ""sampleSize"": 1, ""windowDays"": 90, ""latestSpinAt"": ""2026-08-24T16:46:06.094Z"", ""excludedCount"": 0, ""genreCoverage"": 0, ""readinessTier"": ""insufficient"", ""resolvedCount"": 0, ""resolutionRate"": 0, ""datedTrackCount"": 0, ""genreTaggedCount"": 0, ""uniqueTrackCount"": 0, ""uniqueArtistCount"": 0, ""unknownGenreCount"": 0, ""datedTrackCoverage"": 0}",curated,radio_browser,,f
12XU,12xu,,Germany,http://onetwoxu.de/,"[""garage punk"", ""indie rock"", ""noise"", ""noise rock"", ""post-punk"", ""punk""]",12XU | Verspannungsmusik!,,"{""top"": [], ""updatedAt"": ""2026-09-16T19:17:04.459Z"", ""sampleSize"": 0, ""windowDays"": 90, ""latestSpinAt"": null, ""excludedCount"": 0, ""genreCoverage"": 0, ""readinessTier"": ""insufficient"", ""resolvedCount"": 0, ""resolutionRate"": 0, ""datedTrackCount"": 0, ""genreTaggedCount"": 0, ""uniqueTrackCount"": 0, ""uniqueArtistCount"": 0, ""unknownGenreCount"": 0, ""datedTrackCoverage"": 0}",curated,radio_browser,,f
181.FM - Chilled Out (USA) 128k mp3,181-fm-chilled-out-usa-128k-mp3,,The United States Of America,http://player.181fm.com/?station=181-chilled,"[""ambient"", ""chill"", ""chillout"", ""easy listening"", ""electro""]",Chilled Out Webplayer,"{""top"": [{""count"": 1285, ""genre"": ""electronic""}, {""count"": 758, ""genre"": ""downtempo""}, {""count"": 688, ""genre"": ""pop""}, {""count"": 637, ""genre"": ""trip hop""}, {""count"": 571, ""genre"": ""chillout""}, {""count"": 477, ""genre"": ""ambient""}, {""count"": 384, ""genre"": ""rock""}, {""count"": 302, ""genre"": ""indie pop""}], ""totalCount"": 7874, ""unknownCount"": 5784}","{""top"": [{""count"": 1285, ""genre"": ""electronic""}, {""count"": 758, ""genre"": ""downtempo""}, {""count"": 688, ""genre"": ""pop""}, {""count"": 637, ""genre"": ""trip hop""}, {""count"": 571, ""genre"": ""chillout""}, {""count"": 477, ""genre"": ""ambient""}, {""count"": 384, ""genre"": ""rock""}, {""count"": 302, ""genre"": ""indie pop""}], ""updatedAt"": ""2026-09-16T19:12:56.664Z"", ""sampleSize"": 10139, ""windowDays"": 90, ""latestSpinAt"": ""2026-09-16T19:10:47.559Z"", ""excludedCount"": 358, ""genreCoverage"": 0.2654305308610617, ""readinessTier"": ""ready"", ""resolvedCount"": 7874, ""resolutionRate"": 0.7766051878883519, ""datedTrackCount"": 7205, ""genreTaggedCount"": 2090, ""uniqueTrackCount"": 672, ""uniqueArtistCount"": 328, ""unknownGenreCount"": 5784, ""datedTrackCoverage"": 0.9150368300736601}",curated,radio_browser,,f
1A Radio — 2000s,rb-1defd57a-bf9c-11e9-8502-52543be04c81,1A Radio,DE,https://www.1aradio.com/,"[""2000s"", ""era"", ""specialist""]","1A Radio bietet f&uuml;r jeden Geschmack das richtige Programm: Schlager, Volksmusik, aktuelle Hits, Oldies der 60er, 70er, 80er und 90er &ndash; hier",,"{""top"": [], ""updatedAt"": ""2026-09-16T19:30:44.777Z"", ""sampleSize"": 0, ""windowDays"": 90, ""latestSpinAt"": null, ""excludedCount"": 0, ""genreCoverage"": 0, ""readinessTier"": ""insufficient"", ""resolvedCount"": 0, ""resolutionRate"": 0, ""datedTrackCount"": 0, ""genreTaggedCount"": 0, ""uniqueTrackCount"": 0, ""uniqueArtistCount"": 0, ""unknownGenreCount"": 0, ""datedTrackCoverage"": 0}",curated,curated,automated,f
1LIVE Fiehe,1live-fiehe,,Germany,https://www1.wdr.de/radio/1live/on-air/sendungen/1live-fiehe/index.html,"[""1 live"", ""1 live fiehe"", ""ambient"", ""drum and bass"", ""dubstep"", ""freestyle"", ""klaus fiehe"", ""krautrock"", ""minimal"", ""raum und zeit""]","Für viele ist er der &#034;deutsche John Peel&#034;, er selbst fühlt sich als &#034;der Typ, der korrektes Zeug auflegt&#034;. Klaus Fiehe impft unsere mainstreamtauben Ohren mit hochdosierten Tracks zwischen Break- und Straight Beats.",,"{""top"": [], ""updatedAt"": ""2026-09-16T19:15:52.270Z"", ""sampleSize"": 0, ""windowDays"": 90, ""latestSpinAt"": null, ""excludedCount"": 0, ""genreCoverage"": 0, ""readinessTier"": ""insufficient"", ""resolvedCount"": 0, ""resolutionRate"": 0, ""datedTrackCount"": 0, ""genreTaggedCount"": 0, ""uniqueTrackCount"": 0, ""uniqueArtistCount"": 0, ""unknownGenreCount"": 0, ""datedTrackCoverage"": 0}",curated,radio_browser,mixed,f
24-7 Psychedelic Rock,24-7-psychedelic-rock,,The United Kingdom Of Great Britain And Northern Ireland,https://24-7nicheradio.com/audiogallery/24-7-psychedelic/,"[""psychedelic"", ""psychedelic rock""]",24-7 Psychedelic Rock | Niche Radio,"{""top"": [{""count"": 367, ""genre"": ""rock""}, {""count"": 264, ""genre"": ""psychedelic rock""}, {""count"": 222, ""genre"": ""classic rock""}, {""count"": 131, ""genre"": ""progressive rock""}, {""count"": 102, ""genre"": ""folk rock""}, {""count"": 88, ""genre"": ""pop""}, {""count"": 64, ""genre"": ""blues rock""}, {""count"": 63, ""genre"": ""pop rock""}], ""totalCount"": 2443, ""unknownCount"": 1956}","{""top"": [{""count"": 364, ""genre"": ""rock""}, {""count"": 261, ""genre"": ""psychedelic rock""}, {""count"": 219, ""genre"": ""classic rock""}, {""count"": 131, ""genre"": ""progressive rock""}, {""count"": 102, ""genre"": ""folk rock""}, {""count"": 88, ""genre"": ""pop""}, {""count"": 63, ""genre"": ""pop rock""}, {""count"": 61, ""genre"": ""blues rock""}], ""updatedAt"": ""2026-09-16T19:15:53.362Z"", ""sampleSize"": 3253, ""windowDays"": 90, ""latestSpinAt"": ""2026-09-16T11:29:40.154Z"", ""excludedCount"": 47, ""genreCoverage"": 0.2020033388981636, ""readinessTier"": ""ready"", ""resolvedCount"": 2396, ""resolutionRate"": 0.736550876114356, ""datedTrackCount"": 2208, ""genreTaggedCount"": 484, ""uniqueTrackCount"": 688, ""uniqueArtistCount"": 127, ""unknownGenreCount"": 1912, ""datedTrackCoverage"": 0.9215358931552587}",curated,radio_browser,,f
2o ΠΑΡΑΔΟΣΙΑΚΑ,2o,,Greece,https://www.ertecho.gr/radio/deytero-paradosiaka/,"[""folk""]",,,"{""top"": [], ""updatedAt"": ""2026-09-16T19:27:40.302Z"", ""sampleSize"": 19, ""windowDays"": 90, ""latestSpinAt"": ""2026-07-30T14:40:23.834Z"", ""excludedCount"": 0, ""genreCoverage"": 0, ""readinessTier"": ""insufficient"", ""resolvedCount"": 0, ""resolutionRate"": 0, ""datedTrackCount"": 0, ""genreTaggedCount"": 0, ""uniqueTrackCount"": 0, ""uniqueArtistCount"": 0, ""unknownGenreCount"": 0, ""datedTrackCoverage"": 0}",curated,radio_browser,,f
4Drive Jazz,4drive-jazz,,Portugal,https://4drivejazz.wixsite.com/radio,"[""jazz fusion"", ""nu-jazz"", ""smooth jazz""]",4Drive Jazz Home Page | Radio,"{""top"": [{""count"": 166, ""genre"": ""jazz""}, {""count"": 138, ""genre"": ""smooth jazz""}, {""count"": 44, ""genre"": ""contemporary jazz""}, {""count"": 18, ""genre"": ""instrumental jazz""}, {""count"": 18, ""genre"": ""jazz fusion""}, {""count"": 14, ""genre"": ""new age""}, {""count"": 10, ""genre"": ""jazz-funk""}, {""count"": 6, ""genre"": ""big band""}], ""totalCount"": 1459, ""unknownCount"": 1289}","{""top"": [{""count"": 166, ""genre"": ""jazz""}, {""count"": 138, ""genre"": ""smooth jazz""}, {""count"": 44, ""genre"": ""contemporary jazz""}, {""count"": 18, ""genre"": ""instrumental jazz""}, {""count"": 18, ""genre"": ""jazz fusion""}, {""count"": 14, ""genre"": ""new age""}, {""count"": 10, ""genre"": ""jazz-funk""}, {""count"": 6, ""genre"": ""big band""}], ""updatedAt"": ""2026-09-16T19:11:20.655Z"", ""sampleSize"": 4235, ""windowDays"": 90, ""latestSpinAt"": ""2026-09-16T11:32:36.060Z"", ""excludedCount"": 7, ""genreCoverage"": 0.11691884456671252, ""readinessTier"": ""ready"", ""resolvedCount"": 1454, ""resolutionRate"": 0.3433293978748524, ""datedTrackCount"": 1298, ""genreTaggedCount"": 170, ""uniqueTrackCount"": 720, ""uniqueArtistCount"": 363, ""unknownGenreCount"": 1284, ""datedTrackCoverage"": 0.8927097661623109}",curated,radio_browser,,f
5MBS 99.9FM,5mbs-99-9fm,,Australia,https://5mbs.com/,"[""world"", ""adelaide"", ""blues"", ""classical"", ""jazz"", ""world music""]",South Australia’s Music Broadcasting Society,"{""top"": [], ""totalCount"": 3, ""unknownCount"": 3}","{""top"": [], ""updatedAt"": ""2026-09-16T19:19:34.059Z"", ""sampleSize"": 196, ""windowDays"": 90, ""latestSpinAt"": ""2026-09-16T08:36:19.718Z"", ""excludedCount"": 172, ""genreCoverage"": 0, ""readinessTier"": ""insufficient"", ""resolvedCount"": 0, ""resolutionRate"": 0, ""datedTrackCount"": 0, ""genreTaggedCount"": 0, ""uniqueTrackCount"": 0, ""uniqueArtistCount"": 0, ""unknownGenreCount"": 0, ""datedTrackCoverage"": 0}",curated,radio_browser,mixed,f
6forty Radio,6forty-radio,,The United States Of America,http://www.6fortyradio.com/,"[""deep indie"", ""modern classical"", ""post-metal"", ""post-rock"", ""shoegaze""]",,"{""top"": [{""count"": 245, ""genre"": ""rock""}, {""count"": 221, ""genre"": ""post-rock""}, {""count"": 77, ""genre"": ""electronic""}, {""count"": 58, ""genre"": ""ambient""}, {""count"": 47, ""genre"": ""experimental""}, {""count"": 46, ""genre"": ""indie rock""}, {""count"": 33, ""genre"": ""instrumental""}, {""count"": 31, ""genre"": ""shoegaze""}], ""totalCount"": 1997, ""unknownCount"": 1699}","{""top"": [{""count"": 245, ""genre"": ""rock""}, {""count"": 221, ""genre"": ""post-rock""}, {""count"": 77, ""genre"": ""electronic""}, {""count"": 58, ""genre"": ""ambient""}, {""count"": 47, ""genre"": ""experimental""}, {""count"": 46, ""genre"": ""indie rock""}, {""count"": 33, ""genre"": ""instrumental""}, {""count"": 31, ""genre"": ""shoegaze""}], ""updatedAt"": ""2026-09-16T19:15:10.877Z"", ""sampleSize"": 3790, ""windowDays"": 90, ""latestSpinAt"": ""2026-09-16T11:34:22.463Z"", ""excludedCount"": 6, ""genreCoverage"": 0.1492985971943888, ""readinessTier"": ""ready"", ""resolvedCount"": 1996, ""resolutionRate"": 0.5266490765171504, ""datedTrackCount"": 1926, ""genreTaggedCount"": 298, ""uniqueTrackCount"": 1509, ""uniqueArtistCount"": 896, ""unknownGenreCount"": 1698, ""datedTrackCoverage"": 0.9649298597194389}",curated,radio_browser,,f
80's New Wave Radio,80-s-new-wave-radio,,Canada,https://newwaveradio.org/,"[""80's"", ""alternative"", ""new wave"", ""synthpop""]",The original 80,"{""top"": [{""count"": 451, ""genre"": ""new wave""}, {""count"": 379, ""genre"": ""rock""}, {""count"": 285, ""genre"": ""electronic""}, {""count"": 270, ""genre"": ""pop""}, {""count"": 197, ""genre"": ""synth-pop""}, {""count"": 140, ""genre"": ""alternative rock""}, {""count"": 85, ""genre"": ""pop rock""}, {""count"": 62, ""genre"": ""post-punk""}], ""totalCount"": 4935, ""unknownCount"": 4215}","{""top"": [{""count"": 451, ""genre"": ""new wave""}, {""count"": 379, ""genre"": ""rock""}, {""count"": 285, ""genre"": ""electronic""}, {""count"": 270, ""genre"": ""pop""}, {""count"": 197, ""genre"": ""synth-pop""}, {""count"": 140, ""genre"": ""alternative rock""}, {""count"": 85, ""genre"": ""pop rock""}, {""count"": 62, ""genre"": ""post-punk""}], ""updatedAt"": ""2026-09-16T19:17:29.250Z"", ""sampleSize"": 6358, ""windowDays"": 90, ""latestSpinAt"": ""2026-09-16T19:15:08.958Z"", ""excludedCount"": 98, ""genreCoverage"": 0.1460446247464503, ""readinessTier"": ""ready"", ""resolvedCount"": 4930, ""resolutionRate"": 0.7754010695187166, ""datedTrackCount"": 4496, ""genreTaggedCount"": 720, ""uniqueTrackCount"": 866, ""uniqueArtistCount"": 247, ""unknownGenreCount"": 4210, ""datedTrackCoverage"": 0.9119675456389452}",curated,radio_browser,,f
80er-Revival,80er-revival,,Germany,https://www.80er-revival.de/,"[""1980s"", ""80er"", ""italo disco"", ""ndw"", ""new wave"", ""oldies"", ""pop""]",80er-Online &#8211; 80er-Revival,,"{""top"": [], ""updatedAt"": ""2026-09-16T19:17:55.670Z"", ""sampleSize"": 0, ""windowDays"": 90, ""latestSpinAt"": null, ""excludedCount"": 0, ""genreCoverage"": 0, ""readinessTier"": ""insufficient"", ""resolvedCount"": 0, ""resolutionRate"": 0, ""datedTrackCount"": 0, ""genreTaggedCount"": 0, ""uniqueTrackCount"": 0, ""uniqueArtistCount"": 0, ""unknownGenreCount"": 0, ""datedTrackCoverage"": 0}",curated,radio_browser,,f
80s Alive,80s-alive,,The Netherlands,https://alive.radio/80s/,"[""80s"", ""new wave"", ""pop"", ""rock""]",Welcome back to the 80s. 80s ALIVE plays only high energy hits and songs from the 80&#039;s ✓ Power Pop and Rock Hits! ✓ 80s Forever ✓,"{""top"": [{""count"": 78, ""genre"": ""pop""}, {""count"": 66, ""genre"": ""rock""}, {""count"": 37, ""genre"": ""classic rock""}, {""count"": 33, ""genre"": ""pop rock""}, {""count"": 25, ""genre"": ""disco""}, {""count"": 21, ""genre"": ""new wave""}, {""count"": 20, ""genre"": ""dance-pop""}, {""count"": 18, ""genre"": ""hard rock""}], ""totalCount"": 1325, ""unknownCount"": 1182}","{""top"": [{""count"": 78, ""genre"": ""pop""}, {""count"": 66, ""genre"": ""rock""}, {""count"": 37, ""genre"": ""classic rock""}, {""count"": 33, ""genre"": ""pop rock""}, {""count"": 25, ""genre"": ""disco""}, {""count"": 21, ""genre"": ""new wave""}, {""count"": 20, ""genre"": ""dance-pop""}, {""count"": 18, ""genre"": ""hard rock""}], ""updatedAt"": ""2026-09-16T19:17:34.075Z"", ""sampleSize"": 2790, ""windowDays"": 90, ""latestSpinAt"": ""2026-09-16T11:33:22.640Z"", ""excludedCount"": 260, ""genreCoverage"": 0.12033898305084746, ""readinessTier"": ""ready"", ""resolvedCount"": 1180, ""resolutionRate"": 0.4229390681003584, ""datedTrackCount"": 1016, ""genreTaggedCount"": 142, ""uniqueTrackCount"": 604, ""uniqueArtistCount"": 519, ""unknownGenreCount"": 1038, ""datedTrackCoverage"": 0.8610169491525423}",curated,radio_browser,mixed,f
80s Forever - We Keep The 80s Alive,80s-forever-we-keep-the-80s-alive,,Switzerland,https://www.80sforever.radio/,"[""80s"", ""alternative rock"", ""eighties"", ""gothic"", ""indie"", ""indie pop"", ""manchester rave"", ""new wave"", ""post punk"", ""power pop"", ""rare 80s"", ""rock"", ""synthpop""]",Commercial free webradio station from Switzerland. We keep the 80s alive! Rare 80s - Only Songs from 1978 - 1991,"{""top"": [{""count"": 8, ""genre"": ""rock""}, {""count"": 6, ""genre"": ""new wave""}, {""count"": 3, ""genre"": ""classic rock""}, {""count"": 2, ""genre"": ""alternative rock""}, {""count"": 2, ""genre"": ""pop rock""}, {""count"": 2, ""genre"": ""post-punk""}, {""count"": 2, ""genre"": ""speed metal""}, {""count"": 1, ""genre"": ""deathrock""}], ""totalCount"": 118, ""unknownCount"": 106}","{""top"": [{""count"": 8, ""genre"": ""rock""}, {""count"": 6, ""genre"": ""new wave""}, {""count"": 3, ""genre"": ""classic rock""}, {""count"": 2, ""genre"": ""alternative rock""}, {""count"": 2, ""genre"": ""pop rock""}, {""count"": 2, ""genre"": ""post-punk""}, {""count"": 1, ""genre"": ""deathrock""}, {""count"": 1, ""genre"": ""electronic""}], ""updatedAt"": ""2026-09-16T19:16:23.567Z"", ""sampleSize"": 2233, ""windowDays"": 90, ""latestSpinAt"": ""2026-09-16T11:33:40.247Z"", ""excludedCount"": 48, ""genreCoverage"": 0.09090909090909091, ""readinessTier"": ""ready"", ""resolvedCount"": 110, ""resolutionRate"": 0.04926108374384237, ""datedTrackCount"": 68, ""genreTaggedCount"": 10, ""uniqueTrackCount"": 108, ""uniqueArtistCount"": 100, ""unknownGenreCount"": 100, ""datedTrackCoverage"": 0.6181818181818182}",curated,radio_browser,,f
87.6 Studio 1,87-6-studio-1,,Greece,https://www.facebook.com/pages/category/Radio-Station/Studio-1-876-301851549917710/,"[""folk"", ""greek"", ""pop""]",,,"{""top"": [], ""updatedAt"": ""2026-09-16T19:27:51.257Z"", ""sampleSize"": 0, ""windowDays"": 90, ""latestSpinAt"": null, ""excludedCount"": 1, ""genreCoverage"": 0, ""readinessTier"": ""insufficient"", ""resolvedCount"": 0, ""resolutionRate"": 0, ""datedTrackCount"": 0, ""genreTaggedCount"": 0, ""uniqueTrackCount"": 0, ""uniqueArtistCount"": 0, ""unknownGenreCount"": 0, ""datedTrackCoverage"": 0}",curated,radio_browser,,f
8Ball Radio,8ball-radio,8 Ball Community,US,https://8ballradio.nyc/,"[""community"", ""experimental"", ""specialist""]",8-Ball Radio - Community Based Online Radio Station,,"{""top"": [], ""updatedAt"": ""2026-09-16T19:29:28.956Z"", ""sampleSize"": 0, ""windowDays"": 90, ""latestSpinAt"": null, ""excludedCount"": 0, ""genreCoverage"": 0, ""readinessTier"": ""insufficient"", ""resolvedCount"": 0, ""resolutionRate"": 0, ""datedTrackCount"": 0, ""genreTaggedCount"": 0, ""uniqueTrackCount"": 0, ""uniqueArtistCount"": 0, ""unknownGenreCount"": 0, ""datedTrackCoverage"": 0}",community,curated,human,t
90.5 WICN Public Radio - Jazz+ for New England,90-5-wicn-public-radio-jazz-for-new-england,,The United States Of America,https://www.wicn.org/,"[""blues"", ""classic jazz"", ""folk"", ""jazz"", ""public radio""]","90.5 WICN Public Radio is a 501(c)(3) nonprofit based in Worcester, MA committed to the presentation and performance of jazz, soul, bluegrass, and folk music.",,"{""top"": [], ""updatedAt"": ""2026-09-16T19:13:16.157Z"", ""sampleSize"": 0, ""windowDays"": 90, ""latestSpinAt"": null, ""excludedCount"": 0, ""genreCoverage"": 0, ""readinessTier"": ""insufficient"", ""resolvedCount"": 0, ""resolutionRate"": 0, ""datedTrackCount"": 0, ""genreTaggedCount"": 0, ""uniqueTrackCount"": 0, ""uniqueArtistCount"": 0, ""unknownGenreCount"": 0, ""datedTrackCoverage"": 0}",curated,radio_browser,mixed,f
ABC Portugal,abc-portugal,,Portugal,http://www.abcportugal.pt/,"[""latin"", ""latino"", ""world"", ""world music""]","Esta&#x20;&#xE9;&#x20;uma&#x20;esta&#xE7;&#xE3;o&#x20;de&#x20;r&#xE1;dio&#x20;local&#x20;licenciada&#x20;para&#x20;o&#x20;concelho&#x20;de&#x20;Alvai&#xE1;zere&#x20;,&#x20;que&#x20;emite&#x20;em&#x20;92,3&#x20;FM.&#x20;A&#x20;ABC&#x20;Portugal&#x20;caracteriza&#x20;a&#x20;sua&#x2",,"{""top"": [], ""updatedAt"": ""2026-09-16T19:19:22.460Z"", ""sampleSize"": 0, ""windowDays"": 90, ""latestSpinAt"": null, ""excludedCount"": 0, ""genreCoverage"": 0, ""readinessTier"": ""insufficient"", ""resolvedCount"": 0, ""resolutionRate"": 0, ""datedTrackCount"": 0, ""genreTaggedCount"": 0, ""uniqueTrackCount"": 0, ""uniqueArtistCount"": 0, ""unknownGenreCount"": 0, ""datedTrackCoverage"": 0}",curated,radio_browser,,f
AIRPORT LOUNGE RADIO,airport-lounge-radio,,Canada,https://radiosuitenetwork.torontocast.stream/airport-lounge-radio/,"[""aereoporto"", ""airport"", ""ambient"", ""chill"", ""chillout"", ""easy listening"", ""house"", ""lounge"", ""smooth"", ""smooth jazz""]",AIRPORT LOUNGE RADIO &#8211; Radio Suite Network,"{""top"": [{""count"": 169, ""genre"": ""electronic""}, {""count"": 138, ""genre"": ""downtempo""}, {""count"": 134, ""genre"": ""ambient""}, {""count"": 119, ""genre"": ""chillout""}, {""count"": 32, ""genre"": ""jazz""}, {""count"": 17, ""genre"": ""smooth jazz""}, {""count"": 16, ""genre"": ""deep house""}, {""count"": 14, ""genre"": ""progressive house""}], ""totalCount"": 2781, ""unknownCount"": 2560}","{""top"": [{""count"": 169, ""genre"": ""electronic""}, {""count"": 138, ""genre"": ""downtempo""}, {""count"": 134, ""genre"": ""ambient""}, {""count"": 119, ""genre"": ""chillout""}, {""count"": 32, ""genre"": ""jazz""}, {""count"": 17, ""genre"": ""smooth jazz""}, {""count"": 16, ""genre"": ""deep house""}, {""count"": 14, ""genre"": ""progressive house""}], ""updatedAt"": ""2026-09-16T19:10:54.965Z"", ""sampleSize"": 6490, ""windowDays"": 90, ""latestSpinAt"": ""2026-09-16T19:09:34.609Z"", ""excludedCount"": 67, ""genreCoverage"": 0.0798698951933502, ""readinessTier"": ""ready"", ""resolvedCount"": 2767, ""resolutionRate"": 0.4263482280431433, ""datedTrackCount"": 2590, ""genreTaggedCount"": 221, ""uniqueTrackCount"": 623, ""uniqueArtistCount"": 342, ""unknownGenreCount"": 2546, ""datedTrackCoverage"": 0.9360318033971811}",curated,radio_browser,,f
Al Jazeera Video,al-jazeera-video,,Qatar,https://www.aljazeera.com/,"[""english"", ""world"", ""world news""]","News, analysis from the Middle East & worldwide, multimedia & interactives, opinions, documentaries, podcasts, long reads and broadcast schedule.",,"{""top"": [], ""updatedAt"": ""2026-09-16T19:27:28.660Z"", ""sampleSize"": 0, ""windowDays"": 90, ""latestSpinAt"": null, ""excludedCount"": 0, ""genreCoverage"": 0, ""readinessTier"": ""insufficient"", ""resolvedCount"": 0, ""resolutionRate"": 0, ""datedTrackCount"": 0, ""genreTaggedCount"": 0, ""uniqueTrackCount"": 0, ""uniqueArtistCount"": 0, ""unknownGenreCount"": 0, ""datedTrackCoverage"": 0}",curated,radio_browser,mixed,f
All Oldies Channel,all-oldies-channel,,The Netherlands,https://www.alloldieschannel.com/,"[""folk"", ""oldies"", ""pop"", ""rock""]",All oldies channel is a Internet Radio station from The Netherlands that plays only the best oldies music from the 50s to the 90s.,"{""top"": [{""count"": 168, ""genre"": ""pop""}, {""count"": 145, ""genre"": ""rock""}, {""count"": 82, ""genre"": ""soul""}, {""count"": 81, ""genre"": ""r&b""}, {""count"": 78, ""genre"": ""classic rock""}, {""count"": 61, ""genre"": ""motown""}, {""count"": 48, ""genre"": ""pop rock""}, {""count"": 47, ""genre"": ""rock and roll""}], ""totalCount"": 2668, ""unknownCount"": 2283}","{""top"": [{""count"": 166, ""genre"": ""pop""}, {""count"": 145, ""genre"": ""rock""}, {""count"": 82, ""genre"": ""soul""}, {""count"": 81, ""genre"": ""r&b""}, {""count"": 78, ""genre"": ""classic rock""}, {""count"": 61, ""genre"": ""motown""}, {""count"": 48, ""genre"": ""pop rock""}, {""count"": 47, ""genre"": ""rock and roll""}], ""updatedAt"": ""2026-09-16T19:14:00.460Z"", ""sampleSize"": 3806, ""windowDays"": 90, ""latestSpinAt"": ""2026-09-16T11:34:16.045Z"", ""excludedCount"": 1519, ""genreCoverage"": 0.15632653061224488, ""readinessTier"": ""ready"", ""resolvedCount"": 2450, ""resolutionRate"": 0.6437204414083026, ""datedTrackCount"": 2189, ""genreTaggedCount"": 383, ""uniqueTrackCount"": 1993, ""uniqueArtistCount"": 1312, ""unknownGenreCount"": 2067, ""datedTrackCoverage"": 0.8934693877551021}",curated,radio_browser,,f
Alternative Radio,alternative-radio,,France,http://alternativeradio.over-blog.com/,"[""electro"", ""folk"", ""funk"", ""hiphop"", ""jazz"", ""rock"", ""soul"", ""world"", ""world music""]","Alternative Radio, webradio &eacute;clectique sans pub et sans bla-bla... No bla bla, just music !",,"{""top"": [], ""updatedAt"": ""2026-09-16T19:10:54.761Z"", ""sampleSize"": 0, ""windowDays"": 90, ""latestSpinAt"": null, ""excludedCount"": 0, ""genreCoverage"": 0, ""readinessTier"": ""insufficient"", ""resolvedCount"": 0, ""resolutionRate"": 0, ""datedTrackCount"": 0, ""genreTaggedCount"": 0, ""uniqueTrackCount"": 0, ""uniqueArtistCount"": 0, ""unknownGenreCount"": 0, ""datedTrackCoverage"": 0}",curated,radio_browser,,f
Alternativeworld,alternativeworld,,Germany,https://laut.fm/alternativeworld,"[""alternative"", ""brit pop"", ""indie"", ""new wave"", ""punk""]",,,"{""top"": [], ""updatedAt"": ""2026-09-16T19:16:24.674Z"", ""sampleSize"": 0, ""windowDays"": 90, ""latestSpinAt"": null, ""excludedCount"": 0, ""genreCoverage"": 0, ""readinessTier"": ""insufficient"", ""resolvedCount"": 0, ""resolutionRate"": 0, ""datedTrackCount"": 0, ""genreTaggedCount"": 0, ""uniqueTrackCount"": 0, ""uniqueArtistCount"": 0, ""unknownGenreCount"": 0, ""datedTrackCoverage"": 0}",curated,radio_browser,,f
Amazing Radio,amazing-radio,Amazing Radio,GB,https://amazingradio.com/,"[""discovery"", ""emerging artists"", ""indie""]",Where talent gets noticed.,,"{""top"": [], ""updatedAt"": ""2026-09-16T19:30:45.966Z"", ""sampleSize"": 0, ""windowDays"": 90, ""latestSpinAt"": null, ""excludedCount"": 0, ""genreCoverage"": 0, ""readinessTier"": ""insufficient"", ""resolvedCount"": 0, ""resolutionRate"": 0, ""datedTrackCount"": 0, ""genreTaggedCount"": 0, ""uniqueTrackCount"": 0, ""uniqueArtistCount"": 0, ""unknownGenreCount"": 0, ""datedTrackCoverage"": 0}",community,curated,human,t
Ambient Modern,ambient-modern,,The United States Of America,https://ambientmodern.com/,"[""ambient"", ""chillout"", ""non-commercial"", ""relaxation music"", ""relaxing""]",Ambient Modern &#8211; a radio station for modern ambient music,"{""top"": [{""count"": 122, ""genre"": ""ambient""}, {""count"": 111, ""genre"": ""electronic""}, {""count"": 22, ""genre"": ""drone""}, {""count"": 21, ""genre"": ""post-rock""}, {""count"": 18, ""genre"": ""idm""}, {""count"": 13, ""genre"": ""experimental""}, {""count"": 13, ""genre"": ""rock""}, {""count"": 11, ""genre"": ""dub techno""}], ""totalCount"": 1485, ""unknownCount"": 1357}","{""top"": [{""count"": 122, ""genre"": ""ambient""}, {""count"": 111, ""genre"": ""electronic""}, {""count"": 22, ""genre"": ""drone""}, {""count"": 21, ""genre"": ""post-rock""}, {""count"": 18, ""genre"": ""idm""}, {""count"": 13, ""genre"": ""experimental""}, {""count"": 13, ""genre"": ""rock""}, {""count"": 11, ""genre"": ""dub techno""}], ""updatedAt"": ""2026-09-16T19:11:39.859Z"", ""sampleSize"": 2334, ""windowDays"": 90, ""latestSpinAt"": ""2026-09-16T11:31:38.334Z"", ""excludedCount"": 1, ""genreCoverage"": 0.0862533692722372, ""readinessTier"": ""ready"", ""resolvedCount"": 1484, ""resolutionRate"": 0.6358183376178235, ""datedTrackCount"": 1450, ""genreTaggedCount"": 128, ""uniqueTrackCount"": 613, ""uniqueArtistCount"": 215, ""unknownGenreCount"": 1356, ""datedTrackCoverage"": 0.977088948787062}",curated,radio_browser,,f
AmbientRadio (MRG.fm),ambientradio-mrg-fm,,The United States Of America,https://www.mrg.fm/,"[""ambient"", ""ambient and relaxation music"", ""ambiental"", ""dark ambient"", ""deep ambient"", ""downtempo"", ""drone"", ""electronica"", ""experimental"", ""meditation"", ""new age"", ""relaxation music""]",16 Free Radio Stations - MRG.fm,"{""top"": [{""count"": 340, ""genre"": ""ambient""}, {""count"": 321, ""genre"": ""electronic""}, {""count"": 65, ""genre"": ""downtempo""}, {""count"": 48, ""genre"": ""new age""}, {""count"": 42, ""genre"": ""dark ambient""}, {""count"": 41, ""genre"": ""idm""}, {""count"": 38, ""genre"": ""experimental""}, {""count"": 23, ""genre"": ""drone""}], ""totalCount"": 1583, ""unknownCount"": 1227}","{""top"": [{""count"": 339, ""genre"": ""ambient""}, {""count"": 320, ""genre"": ""electronic""}, {""count"": 64, ""genre"": ""downtempo""}, {""count"": 48, ""genre"": ""new age""}, {""count"": 41, ""genre"": ""dark ambient""}, {""count"": 41, ""genre"": ""idm""}, {""count"": 38, ""genre"": ""experimental""}, {""count"": 23, ""genre"": ""drone""}], ""updatedAt"": ""2026-09-16T19:15:33.472Z"", ""sampleSize"": 3144, ""windowDays"": 90, ""latestSpinAt"": ""2026-09-16T11:33:36.025Z"", ""excludedCount"": 271, ""genreCoverage"": 0.229328165374677, ""readinessTier"": ""ready"", ""resolvedCount"": 1548, ""resolutionRate"": 0.49236641221374045, ""datedTrackCount"": 1465, ""genreTaggedCount"": 355, ""uniqueTrackCount"": 953, ""uniqueArtistCount"": 364, ""unknownGenreCount"": 1193, ""datedTrackCoverage"": 0.9463824289405685}",curated,radio_browser,,f
Ambiento,ambiento,,Romania,https://ambientoradio.com/,"[""ambient"", ""chillout"", ""lounge""]",Muzica ambientala - lounge - chillout | Ambiento Radio,"{""top"": [{""count"": 94, ""genre"": ""electronic""}, {""count"": 74, ""genre"": ""downtempo""}, {""count"": 66, ""genre"": ""ambient""}, {""count"": 57, ""genre"": ""chillout""}, {""count"": 32, ""genre"": ""trip hop""}, {""count"": 18, ""genre"": ""pop""}, {""count"": 14, ""genre"": ""synth-pop""}, {""count"": 12, ""genre"": ""breakbeat""}], ""totalCount"": 1677, ""unknownCount"": 1518}","{""top"": [{""count"": 94, ""genre"": ""electronic""}, {""count"": 74, ""genre"": ""downtempo""}, {""count"": 66, ""genre"": ""ambient""}, {""count"": 57, ""genre"": ""chillout""}, {""count"": 32, ""genre"": ""trip hop""}, {""count"": 18, ""genre"": ""pop""}, {""count"": 14, ""genre"": ""synth-pop""}, {""count"": 12, ""genre"": ""breakbeat""}], ""updatedAt"": ""2026-09-16T19:12:25.155Z"", ""sampleSize"": 4250, ""windowDays"": 90, ""latestSpinAt"": ""2026-09-16T11:32:22.421Z"", ""excludedCount"": 60, ""genreCoverage"": 0.09503885236102809, ""readinessTier"": ""ready"", ""resolvedCount"": 1673, ""resolutionRate"": 0.3936470588235294, ""datedTrackCount"": 1566, ""genreTaggedCount"": 159, ""uniqueTrackCount"": 510, ""uniqueArtistCount"": 383, ""unknownGenreCount"": 1514, ""datedTrackCoverage"": 0.9360430364614465}",curated,radio_browser,,f
Amore 87.5,amore-87-5,,Greece,http://www.radioamore.gr/,"[""folk"", ""greek""]",Bot Verification,,"{""top"": [], ""updatedAt"": ""2026-09-16T19:28:04.960Z"", ""sampleSize"": 0, ""windowDays"": 90, ""latestSpinAt"": null, ""excludedCount"": 0, ""genreCoverage"": 0, ""readinessTier"": ""insufficient"", ""resolvedCount"": 0, ""resolutionRate"": 0, ""datedTrackCount"": 0, ""genreTaggedCount"": 0, ""uniqueTrackCount"": 0, ""uniqueArtistCount"": 0, ""unknownGenreCount"": 0, ""datedTrackCoverage"": 0}",curated,radio_browser,,f
Ancient FM,ancient-fm,,Canada,https://www.ancientfm.com/,"[""ancient music"", ""classical"", ""folk"", ""medieval"", ""mittelalter"", ""renaissance""]",Ancient FM - Commercial-free Mediaeval and Renaissance Music,"{""top"": [{""count"": 5, ""genre"": ""classical""}, {""count"": 3, ""genre"": ""medieval""}, {""count"": 1, ""genre"": ""celtic""}, {""count"": 1, ""genre"": ""folk""}, {""count"": 1, ""genre"": ""renaissance""}], ""totalCount"": 406, ""unknownCount"": 400}","{""top"": [{""count"": 5, ""genre"": ""classical""}, {""count"": 3, ""genre"": ""medieval""}, {""count"": 1, ""genre"": ""celtic""}, {""count"": 1, ""genre"": ""folk""}, {""count"": 1, ""genre"": ""renaissance""}], ""updatedAt"": ""2026-09-16T19:13:40.273Z"", ""sampleSize"": 2670, ""windowDays"": 90, ""latestSpinAt"": ""2026-09-16T11:32:21.718Z"", ""excludedCount"": 94, ""genreCoverage"": 0.015584415584415584, ""readinessTier"": ""provisional"", ""resolvedCount"": 385, ""resolutionRate"": 0.1441947565543071, ""datedTrackCount"": 309, ""genreTaggedCount"": 6, ""uniqueTrackCount"": 275, ""uniqueArtistCount"": 158, ""unknownGenreCount"": 379, ""datedTrackCoverage"": 0.8025974025974026}",curated,radio_browser,,f
Anghamy,anghamy,,Lebanon,http://www.angamy.com/,"[""arabic"", ""folk"", ""pop""]","Listen to Best Arabic Music 24/7, videos, music, radio & more!","{""top"": [], ""totalCount"": 166, ""unknownCount"": 166}","{""top"": [], ""updatedAt"": ""2026-09-16T19:14:44.073Z"", ""sampleSize"": 3596, ""windowDays"": 90, ""latestSpinAt"": ""2026-09-16T11:32:01.544Z"", ""excludedCount"": 0, ""genreCoverage"": 0, ""readinessTier"": ""provisional"", ""resolvedCount"": 166, ""resolutionRate"": 0.046162402669632924, ""datedTrackCount"": 105, ""genreTaggedCount"": 0, ""uniqueTrackCount"": 62, ""uniqueArtistCount"": 35, ""unknownGenreCount"": 166, ""datedTrackCoverage"": 0.6325301204819277}",curated,radio_browser,,f
Ankara Havalari,ankara-havalari,,Türkiye,,"[""folk""]",,"{""top"": [], ""totalCount"": 711, ""unknownCount"": 711}","{""top"": [], ""updatedAt"": ""2026-09-16T19:13:36.077Z"", ""sampleSize"": 3538, ""windowDays"": 90, ""latestSpinAt"": ""2026-09-16T11:31:37.430Z"", ""excludedCount"": 2, ""genreCoverage"": 0, ""readinessTier"": ""provisional"", ""resolvedCount"": 711, ""resolutionRate"": 0.20096099491237987, ""datedTrackCount"": 684, ""genreTaggedCount"": 0, ""uniqueTrackCount"": 92, ""uniqueArtistCount"": 30, ""unknownGenreCount"": 711, ""datedTrackCoverage"": 0.9620253164556962}",curated,radio_browser,,f
Anon.FM,anon-fm,,The Russian Federation,https://anon.radio.fm/,"[""anime"", ""dnb"", ""downtempo"", ""experimental"", ""jazz"", ""psychedelic"", ""rock"", ""trance""]","Радио Анонимус - некоммерческий проект радиостанции, созданный в 2009 году, где каждый может показать себя и свои таланты. У тебя хороший голос? Ты умеешь петь? Разбираешься в музыке и в курсе современных музыкальных тенденций? Может быть ты можешь часами говорить о вышивании кре","{""top"": [{""count"": 11, ""genre"": ""rock""}, {""count"": 7, ""genre"": ""alternative rock""}, {""count"": 6, ""genre"": ""electronic""}, {""count"": 3, ""genre"": ""heavy metal""}, {""count"": 3, ""genre"": ""indie rock""}, {""count"": 3, ""genre"": ""metal""}, {""count"": 2, ""genre"": ""disco""}, {""count"": 2, ""genre"": ""downtempo""}], ""totalCount"": 204, ""unknownCount"": 185}","{""top"": [{""count"": 11, ""genre"": ""rock""}, {""count"": 7, ""genre"": ""alternative rock""}, {""count"": 6, ""genre"": ""electronic""}, {""count"": 3, ""genre"": ""heavy metal""}, {""count"": 3, ""genre"": ""indie rock""}, {""count"": 3, ""genre"": ""metal""}, {""count"": 2, ""genre"": ""disco""}, {""count"": 2, ""genre"": ""downtempo""}], ""updatedAt"": ""2026-09-16T19:29:55.658Z"", ""sampleSize"": 520, ""windowDays"": 90, ""latestSpinAt"": ""2026-09-16T19:24:36.856Z"", ""excludedCount"": 0, ""genreCoverage"": 0.09313725490196079, ""readinessTier"": ""ready"", ""resolvedCount"": 204, ""resolutionRate"": 0.3923076923076923, ""datedTrackCount"": 172, ""genreTaggedCount"": 19, ""uniqueTrackCount"": 168, ""uniqueArtistCount"": 108, ""unknownGenreCount"": 185, ""datedTrackCoverage"": 0.8431372549019608}",curated,radio_browser,,f
"Antología Vallenata, XEH 14-20 (Monterrey) - 1420 AM - XEH-AM - Grupo Radio Centro - Monterrey, NL",antolog-a-vallenata-xeh-14-20-monterrey-1420-am-xeh-am-grupo-radio-centro-monterrey-nl,,Mexico,https://www.radiocentro.com/,"[""1420"", ""1420 am"", ""am"", ""americana"", ""colombia vallenata"", ""cumbia"", ""cumbias"", ""estación"", ""grupo radio centro"", ""latin music"", ""mex"", ""mexico"", ""monterrey"", ""mty"", ""music"", ""musica"", ""musica latina"", ""musica latinoamericana"", ""musica tropical"", ""mx"", ""méxico"", ""música"", ""música en español"", ""nuevo leon"", ""nuevo león"", ""radio"", ""vallenata"", ""vallenato""]",,"{""top"": [{""count"": 3, ""genre"": ""vallenato""}, {""count"": 2, ""genre"": ""latin""}, {""count"": 1, ""genre"": ""ballad""}, {""count"": 1, ""genre"": ""cumbia""}, {""count"": 1, ""genre"": ""latin pop""}, {""count"": 1, ""genre"": ""pop""}], ""totalCount"": 396, ""unknownCount"": 391}","{""top"": [{""count"": 3, ""genre"": ""vallenato""}, {""count"": 2, ""genre"": ""latin""}, {""count"": 1, ""genre"": ""ballad""}, {""count"": 1, ""genre"": ""cumbia""}, {""count"": 1, ""genre"": ""latin pop""}, {""count"": 1, ""genre"": ""pop""}], ""updatedAt"": ""2026-09-16T19:28:58.873Z"", ""sampleSize"": 1592, ""windowDays"": 90, ""latestSpinAt"": ""2026-09-16T11:34:35.227Z"", ""excludedCount"": 0, ""genreCoverage"": 0.012626262626262626, ""readinessTier"": ""provisional"", ""resolvedCount"": 396, ""resolutionRate"": 0.24874371859296482, ""datedTrackCount"": 345, ""genreTaggedCount"": 5, ""uniqueTrackCount"": 322, ""uniqueArtistCount"": 134, ""unknownGenreCount"": 391, ""datedTrackCoverage"": 0.8712121212121212}",curated,radio_browser,,f
Art Of Music,art-of-music,,Italy,https://artofmusic.fm/,"[""disco"", ""funk"", ""house"", ""nu-jazz"", ""rare groove"", ""soul"", ""soulful""]","Web Radio | Elegant. Sophisticated. Exclusive. | We play Soulful, House Music, Disco Classics, Soul, Rare Groove, Funk and Nu-Jazz with the best Music Designers and DJs worldwide.","{""top"": [{""count"": 129, ""genre"": ""electronic""}, {""count"": 108, ""genre"": ""house""}, {""count"": 55, ""genre"": ""disco""}, {""count"": 53, ""genre"": ""dance""}, {""count"": 48, ""genre"": ""deep house""}, {""count"": 42, ""genre"": ""funk""}, {""count"": 27, ""genre"": ""downtempo""}, {""count"": 20, ""genre"": ""funky house""}], ""totalCount"": 1279, ""unknownCount"": 1135}","{""top"": [{""count"": 129, ""genre"": ""electronic""}, {""count"": 108, ""genre"": ""house""}, {""count"": 55, ""genre"": ""disco""}, {""count"": 53, ""genre"": ""dance""}, {""count"": 48, ""genre"": ""deep house""}, {""count"": 42, ""genre"": ""funk""}, {""count"": 27, ""genre"": ""downtempo""}, {""count"": 20, ""genre"": ""funky house""}], ""updatedAt"": ""2026-09-16T19:16:20.959Z"", ""sampleSize"": 2783, ""windowDays"": 90, ""latestSpinAt"": ""2026-08-19T09:05:37.576Z"", ""excludedCount"": 45, ""genreCoverage"": 0.11446740858505565, ""readinessTier"": ""ready"", ""resolvedCount"": 1258, ""resolutionRate"": 0.4520301832554797, ""datedTrackCount"": 1126, ""genreTaggedCount"": 144, ""uniqueTrackCount"": 207, ""uniqueArtistCount"": 188, ""unknownGenreCount"": 1114, ""datedTrackCoverage"": 0.8950715421303657}",curated,radio_browser,mixed,f
Artist Frequency ce48e653,artist-frequency-ce48e653,,,,,,,"{""top"": [], ""updatedAt"": ""2026-09-16T19:28:47.040Z"", ""sampleSize"": 0, ""windowDays"": 90, ""latestSpinAt"": null, ""excludedCount"": 0, ""genreCoverage"": 0, ""readinessTier"": ""insufficient"", ""resolvedCount"": 0, ""resolutionRate"": 0, ""datedTrackCount"": 0, ""genreTaggedCount"": 0, ""uniqueTrackCount"": 0, ""uniqueArtistCount"": 0, ""unknownGenreCount"": 0, ""datedTrackCoverage"": 0}",curated,curated,,f
Avant-Prog/Rock in Opposition/Canterbury Scene/Zeuhl - Radio Caprice,avant-prog-rock-in-opposition-canterbury-scene-zeuhl-radio-caprice,,,http://radcap.ru/avantprog.html,"[""avant-garde"", ""zeuhl""]",,"{""top"": [{""count"": 354, ""genre"": ""rock""}, {""count"": 301, ""genre"": ""progressive rock""}, {""count"": 149, ""genre"": ""jazz""}, {""count"": 121, ""genre"": ""avant-garde""}, {""count"": 106, ""genre"": ""experimental""}, {""count"": 99, ""genre"": ""art rock""}, {""count"": 74, ""genre"": ""jazz rock""}, {""count"": 70, ""genre"": ""psychedelic rock""}], ""totalCount"": 4694, ""unknownCount"": 4210}","{""top"": [{""count"": 354, ""genre"": ""rock""}, {""count"": 301, ""genre"": ""progressive rock""}, {""count"": 149, ""genre"": ""jazz""}, {""count"": 121, ""genre"": ""avant-garde""}, {""count"": 106, ""genre"": ""experimental""}, {""count"": 99, ""genre"": ""art rock""}, {""count"": 74, ""genre"": ""jazz rock""}, {""count"": 70, ""genre"": ""psychedelic rock""}], ""updatedAt"": ""2026-09-16T19:18:28.456Z"", ""sampleSize"": 7720, ""windowDays"": 90, ""latestSpinAt"": ""2026-09-16T19:18:10.757Z"", ""excludedCount"": 19, ""genreCoverage"": 0.10333048676345004, ""readinessTier"": ""ready"", ""resolvedCount"": 4684, ""resolutionRate"": 0.6067357512953367, ""datedTrackCount"": 4536, ""genreTaggedCount"": 484, ""uniqueTrackCount"": 2753, ""uniqueArtistCount"": 369, ""unknownGenreCount"": 4200, ""datedTrackCoverage"": 0.968403074295474}",curated,radio_browser,,f
"BANDA 93.3 (Monterrey) - 93.3 FM - XHQQ-FM - Grupo Radio Centro - Monterrey, NL",banda-93-3-monterrey-93-3-fm-xhqq-fm-grupo-radio-centro-monterrey-nl,,Mexico,http://www.banda933.com.mx/,"[""93.3"", ""93.3 fm"", ""americana"", ""banda"", ""banda norteña"", ""banda tradicional"", ""estación"", ""fm"", ""grupera"", ""grupero"", ""grupo radio centro"", ""mex"", ""mexican music"", ""mexico"", ""monterrey"", ""music"", ""musica"", ""musica latina"", ""musica latinoamericana"", ""musica mexicana"", ""musica regional"", ""musica regional mexicana"", ""musica tradicional mexicana"", ""mx"", ""méxico"", ""música"", ""música en español"", ""música popular mexicana"", ""música regional"", ""nuevo leon"", ""nuevo león"", ""radio"", ""regional"", ""regional mexican"", ""regional mexicana"", ""regional radio"", ""traditional mexican music""]",Banda 93.3 FM - Monterrey México,"{""top"": [{""count"": 3, ""genre"": ""latin""}, {""count"": 2, ""genre"": ""country""}, {""count"": 2, ""genre"": ""reggaeton""}, {""count"": 2, ""genre"": ""tejano""}, {""count"": 1, ""genre"": ""latin pop""}, {""count"": 1, ""genre"": ""pop""}, {""count"": 1, ""genre"": ""regional mexicano""}, {""count"": 1, ""genre"": ""sierreño""}], ""totalCount"": 367, ""unknownCount"": 359}","{""top"": [{""count"": 3, ""genre"": ""latin""}, {""count"": 2, ""genre"": ""country""}, {""count"": 2, ""genre"": ""reggaeton""}, {""count"": 2, ""genre"": ""tejano""}, {""count"": 1, ""genre"": ""latin pop""}, {""count"": 1, ""genre"": ""pop""}, {""count"": 1, ""genre"": ""regional mexicano""}, {""count"": 1, ""genre"": ""sierreño""}], ""updatedAt"": ""2026-09-16T19:28:47.615Z"", ""sampleSize"": 1625, ""windowDays"": 90, ""latestSpinAt"": ""2026-09-16T11:34:14.763Z"", ""excludedCount"": 0, ""genreCoverage"": 0.021798365122615803, ""readinessTier"": ""provisional"", ""resolvedCount"": 367, ""resolutionRate"": 0.22584615384615384, ""datedTrackCount"": 302, ""genreTaggedCount"": 8, ""uniqueTrackCount"": 242, ""uniqueArtistCount"": 152, ""unknownGenreCount"": 359, ""datedTrackCoverage"": 0.8228882833787466}",curated,radio_browser,,f
BBC 6 Music,bbc-6music,BBC,GB,https://www.bbc.co.uk/6music,"[""anchor""]",Listen live to Radio 6 Music on BBC Sounds,"{""top"": [{""count"": 152, ""genre"": ""rock""}, {""count"": 107, ""genre"": ""electronic""}, {""count"": 81, ""genre"": ""indie rock""}, {""count"": 73, ""genre"": ""alternative rock""}, {""count"": 65, ""genre"": ""pop""}, {""count"": 29, ""genre"": ""hip hop""}, {""count"": 26, ""genre"": ""soul""}, {""count"": 24, ""genre"": ""dance""}], ""totalCount"": 3109, ""unknownCount"": 2722}","{""top"": [{""count"": 152, ""genre"": ""rock""}, {""count"": 107, ""genre"": ""electronic""}, {""count"": 81, ""genre"": ""indie rock""}, {""count"": 73, ""genre"": ""alternative rock""}, {""count"": 65, ""genre"": ""pop""}, {""count"": 29, ""genre"": ""hip hop""}, {""count"": 26, ""genre"": ""soul""}, {""count"": 24, ""genre"": ""dance""}], ""updatedAt"": ""2026-09-16T19:09:40.661Z"", ""sampleSize"": 5235, ""windowDays"": 90, ""latestSpinAt"": ""2026-09-16T11:28:11.121Z"", ""excludedCount"": 5, ""genreCoverage"": 0.12459755312298777, ""readinessTier"": ""ready"", ""resolvedCount"": 3106, ""resolutionRate"": 0.5933142311365807, ""datedTrackCount"": 2804, ""genreTaggedCount"": 387, ""uniqueTrackCount"": 2319, ""uniqueArtistCount"": 1695, ""unknownGenreCount"": 2719, ""datedTrackCoverage"": 0.9027688345138442}",community,curated,human,f
BR Heimat,br-heimat,,Germany,https://www.br.de/radio/br-heimat/index.html,"[""folk""]","""BR Heimat"" ist der digitale Radiosender des Bayerischen Rundfunks und sendet täglich rund um die Uhr Volksmusik, Blasmusik und Geschichten zu bayerischen Belangen. Hier sehen Sie auch, wie Sie uns empfangen können. Schalten Sie ein!",,"{""top"": [], ""updatedAt"": ""2026-09-16T19:13:22.863Z"", ""sampleSize"": 0, ""windowDays"": 90, ""latestSpinAt"": null, ""excludedCount"": 0, ""genreCoverage"": 0, ""readinessTier"": ""insufficient"", ""resolvedCount"": 0, ""resolutionRate"": 0, ""datedTrackCount"": 0, ""genreTaggedCount"": 0, ""uniqueTrackCount"": 0, ""uniqueArtistCount"": 0, ""unknownGenreCount"": 0, ""datedTrackCoverage"": 0}",curated,radio_browser,,f
Balamii,balamii,Balamii,GB,https://balamii.com,"[""indie""]",London to the World,,"{""top"": [], ""updatedAt"": ""2026-09-16T19:24:47.858Z"", ""sampleSize"": 0, ""windowDays"": 90, ""latestSpinAt"": null, ""excludedCount"": 0, ""genreCoverage"": 0, ""readinessTier"": ""insufficient"", ""resolvedCount"": 0, ""resolutionRate"": 0, ""datedTrackCount"": 0, ""genreTaggedCount"": 0, ""uniqueTrackCount"": 0, ""uniqueArtistCount"": 0, ""unknownGenreCount"": 0, ""datedTrackCoverage"": 0}",community,curated,,f
Ballando Web Radio,ballando-web-radio,,Italy,http://www.ballando.eu/,"[""folk"", ""folk music"", ""local music"", ""segrate""]",,"{""top"": [], ""totalCount"": 170, ""unknownCount"": 170}","{""top"": [], ""updatedAt"": ""2026-09-16T19:24:33.760Z"", ""sampleSize"": 7919, ""windowDays"": 90, ""latestSpinAt"": ""2026-09-16T11:31:50.814Z"", ""excludedCount"": 791, ""genreCoverage"": 0, ""readinessTier"": ""insufficient"", ""resolvedCount"": 162, ""resolutionRate"": 0.020457128425306226, ""datedTrackCount"": 0, ""genreTaggedCount"": 0, ""uniqueTrackCount"": 1, ""uniqueArtistCount"": 1, ""unknownGenreCount"": 162, ""datedTrackCoverage"": 0}",curated,radio_browser,,f
Basspistol Radio,basspistol-radio,,Switzerland,https://basspistol.com/radio,"[""dance"", ""electronic"", ""experimental"", ""hiphop"", ""indie""]","Outernational Music Syndicate. The underground is dead, long live the underground!",,"{""top"": [], ""updatedAt"": ""2026-09-16T19:15:28.756Z"", ""sampleSize"": 0, ""windowDays"": 90, ""latestSpinAt"": null, ""excludedCount"": 0, ""genreCoverage"": 0, ""readinessTier"": ""insufficient"", ""resolvedCount"": 0, ""resolutionRate"": 0, ""datedTrackCount"": 0, ""genreTaggedCount"": 0, ""uniqueTrackCount"": 0, ""uniqueArtistCount"": 0, ""unknownGenreCount"": 0, ""datedTrackCoverage"": 0}",curated,radio_browser,,f
Black Rhino Radio,black-rhino-radio,,Romania,https://blackrhinoradio.com/,"[""ambient"", ""electronic"", ""experimental"", ""hip-hop"", ""house"", ""indie"", ""jazz"", ""reggae"", ""soul"", ""techno""]",Black Rhino Radio,"{""top"": [], ""totalCount"": 9, ""unknownCount"": 9}","{""top"": [], ""updatedAt"": ""2026-09-16T19:15:51.556Z"", ""sampleSize"": 84, ""windowDays"": 90, ""latestSpinAt"": ""2026-09-16T11:00:06.555Z"", ""excludedCount"": 279, ""genreCoverage"": 0, ""readinessTier"": ""insufficient"", ""resolvedCount"": 0, ""resolutionRate"": 0, ""datedTrackCount"": 0, ""genreTaggedCount"": 0, ""uniqueTrackCount"": 0, ""uniqueArtistCount"": 0, ""unknownGenreCount"": 0, ""datedTrackCoverage"": 0}",curated,radio_browser,,f
Blasmusikradio mit Bernd,blasmusikradio-mit-bernd,,Germany,https://laut.fm/blasmusikradio_mit_bernd,"[""blasmusik"", ""folk"", ""marsch"", ""polka""]",,,"{""top"": [], ""updatedAt"": ""2026-09-16T19:13:22.358Z"", ""sampleSize"": 0, ""windowDays"": 90, ""latestSpinAt"": null, ""excludedCount"": 0, ""genreCoverage"": 0, ""readinessTier"": ""insufficient"", ""resolvedCount"": 0, ""resolutionRate"": 0, ""datedTrackCount"": 0, ""genreTaggedCount"": 0, ""uniqueTrackCount"": 0, ""uniqueArtistCount"": 0, ""unknownGenreCount"": 0, ""datedTrackCoverage"": 0}",curated,radio_browser,,f
Blend Aged Station 41cdebf5,tc-blend-aged-station-41cdebf5,,,,,,"{""top"": [], ""totalCount"": 1, ""unknownCount"": 1}","{""top"": [], ""updatedAt"": ""2026-09-16T19:28:17.770Z"", ""sampleSize"": 0, ""windowDays"": 90, ""latestSpinAt"": null, ""excludedCount"": 0, ""genreCoverage"": 0, ""readinessTier"": ""insufficient"", ""resolvedCount"": 0, ""resolutionRate"": 0, ""datedTrackCount"": 0, ""genreTaggedCount"": 0, ""uniqueTrackCount"": 0, ""uniqueArtistCount"": 0, ""unknownGenreCount"": 0, ""datedTrackCoverage"": 0}",community,curated,,f
Blend Test Station 41cdebf5,tc-blend-station-41cdebf5,,,,,,,"{""top"": [], ""updatedAt"": ""2026-09-16T19:28:17.656Z"", ""sampleSize"": 0, ""windowDays"": 90, ""latestSpinAt"": null, ""excludedCount"": 0, ""genreCoverage"": 0, ""readinessTier"": ""insufficient"", ""resolvedCount"": 0, ""resolutionRate"": 0, ""datedTrackCount"": 0, ""genreTaggedCount"": 0, ""uniqueTrackCount"": 0, ""uniqueArtistCount"": 0, ""unknownGenreCount"": 0, ""datedTrackCoverage"": 0}",community,curated,,f
Blu Radio (Medellín) 97.9 FM,blu-radio-medell-n-97-9-fm,,Colombia,https://www.bluradio.com/,"[""business news"", ""cultural news"", ""economic news"", ""local news"", ""news talk music"", ""sports news"", ""talk"", ""world"", ""world news""]","Encuentre en BLU Radio las noticias de Colombia y el mundo sobre deportes, actualidad, tecnología, política, fútbol y escuche la radio online de BLU Radio.",,"{""top"": [], ""updatedAt"": ""2026-09-16T19:21:04.356Z"", ""sampleSize"": 0, ""windowDays"": 90, ""latestSpinAt"": null, ""excludedCount"": 0, ""genreCoverage"": 0, ""readinessTier"": ""insufficient"", ""resolvedCount"": 0, ""resolutionRate"": 0, ""datedTrackCount"": 0, ""genreTaggedCount"": 0, ""uniqueTrackCount"": 0, ""uniqueArtistCount"": 0, ""unknownGenreCount"": 0, ""datedTrackCoverage"": 0}",curated,radio_browser,,f
Boxout FM,boxout-fm,Boxout FM,IN,https://boxout.fm/,"[""electronic"", ""hip-hop"", ""specialist"", ""world""]",boxout.fm is your gateway to India,,"{""top"": [], ""updatedAt"": ""2026-09-16T19:29:28.975Z"", ""sampleSize"": 0, ""windowDays"": 90, ""latestSpinAt"": null, ""excludedCount"": 0, ""genreCoverage"": 0, ""readinessTier"": ""insufficient"", ""resolvedCount"": 0, ""resolutionRate"": 0, ""datedTrackCount"": 0, ""genreTaggedCount"": 0, ""uniqueTrackCount"": 0, ""uniqueArtistCount"": 0, ""unknownGenreCount"": 0, ""datedTrackCoverage"": 0}",community,curated,human,t
ByteFM,bytefm-192k,ByteFM,DE,https://www.byte.fm/,"[""anchor"", ""indie"", ""pop"", ""rock"", ""world"", ""world music""]",ByteFM ist ein moderiertes Online-Radio mit Interviews und Hintergrundinformationen. Unser Internetradio ist ausgezeichnet mit dem Grimme Online Award.,"{""top"": [{""count"": 21, ""genre"": ""rock""}, {""count"": 9, ""genre"": ""indie rock""}, {""count"": 7, ""genre"": ""classic rock""}, {""count"": 7, ""genre"": ""electronic""}, {""count"": 7, ""genre"": ""pop""}, {""count"": 6, ""genre"": ""alternative rock""}, {""count"": 5, ""genre"": ""folk rock""}, {""count"": 4, ""genre"": ""hard rock""}], ""totalCount"": 431, ""unknownCount"": 388}","{""top"": [{""count"": 21, ""genre"": ""rock""}, {""count"": 9, ""genre"": ""indie rock""}, {""count"": 7, ""genre"": ""classic rock""}, {""count"": 7, ""genre"": ""electronic""}, {""count"": 7, ""genre"": ""pop""}, {""count"": 6, ""genre"": ""alternative rock""}, {""count"": 5, ""genre"": ""folk rock""}, {""count"": 4, ""genre"": ""hard rock""}], ""updatedAt"": ""2026-09-16T19:18:51.263Z"", ""sampleSize"": 988, ""windowDays"": 90, ""latestSpinAt"": ""2026-09-16T19:16:16.965Z"", ""excludedCount"": 17, ""genreCoverage"": 0.09976798143851508, ""readinessTier"": ""ready"", ""resolvedCount"": 431, ""resolutionRate"": 0.43623481781376516, ""datedTrackCount"": 406, ""genreTaggedCount"": 43, ""uniqueTrackCount"": 341, ""uniqueArtistCount"": 300, ""unknownGenreCount"": 388, ""datedTrackCoverage"": 0.9419953596287703}",community,curated,,f
CBC Music Eastern (Toronto) MP3 Stream,cbc-music-eastern-toronto-mp3-stream,,Canada,https://www.cbc.ca/music,"[""blues"", ""classical"", ""eclectic"", ""folk"", ""jazz""]",CBC Music,,"{""top"": [], ""updatedAt"": ""2026-09-16T19:29:04.959Z"", ""sampleSize"": 0, ""windowDays"": 90, ""latestSpinAt"": null, ""excludedCount"": 0, ""genreCoverage"": 0, ""readinessTier"": ""insufficient"", ""resolvedCount"": 0, ""resolutionRate"": 0, ""datedTrackCount"": 0, ""genreTaggedCount"": 0, ""uniqueTrackCount"": 0, ""uniqueArtistCount"": 0, ""unknownGenreCount"": 0, ""datedTrackCoverage"": 0}",curated,radio_browser,,f
CFUV 101.9 FM,cfuv,University of Victoria,CA,https://cfuv.uvic.ca,"[""college""]",CFUV: 40 Years of Offbeat Radio,,"{""top"": [], ""updatedAt"": ""2026-09-16T19:27:10.561Z"", ""sampleSize"": 0, ""windowDays"": 90, ""latestSpinAt"": null, ""excludedCount"": 0, ""genreCoverage"": 0, ""readinessTier"": ""insufficient"", ""resolvedCount"": 0, ""resolutionRate"": 0, ""datedTrackCount"": 0, ""genreTaggedCount"": 0, ""uniqueTrackCount"": 0, ""uniqueArtistCount"": 0, ""unknownGenreCount"": 0, ""datedTrackCoverage"": 0}",community,curated,human,t
CHUO 89.1 FM,chuo,University of Ottawa,CA,https://www.chuo.fm,"[""college""]",Under construction - Awesome site in the making!,,"{""top"": [], ""updatedAt"": ""2026-09-16T19:28:33.570Z"", ""sampleSize"": 0, ""windowDays"": 90, ""latestSpinAt"": null, ""excludedCount"": 0, ""genreCoverage"": 0, ""readinessTier"": ""insufficient"", ""resolvedCount"": 0, ""resolutionRate"": 0, ""datedTrackCount"": 0, ""genreTaggedCount"": 0, ""uniqueTrackCount"": 0, ""uniqueArtistCount"": 0, ""unknownGenreCount"": 0, ""datedTrackCoverage"": 0}",community,curated,human,f
CJLO 1690AM,cjlo,Concordia University,CA,https://www.cjlo.com/,"[""college"", ""community"", ""indie""]",CJLO 1690AM,,"{""top"": [], ""updatedAt"": ""2026-09-16T19:30:56.990Z"", ""sampleSize"": 0, ""windowDays"": 90, ""latestSpinAt"": null, ""excludedCount"": 0, ""genreCoverage"": 0, ""readinessTier"": ""insufficient"", ""resolvedCount"": 0, ""resolutionRate"": 0, ""datedTrackCount"": 0, ""genreTaggedCount"": 0, ""uniqueTrackCount"": 0, ""uniqueArtistCount"": 0, ""unknownGenreCount"": 0, ""datedTrackCoverage"": 0}",community,curated,human,t
CJSF 90.1 FM,cjsf,Simon Fraser University,CA,https://www.cjsf.ca,"[""college""]",CJSF 90.1FM Radio | Diverse - Independent - Yours,,"{""top"": [], ""updatedAt"": ""2026-09-16T19:28:33.367Z"", ""sampleSize"": 0, ""windowDays"": 90, ""latestSpinAt"": null, ""excludedCount"": 0, ""genreCoverage"": 0, ""readinessTier"": ""insufficient"", ""resolvedCount"": 0, ""resolutionRate"": 0, ""datedTrackCount"": 0, ""genreTaggedCount"": 0, ""uniqueTrackCount"": 0, ""uniqueArtistCount"": 0, ""unknownGenreCount"": 0, ""datedTrackCoverage"": 0}",community,curated,human,f
CJSR 88.5 FM,cjsr,University of Alberta,CA,https://www.cjsr.com,"[""college""]","Edmonton&#039;s listener-supported, volunteer-powered community radio","{""top"": [{""count"": 39, ""genre"": ""rock""}, {""count"": 26, ""genre"": ""electronic""}, {""count"": 16, ""genre"": ""indie rock""}, {""count"": 15, ""genre"": ""experimental""}, {""count"": 13, ""genre"": ""ambient""}, {""count"": 10, ""genre"": ""shoegaze""}, {""count"": 9, ""genre"": ""punk""}, {""count"": 8, ""genre"": ""funk""}], ""totalCount"": 1075, ""unknownCount"": 966}","{""top"": [{""count"": 39, ""genre"": ""rock""}, {""count"": 26, ""genre"": ""electronic""}, {""count"": 16, ""genre"": ""indie rock""}, {""count"": 15, ""genre"": ""experimental""}, {""count"": 13, ""genre"": ""ambient""}, {""count"": 10, ""genre"": ""shoegaze""}, {""count"": 9, ""genre"": ""punk""}, {""count"": 8, ""genre"": ""funk""}], ""updatedAt"": ""2026-09-16T19:27:08.757Z"", ""sampleSize"": 2985, ""windowDays"": 90, ""latestSpinAt"": ""2026-09-16T19:08:35.906Z"", ""excludedCount"": 488, ""genreCoverage"": 0.1015843429636533, ""readinessTier"": ""ready"", ""resolvedCount"": 1073, ""resolutionRate"": 0.359463986599665, ""datedTrackCount"": 1020, ""genreTaggedCount"": 109, ""uniqueTrackCount"": 822, ""uniqueArtistCount"": 667, ""unknownGenreCount"": 964, ""datedTrackCoverage"": 0.9506057781919851}",community,curated,human,t
CKUA Radio,ckua,CKUA Radio Network,CA,https://ckua.com,"[""public""]",CKUA is only here because listeners choose to donate. You can shape CKUA&#039;s future and make it strong. Be the difference. Donate now.,"{""top"": [{""count"": 31, ""genre"": ""rock""}, {""count"": 27, ""genre"": ""jazz""}, {""count"": 21, ""genre"": ""pop""}, {""count"": 20, ""genre"": ""country""}, {""count"": 18, ""genre"": ""folk""}, {""count"": 15, ""genre"": ""blues""}, {""count"": 11, ""genre"": ""contemporary jazz""}, {""count"": 11, ""genre"": ""folk rock""}], ""totalCount"": 1300, ""unknownCount"": 1187}","{""top"": [{""count"": 31, ""genre"": ""rock""}, {""count"": 27, ""genre"": ""jazz""}, {""count"": 21, ""genre"": ""pop""}, {""count"": 20, ""genre"": ""country""}, {""count"": 18, ""genre"": ""folk""}, {""count"": 15, ""genre"": ""blues""}, {""count"": 11, ""genre"": ""contemporary jazz""}, {""count"": 11, ""genre"": ""folk rock""}], ""updatedAt"": ""2026-09-16T19:28:32.465Z"", ""sampleSize"": 2805, ""windowDays"": 90, ""latestSpinAt"": ""2026-09-16T19:25:29.161Z"", ""excludedCount"": 289, ""genreCoverage"": 0.10521415270018622, ""readinessTier"": ""ready"", ""resolvedCount"": 1074, ""resolutionRate"": 0.38288770053475935, ""datedTrackCount"": 978, ""genreTaggedCount"": 113, ""uniqueTrackCount"": 938, ""uniqueArtistCount"": 781, ""unknownGenreCount"": 961, ""datedTrackCoverage"": 0.9106145251396648}",community,curated,human,f
CKUT 90.3 FM,ckut,McGill University,CA,https://ckut.ca,"[""college""]",,,"{""top"": [], ""updatedAt"": ""2026-09-16T19:27:07.658Z"", ""sampleSize"": 3, ""windowDays"": 90, ""latestSpinAt"": ""2026-07-31T05:35:56.516Z"", ""excludedCount"": 4, ""genreCoverage"": 0, ""readinessTier"": ""insufficient"", ""resolvedCount"": 0, ""resolutionRate"": 0, ""datedTrackCount"": 0, ""genreTaggedCount"": 0, ""uniqueTrackCount"": 0, ""uniqueArtistCount"": 0, ""unknownGenreCount"": 0, ""datedTrackCoverage"": 0}",community,curated,human,t
COOLFM World Music,coolfm-world-music,,Hungary,https://coolfm.hu/radio/digitalis-radiok/,"[""world"", ""world music""]","A legtöbb tematikus online rádió több stílusban és tempóban és választható tematikus rádiók - COOLFM.hu! Pop, Dance, Country, Rap, Latin, Trance, stb.","{""top"": [{""count"": 132, ""genre"": ""folk""}, {""count"": 64, ""genre"": ""celtic""}, {""count"": 51, ""genre"": ""pop""}, {""count"": 50, ""genre"": ""latin""}, {""count"": 45, ""genre"": ""electronic""}, {""count"": 41, ""genre"": ""reggae""}, {""count"": 38, ""genre"": ""jazz""}, {""count"": 24, ""genre"": ""ska""}], ""totalCount"": 2386, ""unknownCount"": 2056}","{""top"": [{""count"": 132, ""genre"": ""folk""}, {""count"": 64, ""genre"": ""celtic""}, {""count"": 51, ""genre"": ""pop""}, {""count"": 50, ""genre"": ""latin""}, {""count"": 45, ""genre"": ""electronic""}, {""count"": 41, ""genre"": ""reggae""}, {""count"": 38, ""genre"": ""jazz""}, {""count"": 24, ""genre"": ""ska""}], ""updatedAt"": ""2026-09-16T19:21:21.257Z"", ""sampleSize"": 4951, ""windowDays"": 90, ""latestSpinAt"": ""2026-09-16T19:18:53.772Z"", ""excludedCount"": 12, ""genreCoverage"": 0.1385972280554389, ""readinessTier"": ""ready"", ""resolvedCount"": 2381, ""resolutionRate"": 0.4809129468794183, ""datedTrackCount"": 2139, ""genreTaggedCount"": 330, ""uniqueTrackCount"": 216, ""uniqueArtistCount"": 124, ""unknownGenreCount"": 2051, ""datedTrackCoverage"": 0.8983620327593448}",curated,radio_browser,,f
Canal Breizh,canal-breizh,,France,https://www.canalbreizh.bzh/,"[""breton"", ""folk""]",Webradio de musique bretonne,"{""top"": [], ""totalCount"": 86, ""unknownCount"": 86}","{""top"": [], ""updatedAt"": ""2026-09-16T19:14:46.756Z"", ""sampleSize"": 5564, ""windowDays"": 90, ""latestSpinAt"": ""2026-09-16T11:31:43.979Z"", ""excludedCount"": 16, ""genreCoverage"": 0, ""readinessTier"": ""provisional"", ""resolvedCount"": 82, ""resolutionRate"": 0.014737598849748382, ""datedTrackCount"": 0, ""genreTaggedCount"": 0, ""uniqueTrackCount"": 51, ""uniqueArtistCount"": 42, ""unknownGenreCount"": 82, ""datedTrackCoverage"": 0}",curated,radio_browser,,f
Candelight,candelight,,The Netherlands,http://www.candlelight.nl/,"[""ambient"", ""ambient and relaxation music""]",Love Songs & Pop Classics,"{""top"": [{""count"": 1014, ""genre"": ""pop""}, {""count"": 624, ""genre"": ""rock""}, {""count"": 352, ""genre"": ""ballad""}, {""count"": 297, ""genre"": ""pop rock""}, {""count"": 244, ""genre"": ""classic rock""}, {""count"": 157, ""genre"": ""soul""}, {""count"": 151, ""genre"": ""soft rock""}, {""count"": 128, ""genre"": ""electronic""}], ""totalCount"": 8376, ""unknownCount"": 6945}","{""top"": [{""count"": 1014, ""genre"": ""pop""}, {""count"": 624, ""genre"": ""rock""}, {""count"": 352, ""genre"": ""ballad""}, {""count"": 297, ""genre"": ""pop rock""}, {""count"": 244, ""genre"": ""classic rock""}, {""count"": 157, ""genre"": ""soul""}, {""count"": 151, ""genre"": ""soft rock""}, {""count"": 128, ""genre"": ""electronic""}], ""updatedAt"": ""2026-09-16T19:23:03.368Z"", ""sampleSize"": 10498, ""windowDays"": 90, ""latestSpinAt"": ""2026-09-16T19:20:38.974Z"", ""excludedCount"": 111, ""genreCoverage"": 0.17088607594936708, ""readinessTier"": ""ready"", ""resolvedCount"": 8374, ""resolutionRate"": 0.7976757477614784, ""datedTrackCount"": 7563, ""genreTaggedCount"": 1431, ""uniqueTrackCount"": 1633, ""uniqueArtistCount"": 646, ""unknownGenreCount"": 6943, ""datedTrackCoverage"": 0.9031526152376403}",curated,radio_browser,mixed,f
Capital FM - 91.3 FM (MP3),capital-fm-91-3-fm-mp3,,Uganda,https://capitalradio.co.ug/,"[""adult contemporary"", ""pop"", ""r&b/urban"", ""top 40"", ""world"", ""world music""]",91.3 Capital FM - Uganda,,"{""top"": [], ""updatedAt"": ""2026-09-16T19:19:15.461Z"", ""sampleSize"": 0, ""windowDays"": 90, ""latestSpinAt"": null, ""excludedCount"": 0, ""genreCoverage"": 0, ""readinessTier"": ""insufficient"", ""resolvedCount"": 0, ""resolutionRate"": 0, ""datedTrackCount"": 0, ""genreTaggedCount"": 0, ""uniqueTrackCount"": 0, ""uniqueArtistCount"": 0, ""unknownGenreCount"": 0, ""datedTrackCoverage"": 0}",curated,radio_browser,,f
Cashmere Radio,cashmere-radio,Cashmere Radio e.V.,DE,https://cashmereradio.com/,"[""avant-garde"", ""berlin"", ""community"", ""community radio"", ""experimental"", ""non-commercial"", ""non-profit"", ""specialist""]","Cashmere Radio is a community experimental radio station based in Lichtenberg, Berlin - broadcasting underground music, talk shows and live performative arts.","{""top"": [], ""totalCount"": 12, ""unknownCount"": 12}","{""top"": [], ""updatedAt"": ""2026-09-16T19:15:34.457Z"", ""sampleSize"": 0, ""windowDays"": 90, ""latestSpinAt"": null, ""excludedCount"": 269, ""genreCoverage"": 0, ""readinessTier"": ""insufficient"", ""resolvedCount"": 0, ""resolutionRate"": 0, ""datedTrackCount"": 0, ""genreTaggedCount"": 0, ""uniqueTrackCount"": 0, ""uniqueArtistCount"": 0, ""unknownGenreCount"": 0, ""datedTrackCoverage"": 0}",community,curated,mixed,t
Celtcast,celtcast,,The Netherlands,http://celtcast.com/,"[""celtic"", ""folk"", ""only music"", ""viking""]","CeltCast.com | Community radio &#8211; Celtic, Viking, Pagan and Folk music","{""top"": [{""count"": 111, ""genre"": ""folk""}, {""count"": 63, ""genre"": ""celtic""}, {""count"": 43, ""genre"": ""medieval""}, {""count"": 28, ""genre"": ""classical""}, {""count"": 18, ""genre"": ""folk rock""}, {""count"": 14, ""genre"": ""rock""}, {""count"": 13, ""genre"": ""electronic""}, {""count"": 10, ""genre"": ""neofolk""}], ""totalCount"": 1708, ""unknownCount"": 1572}","{""top"": [{""count"": 111, ""genre"": ""folk""}, {""count"": 63, ""genre"": ""celtic""}, {""count"": 43, ""genre"": ""medieval""}, {""count"": 28, ""genre"": ""classical""}, {""count"": 18, ""genre"": ""folk rock""}, {""count"": 14, ""genre"": ""rock""}, {""count"": 13, ""genre"": ""electronic""}, {""count"": 10, ""genre"": ""neofolk""}], ""updatedAt"": ""2026-09-16T19:14:42.371Z"", ""sampleSize"": 3816, ""windowDays"": 90, ""latestSpinAt"": ""2026-09-16T11:32:31.730Z"", ""excludedCount"": 55, ""genreCoverage"": 0.08018867924528301, ""readinessTier"": ""ready"", ""resolvedCount"": 1696, ""resolutionRate"": 0.4444444444444444, ""datedTrackCount"": 1619, ""genreTaggedCount"": 136, ""uniqueTrackCount"": 1265, ""uniqueArtistCount"": 423, ""unknownGenreCount"": 1560, ""datedTrackCoverage"": 0.9545990566037735}",curated,radio_browser,,f
Championshipvinyl,championshipvinyl,,Germany,https://laut.fm/championshipvinyl,"[""acoustic"", ""folk"", ""indie"", ""indie folk""]",,"{""top"": [{""count"": 2168, ""genre"": ""rock""}, {""count"": 1248, ""genre"": ""indie rock""}, {""count"": 814, ""genre"": ""alternative rock""}, {""count"": 785, ""genre"": ""electronic""}, {""count"": 520, ""genre"": ""pop""}, {""count"": 317, ""genre"": ""ambient""}, {""count"": 295, ""genre"": ""downtempo""}, {""count"": 284, ""genre"": ""folk""}], ""totalCount"": 10093, ""unknownCount"": 7190}","{""top"": [{""count"": 2168, ""genre"": ""rock""}, {""count"": 1248, ""genre"": ""indie rock""}, {""count"": 814, ""genre"": ""alternative rock""}, {""count"": 785, ""genre"": ""electronic""}, {""count"": 520, ""genre"": ""pop""}, {""count"": 317, ""genre"": ""ambient""}, {""count"": 295, ""genre"": ""downtempo""}, {""count"": 284, ""genre"": ""folk""}], ""updatedAt"": ""2026-09-16T19:22:44.759Z"", ""sampleSize"": 10654, ""windowDays"": 90, ""latestSpinAt"": ""2026-09-16T19:21:57.662Z"", ""excludedCount"": 1314, ""genreCoverage"": 0.30678685047720045, ""readinessTier"": ""ready"", ""resolvedCount"": 9430, ""resolutionRate"": 0.885113572367186, ""datedTrackCount"": 7905, ""genreTaggedCount"": 2893, ""uniqueTrackCount"": 444, ""uniqueArtistCount"": 137, ""unknownGenreCount"": 6537, ""datedTrackCoverage"": 0.8382820784729587}",curated,radio_browser,,f
Chill Lounge Florida (USA) 128k mp3,chill-lounge-florida-usa-128k-mp3,,The United States Of America,https://vip2.fastcast4u.com/proxy/chillfla?mp=/1,"[""ambient"", ""chill"", ""chillout"", ""lounge""]",,"{""top"": [{""count"": 3, ""genre"": ""electronic""}, {""count"": 3, ""genre"": ""jazz""}, {""count"": 3, ""genre"": ""smooth jazz""}, {""count"": 1, ""genre"": ""contemporary jazz""}, {""count"": 1, ""genre"": ""crossover jazz""}, {""count"": 1, ""genre"": ""lounge""}, {""count"": 1, ""genre"": ""nu jazz""}], ""totalCount"": 490, ""unknownCount"": 485}","{""top"": [{""count"": 3, ""genre"": ""electronic""}, {""count"": 3, ""genre"": ""jazz""}, {""count"": 3, ""genre"": ""smooth jazz""}, {""count"": 1, ""genre"": ""contemporary jazz""}, {""count"": 1, ""genre"": ""crossover jazz""}, {""count"": 1, ""genre"": ""lounge""}, {""count"": 1, ""genre"": ""nu jazz""}], ""updatedAt"": ""2026-09-16T19:12:22.968Z"", ""sampleSize"": 926, ""windowDays"": 90, ""latestSpinAt"": ""2026-08-11T17:51:14.514Z"", ""excludedCount"": 97, ""genreCoverage"": 0.011904761904761904, ""readinessTier"": ""insufficient"", ""resolvedCount"": 420, ""resolutionRate"": 0.4535637149028078, ""datedTrackCount"": 395, ""genreTaggedCount"": 5, ""uniqueTrackCount"": 304, ""uniqueArtistCount"": 192, ""unknownGenreCount"": 415, ""datedTrackCoverage"": 0.9404761904761905}",curated,radio_browser,,f
CoSTa's Ambient Radio,costa-s-ambient-radio,,Poland,https://pc.costa-server.info.pl:11020/public/costas_ambient_radio,"[""ambient"", ""electronic"", ""psybient""]",,"{""top"": [{""count"": 8, ""genre"": ""ambient""}, {""count"": 8, ""genre"": ""electronic""}, {""count"": 3, ""genre"": ""dark ambient""}, {""count"": 3, ""genre"": ""idm""}, {""count"": 3, ""genre"": ""new age""}, {""count"": 2, ""genre"": ""chillout""}, {""count"": 2, ""genre"": ""downtempo""}, {""count"": 2, ""genre"": ""drone""}], ""totalCount"": 55, ""unknownCount"": 44}","{""top"": [{""count"": 8, ""genre"": ""ambient""}, {""count"": 8, ""genre"": ""electronic""}, {""count"": 3, ""genre"": ""dark ambient""}, {""count"": 3, ""genre"": ""idm""}, {""count"": 3, ""genre"": ""new age""}, {""count"": 2, ""genre"": ""chillout""}, {""count"": 2, ""genre"": ""downtempo""}, {""count"": 2, ""genre"": ""drone""}], ""updatedAt"": ""2026-09-16T19:12:10.564Z"", ""sampleSize"": 83, ""windowDays"": 90, ""latestSpinAt"": ""2026-09-06T04:19:34.598Z"", ""excludedCount"": 0, ""genreCoverage"": 0.2, ""readinessTier"": ""ready"", ""resolvedCount"": 55, ""resolutionRate"": 0.6626506024096386, ""datedTrackCount"": 51, ""genreTaggedCount"": 11, ""uniqueTrackCount"": 51, ""uniqueArtistCount"": 48, ""unknownGenreCount"": 44, ""datedTrackCoverage"": 0.9272727272727272}",curated,radio_browser,,f
Concertzender De Gehoorde Stilte,concertzender-de-gehoorde-stilte,,The Netherlands,https://www.concertzender.nl/programma_genre/hedendaagse-muziek/,"[""ambient""]",De Concertzender is er voor muziekliefhebbers die het avontuur niet schuwen. Onder het motto,"{""top"": [], ""totalCount"": 2, ""unknownCount"": 2}","{""top"": [], ""updatedAt"": ""2026-09-16T19:27:39.656Z"", ""sampleSize"": 76, ""windowDays"": 90, ""latestSpinAt"": ""2026-09-16T03:20:53.521Z"", ""excludedCount"": 19, ""genreCoverage"": 0, ""readinessTier"": ""insufficient"", ""resolvedCount"": 1, ""resolutionRate"": 0.013157894736842105, ""datedTrackCount"": 0, ""genreTaggedCount"": 0, ""uniqueTrackCount"": 1, ""uniqueArtistCount"": 1, ""unknownGenreCount"": 1, ""datedTrackCoverage"": 0}",curated,radio_browser,mixed,f
Concertzender Folk it!,concertzender-folk-it,,The Netherlands,https://www.concertzender.nl/programma_genre/wereldmuziek/,"[""folk"", ""world"", ""world music""]",De Concertzender is er voor muziekliefhebbers die het avontuur niet schuwen. Onder het motto,"{""top"": [], ""totalCount"": 3, ""unknownCount"": 3}","{""top"": [], ""updatedAt"": ""2026-09-16T19:14:59.071Z"", ""sampleSize"": 80, ""windowDays"": 90, ""latestSpinAt"": ""2026-09-16T10:40:29.821Z"", ""excludedCount"": 164, ""genreCoverage"": 0, ""readinessTier"": ""insufficient"", ""resolvedCount"": 1, ""resolutionRate"": 0.0125, ""datedTrackCount"": 0, ""genreTaggedCount"": 0, ""uniqueTrackCount"": 1, ""uniqueArtistCount"": 1, ""unknownGenreCount"": 1, ""datedTrackCoverage"": 0}",curated,radio_browser,,f
Concertzender Oriënt Express,concertzender-ori-nt-express,,The Netherlands,https://www.concertzender.nl/programma_genre/wereldmuziek/,"[""world"", ""world music""]",De Concertzender is er voor muziekliefhebbers die het avontuur niet schuwen. Onder het motto,"{""top"": [], ""totalCount"": 4, ""unknownCount"": 4}","{""top"": [], ""updatedAt"": ""2026-09-16T19:24:46.558Z"", ""sampleSize"": 74, ""windowDays"": 90, ""latestSpinAt"": ""2026-09-15T13:46:28.343Z"", ""excludedCount"": 98, ""genreCoverage"": 0, ""readinessTier"": ""insufficient"", ""resolvedCount"": 0, ""resolutionRate"": 0, ""datedTrackCount"": 0, ""genreTaggedCount"": 0, ""uniqueTrackCount"": 0, ""uniqueArtistCount"": 0, ""unknownGenreCount"": 0, ""datedTrackCoverage"": 0}",curated,radio_browser,,f
Concertzender Solta a Franga,concertzender-solta-a-franga,,The Netherlands,https://www.concertzender.nl/programma_genre/wereldmuziek/,"[""world"", ""world music""]",De Concertzender is er voor muziekliefhebbers die het avontuur niet schuwen. Onder het motto,"{""top"": [], ""totalCount"": 2, ""unknownCount"": 2}","{""top"": [], ""updatedAt"": ""2026-09-16T19:22:21.986Z"", ""sampleSize"": 91, ""windowDays"": 90, ""latestSpinAt"": ""2026-09-16T00:35:32.937Z"", ""excludedCount"": 155, ""genreCoverage"": 0, ""readinessTier"": ""insufficient"", ""resolvedCount"": 1, ""resolutionRate"": 0.01098901098901099, ""datedTrackCount"": 0, ""genreTaggedCount"": 0, ""uniqueTrackCount"": 1, ""uniqueArtistCount"": 1, ""unknownGenreCount"": 1, ""datedTrackCoverage"": 0}",curated,radio_browser,,f
Concertzender Wereldmuziek,concertzender-wereldmuziek,,The Netherlands,https://www.concertzender.nl/programma_genre/wereldmuziek/,"[""world"", ""world music""]",De Concertzender is er voor muziekliefhebbers die het avontuur niet schuwen. Onder het motto,"{""top"": [], ""totalCount"": 8, ""unknownCount"": 8}","{""top"": [], ""updatedAt"": ""2026-09-16T19:20:55.976Z"", ""sampleSize"": 66, ""windowDays"": 90, ""latestSpinAt"": ""2026-09-16T10:43:27.745Z"", ""excludedCount"": 130, ""genreCoverage"": 0, ""readinessTier"": ""insufficient"", ""resolvedCount"": 2, ""resolutionRate"": 0.030303030303030304, ""datedTrackCount"": 0, ""genreTaggedCount"": 0, ""uniqueTrackCount"": 1, ""uniqueArtistCount"": 1, ""unknownGenreCount"": 2, ""datedTrackCoverage"": 0}",curated,radio_browser,,f
Concertzender X-Rated,concertzender-x-rated,,The Netherlands,https://www.concertzender.nl/programma_genre/crosslinks/,"[""ambient"", ""avant-garde"", ""electronics"", ""experimental"", ""industrial""]",De Concertzender is er voor muziekliefhebbers die het avontuur niet schuwen. Onder het motto,"{""top"": [], ""totalCount"": 3, ""unknownCount"": 3}","{""top"": [], ""updatedAt"": ""2026-09-16T19:15:50.866Z"", ""sampleSize"": 78, ""windowDays"": 90, ""latestSpinAt"": ""2026-09-16T10:43:44.619Z"", ""excludedCount"": 86, ""genreCoverage"": 0, ""readinessTier"": ""insufficient"", ""resolvedCount"": 0, ""resolutionRate"": 0, ""datedTrackCount"": 0, ""genreTaggedCount"": 0, ""uniqueTrackCount"": 0, ""uniqueArtistCount"": 0, ""unknownGenreCount"": 0, ""datedTrackCoverage"": 0}",curated,radio_browser,mixed,f
Cool Radio,cool-radio,,Serbia,http://www.coolradio.rs/,"[""folk""]",,"{""top"": [], ""totalCount"": 153, ""unknownCount"": 153}","{""top"": [], ""updatedAt"": ""2026-09-16T19:13:52.162Z"", ""sampleSize"": 707, ""windowDays"": 90, ""latestSpinAt"": ""2026-07-26T01:02:57.780Z"", ""excludedCount"": 0, ""genreCoverage"": 0, ""readinessTier"": ""insufficient"", ""resolvedCount"": 153, ""resolutionRate"": 0.2164073550212164, ""datedTrackCount"": 149, ""genreTaggedCount"": 0, ""uniqueTrackCount"": 73, ""uniqueArtistCount"": 43, ""unknownGenreCount"": 153, ""datedTrackCoverage"": 0.9738562091503268}",curated,radio_browser,,f
Cryosleep,cryosleep,,The United States Of America,http://www.echoesofbluemars.org/cryosleep.php,"[""ambient"", ""calm"", ""music"", ""nobeat"", ""sleep"", ""space""]",,"{""top"": [{""count"": 825, ""genre"": ""electronic""}, {""count"": 808, ""genre"": ""ambient""}, {""count"": 225, ""genre"": ""new age""}, {""count"": 170, ""genre"": ""dark ambient""}, {""count"": 137, ""genre"": ""downtempo""}, {""count"": 82, ""genre"": ""experimental""}, {""count"": 54, ""genre"": ""modern classical""}, {""count"": 41, ""genre"": ""psytrance""}], ""totalCount"": 1734, ""unknownCount"": 884}","{""top"": [{""count"": 825, ""genre"": ""electronic""}, {""count"": 808, ""genre"": ""ambient""}, {""count"": 225, ""genre"": ""new age""}, {""count"": 170, ""genre"": ""dark ambient""}, {""count"": 137, ""genre"": ""downtempo""}, {""count"": 82, ""genre"": ""experimental""}, {""count"": 54, ""genre"": ""modern classical""}, {""count"": 41, ""genre"": ""psytrance""}], ""updatedAt"": ""2026-09-16T19:11:37.958Z"", ""sampleSize"": 2910, ""windowDays"": 90, ""latestSpinAt"": ""2026-09-16T11:29:20.555Z"", ""excludedCount"": 19, ""genreCoverage"": 0.49019607843137253, ""readinessTier"": ""ready"", ""resolvedCount"": 1734, ""resolutionRate"": 0.5958762886597938, ""datedTrackCount"": 1625, ""genreTaggedCount"": 850, ""uniqueTrackCount"": 193, ""uniqueArtistCount"": 58, ""unknownGenreCount"": 884, ""datedTrackCoverage"": 0.9371395617070357}",curated,radio_browser,,f
Culture Failure,culture-failure,,The United States Of America,https://culturefailure.com/,"[""ambient"", ""electronic"", ""minimal"", ""noise""]",,"{""top"": [{""count"": 2884, ""genre"": ""electronic""}, {""count"": 2866, ""genre"": ""ambient""}, {""count"": 1963, ""genre"": ""idm""}, {""count"": 1787, ""genre"": ""downtempo""}, {""count"": 526, ""genre"": ""experimental""}, {""count"": 351, ""genre"": ""dance""}, {""count"": 350, ""genre"": ""chillout""}, {""count"": 230, ""genre"": ""dark ambient""}], ""totalCount"": 5623, ""unknownCount"": 2257}","{""top"": [{""count"": 2884, ""genre"": ""electronic""}, {""count"": 2866, ""genre"": ""ambient""}, {""count"": 1963, ""genre"": ""idm""}, {""count"": 1787, ""genre"": ""downtempo""}, {""count"": 526, ""genre"": ""experimental""}, {""count"": 351, ""genre"": ""dance""}, {""count"": 350, ""genre"": ""chillout""}, {""count"": 230, ""genre"": ""dark ambient""}], ""updatedAt"": ""2026-09-16T19:17:01.959Z"", ""sampleSize"": 7032, ""windowDays"": 90, ""latestSpinAt"": ""2026-09-16T19:13:33.466Z"", ""excludedCount"": 11, ""genreCoverage"": 0.5987193169690501, ""readinessTier"": ""ready"", ""resolvedCount"": 5622, ""resolutionRate"": 0.7994880546075085, ""datedTrackCount"": 5218, ""genreTaggedCount"": 3366, ""uniqueTrackCount"": 483, ""uniqueArtistCount"": 84, ""unknownGenreCount"": 2256, ""datedTrackCoverage"": 0.928139452152259}",curated,radio_browser,,f
DARK ZERO RADIO,dark-zero-radio,,Germany,https://dark-zero-radio.com/,"[""dark wave"", ""ebm"", ""futurepop"", ""gothic"", ""gothic-rock"", ""industrial"", ""new beat."", ""new wave"", ""post-punk"", ""synth-pop""]","Dark-Zero-Radio is an online radio station based in Germany, specializing in Darkwave, EBM, Futurepop, Gothic Rock, Industrial, New Beat, New Wave, Post-Punk, Synthpop, NDH, and Melodic Rock. Founded in March 2018, it delivers an exciting mix of alternative and underground music ",,"{""top"": [], ""updatedAt"": ""2026-09-16T19:17:26.057Z"", ""sampleSize"": 0, ""windowDays"": 90, ""latestSpinAt"": null, ""excludedCount"": 0, ""genreCoverage"": 0, ""readinessTier"": ""insufficient"", ""resolvedCount"": 0, ""resolutionRate"": 0, ""datedTrackCount"": 0, ""genreTaggedCount"": 0, ""uniqueTrackCount"": 0, ""uniqueArtistCount"": 0, ""unknownGenreCount"": 0, ""datedTrackCoverage"": 0}",curated,radio_browser,,f
DEEP IN SPACE,deep-in-space,,The Russian Federation,https://deepinspace.ru/,"[""ambi"", ""ambient"", ""chillout"", ""deep space"", ""space music""]",DEEP IN SPACE - space travel music. Музыка для космических путешествий,"{""top"": [{""count"": 71, ""genre"": ""ambient""}, {""count"": 51, ""genre"": ""electronic""}, {""count"": 36, ""genre"": ""space ambient""}, {""count"": 23, ""genre"": ""dub techno""}, {""count"": 20, ""genre"": ""downtempo""}, {""count"": 18, ""genre"": ""berlin school""}, {""count"": 15, ""genre"": ""ambient techno""}, {""count"": 9, ""genre"": ""ambient dub""}], ""totalCount"": 1520, ""unknownCount"": 1385}","{""top"": [{""count"": 71, ""genre"": ""ambient""}, {""count"": 51, ""genre"": ""electronic""}, {""count"": 36, ""genre"": ""space ambient""}, {""count"": 23, ""genre"": ""dub techno""}, {""count"": 20, ""genre"": ""downtempo""}, {""count"": 18, ""genre"": ""berlin school""}, {""count"": 15, ""genre"": ""ambient techno""}, {""count"": 9, ""genre"": ""ambient dub""}], ""updatedAt"": ""2026-09-16T19:11:53.963Z"", ""sampleSize"": 3693, ""windowDays"": 90, ""latestSpinAt"": ""2026-09-16T11:33:33.425Z"", ""excludedCount"": 54, ""genreCoverage"": 0.09018036072144289, ""readinessTier"": ""ready"", ""resolvedCount"": 1497, ""resolutionRate"": 0.40536149471974003, ""datedTrackCount"": 1466, ""genreTaggedCount"": 135, ""uniqueTrackCount"": 177, ""uniqueArtistCount"": 53, ""unknownGenreCount"": 1362, ""datedTrackCoverage"": 0.9792919171676687}",curated,radio_browser,,f
DJ 666 Geordieblackcore,dj-666-geordieblackcore,,,https://laut.fm/dj666geordieblackcore,"[""black metal"", ""crust"", ""death metal"", ""folk"", ""folk metal"", ""gore metal"", ""grindcore"", ""pagan black metal"", ""punk"", ""thrash metal""]",,"{""top"": [{""count"": 183, ""genre"": ""rock""}, {""count"": 171, ""genre"": ""black metal""}, {""count"": 118, ""genre"": ""metal""}, {""count"": 40, ""genre"": ""experimental""}, {""count"": 38, ""genre"": ""doom metal""}, {""count"": 25, ""genre"": ""electronic""}, {""count"": 22, ""genre"": ""death metal""}, {""count"": 15, ""genre"": ""dark ambient""}], ""totalCount"": 1146, ""unknownCount"": 912}","{""top"": [{""count"": 183, ""genre"": ""rock""}, {""count"": 171, ""genre"": ""black metal""}, {""count"": 118, ""genre"": ""metal""}, {""count"": 40, ""genre"": ""experimental""}, {""count"": 38, ""genre"": ""doom metal""}, {""count"": 25, ""genre"": ""electronic""}, {""count"": 22, ""genre"": ""death metal""}, {""count"": 15, ""genre"": ""dark ambient""}], ""updatedAt"": ""2026-09-16T19:28:03.062Z"", ""sampleSize"": 1954, ""windowDays"": 90, ""latestSpinAt"": ""2026-09-16T19:27:43.096Z"", ""excludedCount"": 0, ""genreCoverage"": 0.20418848167539266, ""readinessTier"": ""ready"", ""resolvedCount"": 1146, ""resolutionRate"": 0.586489252814739, ""datedTrackCount"": 1132, ""genreTaggedCount"": 234, ""uniqueTrackCount"": 499, ""uniqueArtistCount"": 395, ""unknownGenreCount"": 912, ""datedTrackCoverage"": 0.987783595113438}",curated,radio_browser,,f
DKFM Classic,dkfm-classic,,,https://decayfm.com/dkfm-classic-2/,"[""shoegaze""]",,"{""top"": [{""count"": 1782, ""genre"": ""rock""}, {""count"": 1044, ""genre"": ""alternative rock""}, {""count"": 920, ""genre"": ""indie rock""}, {""count"": 915, ""genre"": ""shoegaze""}, {""count"": 447, ""genre"": ""electronic""}, {""count"": 348, ""genre"": ""ambient""}, {""count"": 301, ""genre"": ""ethereal wave""}, {""count"": 288, ""genre"": ""dream pop""}], ""totalCount"": 6712, ""unknownCount"": 4399}","{""top"": [{""count"": 1782, ""genre"": ""rock""}, {""count"": 1044, ""genre"": ""alternative rock""}, {""count"": 920, ""genre"": ""indie rock""}, {""count"": 915, ""genre"": ""shoegaze""}, {""count"": 447, ""genre"": ""electronic""}, {""count"": 348, ""genre"": ""ambient""}, {""count"": 301, ""genre"": ""ethereal wave""}, {""count"": 288, ""genre"": ""dream pop""}], ""updatedAt"": ""2026-09-16T19:17:20.568Z"", ""sampleSize"": 8357, ""windowDays"": 90, ""latestSpinAt"": ""2026-09-16T11:31:15.015Z"", ""excludedCount"": 81, ""genreCoverage"": 0.34506937192301956, ""readinessTier"": ""ready"", ""resolvedCount"": 6703, ""resolutionRate"": 0.8020820868732799, ""datedTrackCount"": 6310, ""genreTaggedCount"": 2313, ""uniqueTrackCount"": 1642, ""uniqueArtistCount"": 241, ""unknownGenreCount"": 4390, ""datedTrackCoverage"": 0.9413695360286439}",curated,radio_browser,,f
Dare-FM,dare-fm,,The United States Of America,https://wdarefm.com/,"[""80s"", ""90s alternative"", ""alternative"", ""alternative / indie"", ""alternative classics"", ""alternative indie rock"", ""alternative rock"", ""new wave""]","DARE FM is ""World Famous"" for introducing a veritable ""Who&#039;s Who"" of artists in the Alternative Rock genre. Broadcasting on 92.7 as WLIR and WDRE in the New York Metro from 1970 to 2004. Now streaming on line at www.darefm.com","{""top"": [{""count"": 1, ""genre"": ""electronic""}, {""count"": 1, ""genre"": ""electronic rock""}, {""count"": 1, ""genre"": ""new romantic""}, {""count"": 1, ""genre"": ""new wave""}, {""count"": 1, ""genre"": ""synth-pop""}], ""totalCount"": 110, ""unknownCount"": 109}","{""top"": [{""count"": 1, ""genre"": ""electronic""}, {""count"": 1, ""genre"": ""electronic rock""}, {""count"": 1, ""genre"": ""new romantic""}, {""count"": 1, ""genre"": ""new wave""}, {""count"": 1, ""genre"": ""synth-pop""}], ""updatedAt"": ""2026-09-16T19:16:24.971Z"", ""sampleSize"": 4573, ""windowDays"": 90, ""latestSpinAt"": ""2026-09-16T11:32:48.462Z"", ""excludedCount"": 1, ""genreCoverage"": 0.00909090909090909, ""readinessTier"": ""provisional"", ""resolvedCount"": 110, ""resolutionRate"": 0.024054231357970697, ""datedTrackCount"": 23, ""genreTaggedCount"": 1, ""uniqueTrackCount"": 61, ""uniqueArtistCount"": 58, ""unknownGenreCount"": 109, ""datedTrackCoverage"": 0.20909090909090908}",curated,radio_browser,mixed,f
Darksynth Radio,darksynth-radio,,Austria,https://laut.fm/darksynthradio,"[""electronic"", ""80s"", ""darkwave"", ""electropop"", ""gothic"", ""industrial"", ""minimal wave"", ""synthpop""]",,,"{""top"": [], ""updatedAt"": ""2026-09-16T19:13:16.158Z"", ""sampleSize"": 0, ""windowDays"": 90, ""latestSpinAt"": null, ""excludedCount"": 0, ""genreCoverage"": 0, ""readinessTier"": ""insufficient"", ""resolvedCount"": 0, ""resolutionRate"": 0, ""datedTrackCount"": 0, ""genreTaggedCount"": 0, ""uniqueTrackCount"": 0, ""uniqueArtistCount"": 0, ""unknownGenreCount"": 0, ""datedTrackCoverage"": 0}",curated,radio_browser,,f
Deep Radio,deep-radio,,The Netherlands,https://deep.radio/,"[""ambient"", ""dance"", ""deep house"", ""downtempo"", ""edm"", ""house"", ""nu-jazz"", ""progressive"", ""techno""]","Wij zijn Deep, een legendarisch online dance radio station. We ademen al bijna 20 jaar dancemuziek. Ons hart klopt 24 uur per dag in een vette beat. Probeer daar maar eens stil bij te blijven zitten! Overal te beluisteren via https://deep.radio",,"{""top"": [], ""updatedAt"": ""2026-09-16T19:11:07.764Z"", ""sampleSize"": 0, ""windowDays"": 90, ""latestSpinAt"": null, ""excludedCount"": 0, ""genreCoverage"": 0, ""readinessTier"": ""insufficient"", ""resolvedCount"": 0, ""resolutionRate"": 0, ""datedTrackCount"": 0, ""genreTaggedCount"": 0, ""uniqueTrackCount"": 0, ""uniqueArtistCount"": 0, ""unknownGenreCount"": 0, ""datedTrackCoverage"": 0}",curated,radio_browser,mixed,f
Denge Qamishlo,denge-qamishlo,,Syrian Arab Republic,https://laut.fm/dengeqamishlo,"[""folk"", ""folk music"", ""kurdish folk music"", ""kurdish songs""]",,"{""top"": [], ""totalCount"": 1620, ""unknownCount"": 1620}","{""top"": [], ""updatedAt"": ""2026-09-16T19:13:57.755Z"", ""sampleSize"": 6078, ""windowDays"": 90, ""latestSpinAt"": ""2026-09-16T11:32:39.824Z"", ""excludedCount"": 1195, ""genreCoverage"": 0, ""readinessTier"": ""provisional"", ""resolvedCount"": 952, ""resolutionRate"": 0.15663047054952287, ""datedTrackCount"": 885, ""genreTaggedCount"": 0, ""uniqueTrackCount"": 20, ""uniqueArtistCount"": 12, ""unknownGenreCount"": 952, ""datedTrackCoverage"": 0.9296218487394958}",curated,radio_browser,,f
Derti 90.5,derti-90-5,,Greece,https://derti905.gr/,"[""folk"", ""greek folk""]",Bot Verification,"{""top"": [], ""totalCount"": 1010, ""unknownCount"": 1010}","{""top"": [], ""updatedAt"": ""2026-09-16T19:27:39.155Z"", ""sampleSize"": 2267, ""windowDays"": 90, ""latestSpinAt"": ""2026-09-16T11:31:27.514Z"", ""excludedCount"": 0, ""genreCoverage"": 0, ""readinessTier"": ""provisional"", ""resolvedCount"": 1010, ""resolutionRate"": 0.4455227172474636, ""datedTrackCount"": 989, ""genreTaggedCount"": 0, ""uniqueTrackCount"": 636, ""uniqueArtistCount"": 87, ""unknownGenreCount"": 1010, ""datedTrackCoverage"": 0.9792079207920792}",curated,radio_browser,,f
Divyavani,divyavani,,India,https://divyavani.org/,"[""ethnic"", ""hinduism"", ""new age"", ""religion"", ""world"", ""world music"", ""yoga""]",,"{""top"": [], ""totalCount"": 3, ""unknownCount"": 3}","{""top"": [], ""updatedAt"": ""2026-09-16T19:23:08.237Z"", ""sampleSize"": 8405, ""windowDays"": 90, ""latestSpinAt"": ""2026-09-16T19:17:52.373Z"", ""excludedCount"": 141, ""genreCoverage"": 0, ""readinessTier"": ""insufficient"", ""resolvedCount"": 3, ""resolutionRate"": 0.0003569303985722784, ""datedTrackCount"": 0, ""genreTaggedCount"": 0, ""uniqueTrackCount"": 1, ""uniqueArtistCount"": 1, ""unknownGenreCount"": 3, ""datedTrackCoverage"": 0}",curated,radio_browser,,f
Dreampop Radio,dreampop-radio,,Germany,http://onlineradiobox.com/de/dreampop/,"[""alternative"", ""folk"", ""indie""]","Hören Sie Dreampop Radio in Hamburg, Deutschland. Hören sie kostenlos Ihre Lieblings-Radiosender auf OnlineRadioBox.com",,"{""top"": [], ""updatedAt"": ""2026-09-16T19:27:38.957Z"", ""sampleSize"": 0, ""windowDays"": 90, ""latestSpinAt"": null, ""excludedCount"": 0, ""genreCoverage"": 0, ""readinessTier"": ""insufficient"", ""resolvedCount"": 0, ""resolutionRate"": 0, ""datedTrackCount"": 0, ""genreTaggedCount"": 0, ""uniqueTrackCount"": 0, ""uniqueArtistCount"": 0, ""unknownGenreCount"": 0, ""datedTrackCoverage"": 0}",curated,radio_browser,,f
Dubai Eye 103.8,dubai-eye-103-8,,The United Arab Emirates,https://www.dubaieye1038.com/,"[""variety"", ""world"", ""world middle east""]","Dubai Eye 103.8 is Dubai&#039;s only News, Talk & Sports radio station. Hear the Business Breakfast every morning from 6am with Brandy Scott and Richard Dean and drive home every night with Chris, Robbie and Sonal on Off script from 5pm.",,"{""top"": [], ""updatedAt"": ""2026-09-16T19:24:05.961Z"", ""sampleSize"": 0, ""windowDays"": 90, ""latestSpinAt"": null, ""excludedCount"": 0, ""genreCoverage"": 0, ""readinessTier"": ""insufficient"", ""resolvedCount"": 0, ""resolutionRate"": 0, ""datedTrackCount"": 0, ""genreTaggedCount"": 0, ""uniqueTrackCount"": 0, ""uniqueArtistCount"": 0, ""unknownGenreCount"": 0, ""datedTrackCoverage"": 0}",curated,radio_browser,mixed,f
Dublab,dublab,Dublab,US,https://dublab.com,"[""anchor"", ""specialist""]",dublab,"{""top"": [{""count"": 19, ""genre"": ""electronic""}, {""count"": 13, ""genre"": ""jazz""}, {""count"": 13, ""genre"": ""krautrock""}, {""count"": 13, ""genre"": ""psychedelic""}, {""count"": 13, ""genre"": ""soul""}], ""totalCount"": 230, ""unknownCount"": 211}","{""top"": [{""count"": 19, ""genre"": ""electronic""}, {""count"": 13, ""genre"": ""jazz""}, {""count"": 13, ""genre"": ""krautrock""}, {""count"": 13, ""genre"": ""psychedelic""}, {""count"": 13, ""genre"": ""soul""}], ""updatedAt"": ""2026-09-16T19:24:46.866Z"", ""sampleSize"": 772, ""windowDays"": 90, ""latestSpinAt"": ""2026-09-16T11:20:40.769Z"", ""excludedCount"": 83, ""genreCoverage"": 0.08260869565217391, ""readinessTier"": ""ready"", ""resolvedCount"": 230, ""resolutionRate"": 0.2979274611398964, ""datedTrackCount"": 215, ""genreTaggedCount"": 19, ""uniqueTrackCount"": 116, ""uniqueArtistCount"": 63, ""unknownGenreCount"": 211, ""datedTrackCoverage"": 0.9347826086956522}",community,curated,,f
EBM,ebm,,Germany,https://flatlinesradio.de/,"[""dark wave"", ""ebm"", ""electronic"", ""electronica"", ""experimental"", ""industrial"", ""martial industrial"", ""new wave""]",,,"{""top"": [], ""updatedAt"": ""2026-09-16T19:15:29.056Z"", ""sampleSize"": 0, ""windowDays"": 90, ""latestSpinAt"": null, ""excludedCount"": 0, ""genreCoverage"": 0, ""readinessTier"": ""insufficient"", ""resolvedCount"": 0, ""resolutionRate"": 0, ""datedTrackCount"": 0, ""genreTaggedCount"": 0, ""uniqueTrackCount"": 0, ""uniqueArtistCount"": 0, ""unknownGenreCount"": 0, ""datedTrackCoverage"": 0}",curated,radio_browser,,f
EPIC CLASSICAL - Classical Dinner,epic-classical-classical-dinner,,Germany,https://epic-classical.com/,"[""ambient"", ""chillout"", ""classical"", ""classical piano"", ""jazz"", ""klassik"", ""lounge"", ""piano"", ""synth""]",,,"{""top"": [], ""updatedAt"": ""2026-09-16T19:23:44.967Z"", ""sampleSize"": 0, ""windowDays"": 90, ""latestSpinAt"": null, ""excludedCount"": 0, ""genreCoverage"": 0, ""readinessTier"": ""insufficient"", ""resolvedCount"": 0, ""resolutionRate"": 0, ""datedTrackCount"": 0, ""genreTaggedCount"": 0, ""uniqueTrackCount"": 0, ""uniqueArtistCount"": 0, ""unknownGenreCount"": 0, ""datedTrackCoverage"": 0}",curated,radio_browser,,f
EPIC CLASSICAL - Classical Oldies,epic-classical-classical-oldies,,Germany,https://epic-classical.com/,"[""ambient"", ""ambiente"", ""classic"", ""goldies"", ""jazz"", ""klassik"", ""new classics"", ""oldies"", ""piano"", ""relax""]",,,"{""top"": [], ""updatedAt"": ""2026-09-16T19:25:28.763Z"", ""sampleSize"": 0, ""windowDays"": 90, ""latestSpinAt"": null, ""excludedCount"": 0, ""genreCoverage"": 0, ""readinessTier"": ""insufficient"", ""resolvedCount"": 0, ""resolutionRate"": 0, ""datedTrackCount"": 0, ""genreTaggedCount"": 0, ""uniqueTrackCount"": 0, ""uniqueArtistCount"": 0, ""unknownGenreCount"": 0, ""datedTrackCoverage"": 0}",curated,radio_browser,,f
EPIC CLASSICAL - Classical Study,epic-classical-classical-study,,Germany,https://epic-classical.com/,"[""adult contemporary"", ""ambient"", ""chillout"", ""chillout+lounge"", ""classical"", ""jazz"", ""klassik"", ""music for study""]",,,"{""top"": [], ""updatedAt"": ""2026-09-16T19:12:41.460Z"", ""sampleSize"": 0, ""windowDays"": 90, ""latestSpinAt"": null, ""excludedCount"": 0, ""genreCoverage"": 0, ""readinessTier"": ""insufficient"", ""resolvedCount"": 0, ""resolutionRate"": 0, ""datedTrackCount"": 0, ""genreTaggedCount"": 0, ""uniqueTrackCount"": 0, ""uniqueArtistCount"": 0, ""unknownGenreCount"": 0, ""datedTrackCoverage"": 0}",curated,radio_browser,,f
EarGlow Radio,earglow-radio,,The United States Of America,https://earglowradio.com/,"[""americana"", ""folk"", ""indie pop"", ""indie rock"", ""pop"", ""pop rock"", ""rock"", ""synth pop""]","EarGlow Radio - Latest Music, News, & Videos",,"{""top"": [], ""updatedAt"": ""2026-09-16T19:29:17.063Z"", ""sampleSize"": 0, ""windowDays"": 90, ""latestSpinAt"": null, ""excludedCount"": 0, ""genreCoverage"": 0, ""readinessTier"": ""insufficient"", ""resolvedCount"": 0, ""resolutionRate"": 0, ""datedTrackCount"": 0, ""genreTaggedCount"": 0, ""uniqueTrackCount"": 0, ""uniqueArtistCount"": 0, ""unknownGenreCount"": 0, ""datedTrackCoverage"": 0}",curated,radio_browser,,f
East Tennessee's Own WDVX 89.9 FM,east-tennessee-s-own-wdvx-89-9-fm,,,https://wdvx.com/,"[""americana"", ""bluegrass""]",East Tennessee&#039;s Own WDVX &mdash; Listener Supported Community Radio,"{""top"": [{""count"": 11, ""genre"": ""country""}, {""count"": 4, ""genre"": ""bluegrass""}, {""count"": 3, ""genre"": ""classic country""}, {""count"": 3, ""genre"": ""rock""}, {""count"": 2, ""genre"": ""blues rock""}, {""count"": 2, ""genre"": ""country rock""}, {""count"": 1, ""genre"": ""alternative country""}, {""count"": 1, ""genre"": ""blues""}], ""totalCount"": 287, ""unknownCount"": 270}","{""top"": [{""count"": 11, ""genre"": ""country""}, {""count"": 4, ""genre"": ""bluegrass""}, {""count"": 3, ""genre"": ""classic country""}, {""count"": 3, ""genre"": ""rock""}, {""count"": 2, ""genre"": ""blues rock""}, {""count"": 2, ""genre"": ""country rock""}, {""count"": 1, ""genre"": ""alternative country""}, {""count"": 1, ""genre"": ""blues""}], ""updatedAt"": ""2026-09-16T19:22:03.960Z"", ""sampleSize"": 5272, ""windowDays"": 90, ""latestSpinAt"": ""2026-09-16T11:32:57.424Z"", ""excludedCount"": 9, ""genreCoverage"": 0.06007067137809187, ""readinessTier"": ""ready"", ""resolvedCount"": 283, ""resolutionRate"": 0.05367981790591806, ""datedTrackCount"": 207, ""genreTaggedCount"": 17, ""uniqueTrackCount"": 146, ""uniqueArtistCount"": 139, ""unknownGenreCount"": 266, ""datedTrackCoverage"": 0.7314487632508834}",curated,radio_browser,mixed,f
Echoes of Bluemars,echoes-of-bluemars,,The United States Of America,http://www.echoesofbluemars.org/bluemars.php,"[""ambient"", ""bluemars"", ""mars"", ""music"", ""space""]",,"{""top"": [{""count"": 2270, ""genre"": ""electronic""}, {""count"": 2161, ""genre"": ""ambient""}, {""count"": 631, ""genre"": ""downtempo""}, {""count"": 361, ""genre"": ""experimental""}, {""count"": 213, ""genre"": ""idm""}, {""count"": 186, ""genre"": ""dark ambient""}, {""count"": 155, ""genre"": ""new age""}, {""count"": 141, ""genre"": ""techno""}], ""totalCount"": 3991, ""unknownCount"": 1669}","{""top"": [{""count"": 2269, ""genre"": ""electronic""}, {""count"": 2160, ""genre"": ""ambient""}, {""count"": 630, ""genre"": ""downtempo""}, {""count"": 361, ""genre"": ""experimental""}, {""count"": 213, ""genre"": ""idm""}, {""count"": 185, ""genre"": ""dark ambient""}, {""count"": 155, ""genre"": ""new age""}, {""count"": 140, ""genre"": ""techno""}], ""updatedAt"": ""2026-09-16T19:22:06.360Z"", ""sampleSize"": 5587, ""windowDays"": 90, ""latestSpinAt"": ""2026-09-16T19:20:57.361Z"", ""excludedCount"": 6, ""genreCoverage"": 0.5824341279799247, ""readinessTier"": ""ready"", ""resolvedCount"": 3985, ""resolutionRate"": 0.7132629318059782, ""datedTrackCount"": 3811, ""genreTaggedCount"": 2321, ""uniqueTrackCount"": 322, ""uniqueArtistCount"": 104, ""unknownGenreCount"": 1664, ""datedTrackCoverage"": 0.95633626097867}",curated,radio_browser,,f
ElectroZombies,electrozombies,,Germany,https://electrozombies.com/,"[""darkwave"", ""ebm"", ""electropop"", ""futurepop"", ""gothic"", ""industrial"", ""new wave"", ""synthpop""]","Your no.1 place for classic to contemporary synth pop music. Discover music videos, album reviews, and more of your beloved music genre.",,"{""top"": [], ""updatedAt"": ""2026-09-16T19:18:08.364Z"", ""sampleSize"": 0, ""windowDays"": 90, ""latestSpinAt"": null, ""excludedCount"": 0, ""genreCoverage"": 0, ""readinessTier"": ""insufficient"", ""resolvedCount"": 0, ""resolutionRate"": 0, ""datedTrackCount"": 0, ""genreTaggedCount"": 0, ""uniqueTrackCount"": 0, ""uniqueArtistCount"": 0, ""unknownGenreCount"": 0, ""datedTrackCoverage"": 0}",curated,radio_browser,,f
Elektronisch Querbeat,elektronisch-querbeat,,Germany,http://laut.fm/elektronisch_querbeat,"[""abstract"", ""ambient"", ""broken beat"", ""dubstep"", ""glitch"", ""idm""]",,,"{""top"": [], ""updatedAt"": ""2026-09-16T19:17:10.260Z"", ""sampleSize"": 0, ""windowDays"": 90, ""latestSpinAt"": null, ""excludedCount"": 0, ""genreCoverage"": 0, ""readinessTier"": ""insufficient"", ""resolvedCount"": 0, ""resolutionRate"": 0, ""datedTrackCount"": 0, ""genreTaggedCount"": 0, ""uniqueTrackCount"": 0, ""uniqueArtistCount"": 0, ""unknownGenreCount"": 0, ""datedTrackCoverage"": 0}",curated,radio_browser,,f
Euro Smooth Jazz,euro-smooth-jazz,,Germany,http://eurosmoothjazz.com/,"[""ambient"", ""lounge"", ""smooth jazz""]","Aktueller Song, Playlist und Infos zu Euro Smoothjazz.",,"{""top"": [], ""updatedAt"": ""2026-09-16T19:24:18.956Z"", ""sampleSize"": 0, ""windowDays"": 90, ""latestSpinAt"": null, ""excludedCount"": 0, ""genreCoverage"": 0, ""readinessTier"": ""insufficient"", ""resolvedCount"": 0, ""resolutionRate"": 0, ""datedTrackCount"": 0, ""genreTaggedCount"": 0, ""uniqueTrackCount"": 0, ""uniqueArtistCount"": 0, ""unknownGenreCount"": 0, ""datedTrackCoverage"": 0}",curated,radio_browser,,f
"Exa FM Veracruz - 93.3 FM - XHPS-FM - MVS Radio - Veracruz, VE",exa-fm-veracruz-93-3-fm-xhps-fm-mvs-radio-veracruz-ve,,Mexico,https://www.exafm.com/veracruz/,"[""93.3"", ""93.3 fm"", ""americana"", ""boca del río"", ""en todas partes"", ""exa"", ""exa fm"", ""fm"", ""juvenil"", ""latin music"", ""latin pop"", ""mex"", ""music"", ""musica"", ""musica latina"", ""musica latinoamericana"", ""mvs"", ""mvs radio"", ""mx"", ""méxico"", ""música"", ""música en español"", ""música pop"", ""música urbana"", ""ponte exa"", ""pop"", ""pop dance"", ""pop music"", ""pop rock"", ""radio"", ""top 40"", ""top40"", ""veracruz""]",,,"{""top"": [], ""updatedAt"": ""2026-09-16T19:22:04.159Z"", ""sampleSize"": 0, ""windowDays"": 90, ""latestSpinAt"": null, ""excludedCount"": 0, ""genreCoverage"": 0, ""readinessTier"": ""insufficient"", ""resolvedCount"": 0, ""resolutionRate"": 0, ""datedTrackCount"": 0, ""genreTaggedCount"": 0, ""uniqueTrackCount"": 0, ""uniqueArtistCount"": 0, ""unknownGenreCount"": 0, ""datedTrackCoverage"": 0}",curated,radio_browser,,f
Experimental/Avant-garde music - Radio Caprice,experimental-avant-garde-music-radio-caprice,,,http://radcap.ru/playback-history/4/experimental-ph.php,"[""avant-garde"", ""experimental""]",,"{""top"": [{""count"": 659, ""genre"": ""electronic""}, {""count"": 442, ""genre"": ""experimental""}, {""count"": 273, ""genre"": ""ambient""}, {""count"": 139, ""genre"": ""rock""}, {""count"": 116, ""genre"": ""downtempo""}, {""count"": 96, ""genre"": ""idm""}, {""count"": 67, ""genre"": ""pop""}, {""count"": 66, ""genre"": ""industrial""}], ""totalCount"": 3877, ""unknownCount"": 3114}","{""top"": [{""count"": 659, ""genre"": ""electronic""}, {""count"": 442, ""genre"": ""experimental""}, {""count"": 273, ""genre"": ""ambient""}, {""count"": 139, ""genre"": ""rock""}, {""count"": 116, ""genre"": ""downtempo""}, {""count"": 96, ""genre"": ""idm""}, {""count"": 67, ""genre"": ""pop""}, {""count"": 66, ""genre"": ""industrial""}], ""updatedAt"": ""2026-09-16T19:15:29.659Z"", ""sampleSize"": 7332, ""windowDays"": 90, ""latestSpinAt"": ""2026-09-16T19:14:14.857Z"", ""excludedCount"": 13, ""genreCoverage"": 0.1971576227390181, ""readinessTier"": ""ready"", ""resolvedCount"": 3870, ""resolutionRate"": 0.527823240589198, ""datedTrackCount"": 3757, ""genreTaggedCount"": 763, ""uniqueTrackCount"": 2608, ""uniqueArtistCount"": 849, ""unknownGenreCount"": 3107, ""datedTrackCoverage"": 0.9708010335917313}",curated,radio_browser,,f
Experimentalgems,experimentalgems,,Germany,https://laut.fm/experimentalgems,"[""ambient"", ""avantgarde"", ""drone"", ""electronic"", ""experimental"", ""jazz""]",,,"{""top"": [], ""updatedAt"": ""2026-09-16T19:12:55.980Z"", ""sampleSize"": 0, ""windowDays"": 90, ""latestSpinAt"": null, ""excludedCount"": 0, ""genreCoverage"": 0, ""readinessTier"": ""insufficient"", ""resolvedCount"": 0, ""resolutionRate"": 0, ""datedTrackCount"": 0, ""genreTaggedCount"": 0, ""uniqueTrackCount"": 0, ""uniqueArtistCount"": 0, ""unknownGenreCount"": 0, ""datedTrackCoverage"": 0}",curated,radio_browser,,f
Express FM,express-fm,,Czechia,https://www.expresfm.cz/,"[""alternative"", ""czech folk music"", ""dance"", ""folk"", ""pop"", ""prague"", ""rock""]",Expres FM - Nejlepší hudba ve městě,,"{""top"": [], ""updatedAt"": ""2026-09-16T19:22:45.059Z"", ""sampleSize"": 0, ""windowDays"": 90, ""latestSpinAt"": null, ""excludedCount"": 0, ""genreCoverage"": 0, ""readinessTier"": ""insufficient"", ""resolvedCount"": 0, ""resolutionRate"": 0, ""datedTrackCount"": 0, ""genreTaggedCount"": 0, ""uniqueTrackCount"": 0, ""uniqueArtistCount"": 0, ""unknownGenreCount"": 0, ""datedTrackCoverage"": 0}",curated,radio_browser,,f
Express-FM Digital,express-fm-digital,,South Africa,https://www.express-fm.co.za/,"[""christian"", ""christian blues"", ""christian contemporary"", ""christian country"", ""christian dance"", ""christian edm"", ""christian folk"", ""christian hip-hop"", ""christian hits"", ""christian indie"", ""christian metal"", ""christian music"", ""christian pop"", ""christian praise"", ""christian punk"", ""christian r&b"", ""christian rap"", ""christian reggae"", ""christian rock"", ""christian top40"", ""christian worship"", ""folk"", ""gospel"", ""gospel blues"", ""gospel contemporary"", ""gospel country"", ""gospel dance"", ""gospel edm"", ""gospel folk"", ""gospel hip-hop"", ""gospel hits"", ""gospel indie"", ""gospel metal"", ""gospel music"", ""gospel pop"", ""gospel praise"", ""gospel punk"", ""gospel r&b"", ""gospel rap"", ""gospel reggae"", ""gospel rock"", ""gospel top40"", ""gospel worship""]","Radio Station Playing an Upbeat Selection of Christian Music. Contact the Studio, Call: (087) 822-1000 or studio@express-fm.co.za","{""top"": [], ""totalCount"": 111, ""unknownCount"": 111}","{""top"": [], ""updatedAt"": ""2026-09-16T19:18:43.158Z"", ""sampleSize"": 5583, ""windowDays"": 90, ""latestSpinAt"": ""2026-09-16T11:34:31.438Z"", ""excludedCount"": 0, ""genreCoverage"": 0, ""readinessTier"": ""insufficient"", ""resolvedCount"": 111, ""resolutionRate"": 0.019881783987103708, ""datedTrackCount"": 0, ""genreTaggedCount"": 0, ""uniqueTrackCount"": 29, ""uniqueArtistCount"": 1, ""unknownGenreCount"": 111, ""datedTrackCoverage"": 0}",curated,radio_browser,,f
FBi Radio,fbi-radio,Free Broadcast Inc.,AU,https://www.fbi.radio/,"[""community"", ""emerging artists"", ""indie""]",The beating heart of Sydney music.,,"{""top"": [], ""updatedAt"": ""2026-09-16T19:30:56.686Z"", ""sampleSize"": 0, ""windowDays"": 90, ""latestSpinAt"": null, ""excludedCount"": 0, ""genreCoverage"": 0, ""readinessTier"": ""insufficient"", ""resolvedCount"": 0, ""resolutionRate"": 0, ""datedTrackCount"": 0, ""genreTaggedCount"": 0, ""uniqueTrackCount"": 0, ""uniqueArtistCount"": 0, ""unknownGenreCount"": 0, ""datedTrackCoverage"": 0}",community,curated,human,t
FIP,fip-main,Radio France,FR,https://www.radiofrance.fr/fip,"[""anchor""]",Tout l,"{""top"": [{""count"": 100, ""genre"": ""rock""}, {""count"": 86, ""genre"": ""pop""}, {""count"": 74, ""genre"": ""electronic""}, {""count"": 72, ""genre"": ""soul""}, {""count"": 65, ""genre"": ""jazz""}, {""count"": 58, ""genre"": ""funk""}, {""count"": 44, ""genre"": ""r&b""}, {""count"": 31, ""genre"": ""alternative rock""}], ""totalCount"": 2619, ""unknownCount"": 2254}","{""top"": [{""count"": 100, ""genre"": ""rock""}, {""count"": 86, ""genre"": ""pop""}, {""count"": 74, ""genre"": ""electronic""}, {""count"": 71, ""genre"": ""soul""}, {""count"": 64, ""genre"": ""jazz""}, {""count"": 57, ""genre"": ""funk""}, {""count"": 43, ""genre"": ""r&b""}, {""count"": 31, ""genre"": ""alternative rock""}], ""updatedAt"": ""2026-09-16T19:09:42.977Z"", ""sampleSize"": 4746, ""windowDays"": 90, ""latestSpinAt"": ""2026-09-16T11:33:07.041Z"", ""excludedCount"": 5, ""genreCoverage"": 0.13925019127773527, ""readinessTier"": ""ready"", ""resolvedCount"": 2614, ""resolutionRate"": 0.550779603876949, ""datedTrackCount"": 2427, ""genreTaggedCount"": 364, ""uniqueTrackCount"": 2359, ""uniqueArtistCount"": 1908, ""unknownGenreCount"": 2250, ""datedTrackCoverage"": 0.9284621270084162}",curated,curated,human,f
FIP Electro,fip-electro,Radio France,FR,https://www.radiofrance.fr/fip,"[""specialist""]",Tout l,"{""top"": [{""count"": 245, ""genre"": ""electronic""}, {""count"": 87, ""genre"": ""ambient""}, {""count"": 61, ""genre"": ""downtempo""}, {""count"": 57, ""genre"": ""techno""}, {""count"": 46, ""genre"": ""dance""}, {""count"": 45, ""genre"": ""idm""}, {""count"": 43, ""genre"": ""electro""}, {""count"": 41, ""genre"": ""house""}], ""totalCount"": 2011, ""unknownCount"": 1693}","{""top"": [{""count"": 245, ""genre"": ""electronic""}, {""count"": 87, ""genre"": ""ambient""}, {""count"": 61, ""genre"": ""downtempo""}, {""count"": 57, ""genre"": ""techno""}, {""count"": 46, ""genre"": ""dance""}, {""count"": 45, ""genre"": ""idm""}, {""count"": 43, ""genre"": ""electro""}, {""count"": 41, ""genre"": ""house""}], ""updatedAt"": ""2026-09-16T19:09:57.907Z"", ""sampleSize"": 4039, ""windowDays"": 90, ""latestSpinAt"": ""2026-09-16T11:34:14.077Z"", ""excludedCount"": 6, ""genreCoverage"": 0.15844544095665172, ""readinessTier"": ""ready"", ""resolvedCount"": 2007, ""resolutionRate"": 0.49690517454815547, ""datedTrackCount"": 1913, ""genreTaggedCount"": 318, ""uniqueTrackCount"": 1328, ""uniqueArtistCount"": 1071, ""unknownGenreCount"": 1689, ""datedTrackCoverage"": 0.9531639262580966}",curated,curated,human,f
FIP Groove,fip-groove,Radio France,FR,https://www.radiofrance.fr/fip,"[""specialist""]",Tout l,"{""top"": [{""count"": 99, ""genre"": ""soul""}, {""count"": 72, ""genre"": ""r&b""}, {""count"": 64, ""genre"": ""funk""}, {""count"": 50, ""genre"": ""electronic""}, {""count"": 50, ""genre"": ""hip hop""}, {""count"": 41, ""genre"": ""jazz""}, {""count"": 40, ""genre"": ""pop""}, {""count"": 31, ""genre"": ""rock""}], ""totalCount"": 2337, ""unknownCount"": 2048}","{""top"": [{""count"": 99, ""genre"": ""soul""}, {""count"": 72, ""genre"": ""r&b""}, {""count"": 64, ""genre"": ""funk""}, {""count"": 50, ""genre"": ""electronic""}, {""count"": 50, ""genre"": ""hip hop""}, {""count"": 41, ""genre"": ""jazz""}, {""count"": 40, ""genre"": ""pop""}, {""count"": 31, ""genre"": ""rock""}], ""updatedAt"": ""2026-09-16T19:09:46.661Z"", ""sampleSize"": 4476, ""windowDays"": 90, ""latestSpinAt"": ""2026-09-16T11:33:15.990Z"", ""excludedCount"": 2, ""genreCoverage"": 0.12376873661670236, ""readinessTier"": ""ready"", ""resolvedCount"": 2335, ""resolutionRate"": 0.5216711349419124, ""datedTrackCount"": 2209, ""genreTaggedCount"": 289, ""uniqueTrackCount"": 1941, ""uniqueArtistCount"": 1558, ""unknownGenreCount"": 2046, ""datedTrackCoverage"": 0.9460385438972163}",curated,curated,human,f
FIP Jazz,fip-jazz,Radio France,FR,https://www.radiofrance.fr/fip,"[""specialist""]",Tout l,"{""top"": [{""count"": 241, ""genre"": ""jazz""}, {""count"": 67, ""genre"": ""contemporary jazz""}, {""count"": 34, ""genre"": ""vocal jazz""}, {""count"": 30, ""genre"": ""post-bop""}, {""count"": 28, ""genre"": ""bebop""}, {""count"": 20, ""genre"": ""soul jazz""}, {""count"": 20, ""genre"": ""swing""}, {""count"": 18, ""genre"": ""hard bop""}], ""totalCount"": 1998, ""unknownCount"": 1723}","{""top"": [{""count"": 241, ""genre"": ""jazz""}, {""count"": 67, ""genre"": ""contemporary jazz""}, {""count"": 34, ""genre"": ""vocal jazz""}, {""count"": 30, ""genre"": ""post-bop""}, {""count"": 28, ""genre"": ""bebop""}, {""count"": 20, ""genre"": ""soul jazz""}, {""count"": 20, ""genre"": ""swing""}, {""count"": 18, ""genre"": ""hard bop""}], ""updatedAt"": ""2026-09-16T19:09:46.327Z"", ""sampleSize"": 4083, ""windowDays"": 90, ""latestSpinAt"": ""2026-09-16T19:09:22.544Z"", ""excludedCount"": 0, ""genreCoverage"": 0.13763763763763764, ""readinessTier"": ""ready"", ""resolvedCount"": 1998, ""resolutionRate"": 0.4893460690668626, ""datedTrackCount"": 1872, ""genreTaggedCount"": 275, ""uniqueTrackCount"": 1648, ""uniqueArtistCount"": 1136, ""unknownGenreCount"": 1723, ""datedTrackCoverage"": 0.9369369369369369}",curated,curated,human,f
FIP Metal,fip-metal,Radio France,FR,https://www.radiofrance.fr/fip,"[""specialist""]",Tout l,,"{""top"": [], ""updatedAt"": ""2026-09-16T19:09:58.394Z"", ""sampleSize"": 0, ""windowDays"": 90, ""latestSpinAt"": null, ""excludedCount"": 0, ""genreCoverage"": 0, ""readinessTier"": ""insufficient"", ""resolvedCount"": 0, ""resolutionRate"": 0, ""datedTrackCount"": 0, ""genreTaggedCount"": 0, ""uniqueTrackCount"": 0, ""uniqueArtistCount"": 0, ""unknownGenreCount"": 0, ""datedTrackCoverage"": 0}",curated,curated,human,f
FIP Musiques du monde,fip-musiques-du-monde,,France,https://www.fip.fr/musiques-du-monde/webradio,"[""aac"", ""public radio"", ""radio france"", ""world"", ""world music""]","Écoutez une programmation éclectique autour des Musiques du monde. D’Ibrahim Maalouf à Tony Allen, de Vaudou Game à Bebel Gilberto, explorez le meilleur de la World Music.",,"{""top"": [], ""updatedAt"": ""2026-09-16T19:18:51.767Z"", ""sampleSize"": 0, ""windowDays"": 90, ""latestSpinAt"": null, ""excludedCount"": 0, ""genreCoverage"": 0, ""readinessTier"": ""insufficient"", ""resolvedCount"": 0, ""resolutionRate"": 0, ""datedTrackCount"": 0, ""genreTaggedCount"": 0, ""uniqueTrackCount"": 0, ""uniqueArtistCount"": 0, ""unknownGenreCount"": 0, ""datedTrackCoverage"": 0}",curated,radio_browser,,f
FIP Reggae,fip-reggae,Radio France,FR,https://www.radiofrance.fr/fip,"[""specialist""]",Tout l,"{""top"": [{""count"": 351, ""genre"": ""reggae""}, {""count"": 190, ""genre"": ""dub""}, {""count"": 169, ""genre"": ""roots reggae""}, {""count"": 101, ""genre"": ""ska""}, {""count"": 43, ""genre"": ""electronic""}, {""count"": 42, ""genre"": ""dancehall""}, {""count"": 34, ""genre"": ""rocksteady""}, {""count"": 24, ""genre"": ""pop""}], ""totalCount"": 2366, ""unknownCount"": 1926}","{""top"": [{""count"": 351, ""genre"": ""reggae""}, {""count"": 190, ""genre"": ""dub""}, {""count"": 169, ""genre"": ""roots reggae""}, {""count"": 101, ""genre"": ""ska""}, {""count"": 43, ""genre"": ""electronic""}, {""count"": 42, ""genre"": ""dancehall""}, {""count"": 34, ""genre"": ""rocksteady""}, {""count"": 24, ""genre"": ""pop""}], ""updatedAt"": ""2026-09-16T19:09:47.605Z"", ""sampleSize"": 4636, ""windowDays"": 90, ""latestSpinAt"": ""2026-09-16T11:29:33.346Z"", ""excludedCount"": 2, ""genreCoverage"": 0.18612521150592218, ""readinessTier"": ""ready"", ""resolvedCount"": 2364, ""resolutionRate"": 0.5099223468507333, ""datedTrackCount"": 2225, ""genreTaggedCount"": 440, ""uniqueTrackCount"": 1956, ""uniqueArtistCount"": 1085, ""unknownGenreCount"": 1924, ""datedTrackCoverage"": 0.9412013536379019}",curated,curated,human,f
FIP Rock,fip-rock,Radio France,FR,https://www.radiofrance.fr/fip,"[""specialist""]",Tout l,"{""top"": [{""count"": 444, ""genre"": ""rock""}, {""count"": 151, ""genre"": ""indie rock""}, {""count"": 146, ""genre"": ""pop""}, {""count"": 132, ""genre"": ""alternative rock""}, {""count"": 85, ""genre"": ""classic rock""}, {""count"": 75, ""genre"": ""electronic""}, {""count"": 69, ""genre"": ""folk rock""}, {""count"": 63, ""genre"": ""pop rock""}], ""totalCount"": 3728, ""unknownCount"": 3116}","{""top"": [{""count"": 443, ""genre"": ""rock""}, {""count"": 151, ""genre"": ""indie rock""}, {""count"": 145, ""genre"": ""pop""}, {""count"": 132, ""genre"": ""alternative rock""}, {""count"": 85, ""genre"": ""classic rock""}, {""count"": 75, ""genre"": ""electronic""}, {""count"": 69, ""genre"": ""folk rock""}, {""count"": 63, ""genre"": ""pop rock""}], ""updatedAt"": ""2026-09-16T19:09:45.550Z"", ""sampleSize"": 5128, ""windowDays"": 90, ""latestSpinAt"": ""2026-09-16T11:34:02.174Z"", ""excludedCount"": 9, ""genreCoverage"": 0.16411496105291432, ""readinessTier"": ""ready"", ""resolvedCount"": 3723, ""resolutionRate"": 0.7260140405616224, ""datedTrackCount"": 3342, ""genreTaggedCount"": 611, ""uniqueTrackCount"": 3081, ""uniqueArtistCount"": 2088, ""unknownGenreCount"": 3112, ""datedTrackCoverage"": 0.8976631748589847}",curated,curated,human,f
FIP World,fip-world,Radio France,FR,https://www.radiofrance.fr/fip,"[""specialist""]",Tout l,"{""top"": [{""count"": 104, ""genre"": ""latin""}, {""count"": 81, ""genre"": ""jazz""}, {""count"": 62, ""genre"": ""electronic""}, {""count"": 34, ""genre"": ""folk""}, {""count"": 33, ""genre"": ""afrobeat""}, {""count"": 31, ""genre"": ""pop""}, {""count"": 26, ""genre"": ""blues""}, {""count"": 26, ""genre"": ""reggae""}], ""totalCount"": 2365, ""unknownCount"": 2051}","{""top"": [{""count"": 104, ""genre"": ""latin""}, {""count"": 81, ""genre"": ""jazz""}, {""count"": 62, ""genre"": ""electronic""}, {""count"": 34, ""genre"": ""folk""}, {""count"": 33, ""genre"": ""afrobeat""}, {""count"": 31, ""genre"": ""pop""}, {""count"": 26, ""genre"": ""blues""}, {""count"": 26, ""genre"": ""reggae""}], ""updatedAt"": ""2026-09-16T19:09:47.293Z"", ""sampleSize"": 4365, ""windowDays"": 90, ""latestSpinAt"": ""2026-09-16T11:33:21.528Z"", ""excludedCount"": 3, ""genreCoverage"": 0.13282571912013535, ""readinessTier"": ""ready"", ""resolvedCount"": 2364, ""resolutionRate"": 0.5415807560137457, ""datedTrackCount"": 2272, ""genreTaggedCount"": 314, ""uniqueTrackCount"": 1946, ""uniqueArtistCount"": 1354, ""unknownGenreCount"": 2050, ""datedTrackCoverage"": 0.961082910321489}",curated,curated,human,f
FUNKERFM,funkerfm,,The United Kingdom Of Great Britain And Northern Ireland,http://www.funkerfm.uk/,"[""world"", ""world music""]",,"{""top"": [], ""totalCount"": 1198, ""unknownCount"": 1198}","{""top"": [], ""updatedAt"": ""2026-09-16T19:23:47.762Z"", ""sampleSize"": 6885, ""windowDays"": 90, ""latestSpinAt"": ""2026-09-16T11:34:15.484Z"", ""excludedCount"": 877, ""genreCoverage"": 0, ""readinessTier"": ""provisional"", ""resolvedCount"": 1163, ""resolutionRate"": 0.16891793754538853, ""datedTrackCount"": 1032, ""genreTaggedCount"": 0, ""uniqueTrackCount"": 29, ""uniqueArtistCount"": 15, ""unknownGenreCount"": 1163, ""datedTrackCoverage"": 0.8873602751504729}",curated,radio_browser,,f
"Filarmonía (OCR-4V, 102.7 MHz FM, Lima) (IRTP)",filarmon-a-ocr-4v-102-7-mhz-fm-lima-irtp,,Peru,http://www.filarmonia.org/,"[""classical music"", ""cultural programming"", ""world"", ""world music""]",Somos Cultura,,"{""top"": [], ""updatedAt"": ""2026-09-16T19:20:57.060Z"", ""sampleSize"": 0, ""windowDays"": 90, ""latestSpinAt"": null, ""excludedCount"": 0, ""genreCoverage"": 0, ""readinessTier"": ""insufficient"", ""resolvedCount"": 0, ""resolutionRate"": 0, ""datedTrackCount"": 0, ""genreTaggedCount"": 0, ""uniqueTrackCount"": 0, ""uniqueArtistCount"": 0, ""unknownGenreCount"": 0, ""datedTrackCoverage"": 0}",curated,radio_browser,,f
Flatlines Radio,flatlines-radio,,Germany,https://www.flatlinesradio.de/,"[""darkwave"", ""ebm"", ""folk"", ""gothic"", ""industrial"", ""melodic rock"", ""metal"", ""mittelalter"", ""neofolk"", ""new wave"", ""post-punk""]",,,"{""top"": [], ""updatedAt"": ""2026-09-16T19:17:26.369Z"", ""sampleSize"": 0, ""windowDays"": 90, ""latestSpinAt"": null, ""excludedCount"": 0, ""genreCoverage"": 0, ""readinessTier"": ""insufficient"", ""resolvedCount"": 0, ""resolutionRate"": 0, ""datedTrackCount"": 0, ""genreTaggedCount"": 0, ""uniqueTrackCount"": 0, ""uniqueArtistCount"": 0, ""unknownGenreCount"": 0, ""datedTrackCoverage"": 0}",curated,radio_browser,,f
Fluid Radio,fluid-radio,,,http://www.fluid-radio.co.uk/,"[""abstract"", ""acoustic"", ""ambient"", ""experimental"", ""instrumental"", ""modern classical""]",Fluid Radio - Experimental Frequencies,"{""top"": [{""count"": 456, ""genre"": ""ambient""}, {""count"": 443, ""genre"": ""electronic""}, {""count"": 232, ""genre"": ""classical""}, {""count"": 204, ""genre"": ""modern classical""}, {""count"": 203, ""genre"": ""drone""}, {""count"": 118, ""genre"": ""experimental""}, {""count"": 116, ""genre"": ""downtempo""}, {""count"": 105, ""genre"": ""contemporary classical""}], ""totalCount"": 2892, ""unknownCount"": 2229}","{""top"": [{""count"": 456, ""genre"": ""ambient""}, {""count"": 443, ""genre"": ""electronic""}, {""count"": 232, ""genre"": ""classical""}, {""count"": 204, ""genre"": ""modern classical""}, {""count"": 203, ""genre"": ""drone""}, {""count"": 118, ""genre"": ""experimental""}, {""count"": 116, ""genre"": ""downtempo""}, {""count"": 105, ""genre"": ""contemporary classical""}], ""updatedAt"": ""2026-09-16T19:12:26.656Z"", ""sampleSize"": 4601, ""windowDays"": 90, ""latestSpinAt"": ""2026-09-16T11:16:48.690Z"", ""excludedCount"": 4288, ""genreCoverage"": 0.23493761140819963, ""readinessTier"": ""ready"", ""resolvedCount"": 2805, ""resolutionRate"": 0.6096500760704194, ""datedTrackCount"": 2732, ""genreTaggedCount"": 659, ""uniqueTrackCount"": 274, ""uniqueArtistCount"": 165, ""unknownGenreCount"": 2146, ""datedTrackCoverage"": 0.9739750445632799}",curated,radio_browser,,f
Folk Alley FreshGrass,folk-alley-freshgrass,,The United States Of America,https://www.folkalley.com/music/playlist/today/freshgrass,"[""bluegrass"", ""folk""]",,"{""top"": [{""count"": 4, ""genre"": ""folk rock""}, {""count"": 4, ""genre"": ""soul""}, {""count"": 3, ""genre"": ""classic rock""}, {""count"": 3, ""genre"": ""r&b""}, {""count"": 3, ""genre"": ""rock""}, {""count"": 2, ""genre"": ""americana""}, {""count"": 2, ""genre"": ""blues""}, {""count"": 2, ""genre"": ""classic country""}], ""totalCount"": 51, ""unknownCount"": 39}","{""top"": [{""count"": 4, ""genre"": ""folk rock""}, {""count"": 4, ""genre"": ""soul""}, {""count"": 3, ""genre"": ""classic rock""}, {""count"": 3, ""genre"": ""r&b""}, {""count"": 3, ""genre"": ""rock""}, {""count"": 2, ""genre"": ""americana""}, {""count"": 2, ""genre"": ""blues""}, {""count"": 2, ""genre"": ""classic country""}], ""updatedAt"": ""2026-09-16T19:25:22.656Z"", ""sampleSize"": 355, ""windowDays"": 90, ""latestSpinAt"": ""2026-09-15T04:35:11.894Z"", ""excludedCount"": 4, ""genreCoverage"": 0.23529411764705882, ""readinessTier"": ""provisional"", ""resolvedCount"": 51, ""resolutionRate"": 0.14366197183098592, ""datedTrackCount"": 44, ""genreTaggedCount"": 12, ""uniqueTrackCount"": 38, ""uniqueArtistCount"": 36, ""unknownGenreCount"": 39, ""datedTrackCoverage"": 0.8627450980392157}",curated,radio_browser,,f
Folk Alley Irish,folk-alley-irish,,The United States Of America,https://www.folkalley.com/music/playlist/today/irish,"[""folk"", ""irish folk""]","In honor of the St. Patrick&#8217;s Day season, we&#8217;ve assembled over 10 hours of music by some of our favorite Irish musicians. You&#8217;ll hear a mix of familiar and new artists, including Karan Casey, I Draw Slow, Beoga, Dervish, Solas, The Henry Girls, Danu, John Doyle,","{""top"": [{""count"": 3, ""genre"": ""celtic""}, {""count"": 3, ""genre"": ""folk""}, {""count"": 3, ""genre"": ""irish folk""}], ""totalCount"": 278, ""unknownCount"": 275}","{""top"": [{""count"": 3, ""genre"": ""celtic""}, {""count"": 3, ""genre"": ""folk""}, {""count"": 3, ""genre"": ""irish folk""}], ""updatedAt"": ""2026-09-16T19:25:05.358Z"", ""sampleSize"": 2861, ""windowDays"": 90, ""latestSpinAt"": ""2026-09-14T19:17:31.333Z"", ""excludedCount"": 1, ""genreCoverage"": 0.01079136690647482, ""readinessTier"": ""provisional"", ""resolvedCount"": 278, ""resolutionRate"": 0.09716882209017826, ""datedTrackCount"": 247, ""genreTaggedCount"": 3, ""uniqueTrackCount"": 35, ""uniqueArtistCount"": 34, ""unknownGenreCount"": 275, ""datedTrackCoverage"": 0.8884892086330936}",curated,radio_browser,,f
Folk Radio,folk-radio,,Poland,https://folkradio.pl/,"[""folk"", ""folk music"", ""world"", ""world music""]","Fonoteka Radia Kielce zawiera jeden z najbogatszych w kraju zbiorów muzyki ludowej, na który składa się ponad 4000 taśm i płyt.",,"{""top"": [], ""updatedAt"": ""2026-09-16T19:21:22.887Z"", ""sampleSize"": 0, ""windowDays"": 90, ""latestSpinAt"": null, ""excludedCount"": 34, ""genreCoverage"": 0, ""readinessTier"": ""insufficient"", ""resolvedCount"": 0, ""resolutionRate"": 0, ""datedTrackCount"": 0, ""genreTaggedCount"": 0, ""uniqueTrackCount"": 0, ""uniqueArtistCount"": 0, ""unknownGenreCount"": 0, ""datedTrackCoverage"": 0}",curated,radio_browser,,f
Folkrádio,folkr-dio,,Hungary,https://www.folkradio.hu/,"[""folk"", ""folk music"", ""folklore""]","A Folkrádió Európa első internetes népzenei rádiója, és az egyetlen olyan rádió, amely éjjel-nappal kizárólag népzenét sugároz. Hallgasd a magyar nyelvterület népzenéjét bármikor és bárhol az alkalmazásunk segítségével!","{""top"": [], ""totalCount"": 2, ""unknownCount"": 2}","{""top"": [], ""updatedAt"": ""2026-09-16T19:14:59.666Z"", ""sampleSize"": 29, ""windowDays"": 90, ""latestSpinAt"": ""2026-09-16T02:11:54.316Z"", ""excludedCount"": 197, ""genreCoverage"": 0, ""readinessTier"": ""insufficient"", ""resolvedCount"": 0, ""resolutionRate"": 0, ""datedTrackCount"": 0, ""genreTaggedCount"": 0, ""uniqueTrackCount"": 0, ""uniqueArtistCount"": 0, ""unknownGenreCount"": 0, ""datedTrackCoverage"": 0}",curated,radio_browser,,f
FolkyTon Radio,folkyton-radio,,Croatia,https://www.folkyton.com/,"[""folk""]",FolkyTon,"{""top"": [], ""totalCount"": 188, ""unknownCount"": 188}","{""top"": [], ""updatedAt"": ""2026-09-16T19:25:08.156Z"", ""sampleSize"": 5888, ""windowDays"": 90, ""latestSpinAt"": ""2026-09-16T11:31:40.224Z"", ""excludedCount"": 0, ""genreCoverage"": 0, ""readinessTier"": ""provisional"", ""resolvedCount"": 188, ""resolutionRate"": 0.03192934782608696, ""datedTrackCount"": 0, ""genreTaggedCount"": 0, ""uniqueTrackCount"": 29, ""uniqueArtistCount"": 23, ""unknownGenreCount"": 188, ""datedTrackCoverage"": 0}",curated,radio_browser,,f
France Musique OCORA,france-musique-ocora,,France,https://www.francemusique.fr/webradio-musiques-du-monde-ocora,"[""aac"", ""public radio"", ""radio france"", ""webradio"", ""world"", ""world music""]",Voyagez en musique ! Écoutez la radio Ocora de France Musique qui diffuse gratuitement en ligne des pépites musicales traditionnelles du monde entier.,,"{""top"": [], ""updatedAt"": ""2026-09-16T19:22:23.883Z"", ""sampleSize"": 0, ""windowDays"": 90, ""latestSpinAt"": null, ""excludedCount"": 0, ""genreCoverage"": 0, ""readinessTier"": ""insufficient"", ""resolvedCount"": 0, ""resolutionRate"": 0, ""datedTrackCount"": 0, ""genreTaggedCount"": 0, ""uniqueTrackCount"": 0, ""uniqueArtistCount"": 0, ""unknownGenreCount"": 0, ""datedTrackCoverage"": 0}",curated,radio_browser,,f
France Musique | Ocora - Musiques du monde,france-musique-ocora-musiques-du-monde,,France,https://www.francemusique.fr/webradio-musiques-du-monde-ocora,"[""world"", ""world music""]",Voyagez en musique ! Écoutez la radio Ocora de France Musique qui diffuse gratuitement en ligne des pépites musicales traditionnelles du monde entier.,,"{""top"": [], ""updatedAt"": ""2026-09-16T19:22:27.960Z"", ""sampleSize"": 0, ""windowDays"": 90, ""latestSpinAt"": null, ""excludedCount"": 0, ""genreCoverage"": 0, ""readinessTier"": ""insufficient"", ""resolvedCount"": 0, ""resolutionRate"": 0, ""datedTrackCount"": 0, ""genreTaggedCount"": 0, ""uniqueTrackCount"": 0, ""uniqueArtistCount"": 0, ""unknownGenreCount"": 0, ""datedTrackCoverage"": 0}",curated,radio_browser,,f
Fréquence 3 - World FLAC,fr-quence-3-world-flac,,France,https://www.frequence3.com/,"[""world"", ""world music""]",Une Rafale de Tubes !,,"{""top"": [], ""updatedAt"": ""2026-09-16T19:19:46.095Z"", ""sampleSize"": 0, ""windowDays"": 90, ""latestSpinAt"": null, ""excludedCount"": 0, ""genreCoverage"": 0, ""readinessTier"": ""insufficient"", ""resolvedCount"": 0, ""resolutionRate"": 0, ""datedTrackCount"": 0, ""genreTaggedCount"": 0, ""uniqueTrackCount"": 0, ""uniqueArtistCount"": 0, ""unknownGenreCount"": 0, ""datedTrackCoverage"": 0}",curated,radio_browser,mixed,f
GDS.FM,gds-fm,,Switzerland,http://www.gds.fm/,"[""acid-house"", ""experimental"", ""hiphop"", ""indie rock"", ""nu-jazz"", ""trip hop""]","GDS.FM ist eine wichtige Plattform für hiesige Musikschaffende und sendet nonstop besten Sound ohne mühsame Werbeunterbrechungen. Seit 2014 setzen wir uns dafür ein, dass die kulturelle Vielfalt, die das Schweizer Nachtleben zu bieten hat, auch über Radio zugänglich gemacht wird.","{""top"": [], ""totalCount"": 68, ""unknownCount"": 68}","{""top"": [], ""updatedAt"": ""2026-09-16T19:11:22.365Z"", ""sampleSize"": 1084, ""windowDays"": 90, ""latestSpinAt"": ""2026-09-06T01:07:37.174Z"", ""excludedCount"": 1536, ""genreCoverage"": 0, ""readinessTier"": ""insufficient"", ""resolvedCount"": 9, ""resolutionRate"": 0.008302583025830259, ""datedTrackCount"": 0, ""genreTaggedCount"": 0, ""uniqueTrackCount"": 9, ""uniqueArtistCount"": 2, ""unknownGenreCount"": 9, ""datedTrackCoverage"": 0}",curated,radio_browser,,f
GEM New Wave Radio,gem-new-wave-radio,,Ireland,https://gemradio.webs.com/,"[""80s"", ""new wave""]",,"{""top"": [{""count"": 277, ""genre"": ""new wave""}, {""count"": 274, ""genre"": ""rock""}, {""count"": 156, ""genre"": ""pop""}, {""count"": 132, ""genre"": ""electronic""}, {""count"": 73, ""genre"": ""synth-pop""}, {""count"": 67, ""genre"": ""alternative rock""}, {""count"": 49, ""genre"": ""classic rock""}, {""count"": 49, ""genre"": ""reggae""}], ""totalCount"": 3244, ""unknownCount"": 2787}","{""top"": [{""count"": 277, ""genre"": ""new wave""}, {""count"": 274, ""genre"": ""rock""}, {""count"": 156, ""genre"": ""pop""}, {""count"": 132, ""genre"": ""electronic""}, {""count"": 73, ""genre"": ""synth-pop""}, {""count"": 67, ""genre"": ""alternative rock""}, {""count"": 49, ""genre"": ""classic rock""}, {""count"": 49, ""genre"": ""reggae""}], ""updatedAt"": ""2026-09-16T19:17:50.630Z"", ""sampleSize"": 7022, ""windowDays"": 90, ""latestSpinAt"": ""2026-09-16T19:14:04.963Z"", ""excludedCount"": 1710, ""genreCoverage"": 0.14113650401482397, ""readinessTier"": ""ready"", ""resolvedCount"": 3238, ""resolutionRate"": 0.46112218741099403, ""datedTrackCount"": 2717, ""genreTaggedCount"": 457, ""uniqueTrackCount"": 732, ""uniqueArtistCount"": 323, ""unknownGenreCount"": 2781, ""datedTrackCoverage"": 0.8390982087708462}",curated,radio_browser,,f
Galgalatz 91.8 FM,galgalatz-91-8-fm,,Israel,https://glz.co.il/%D7%92%D7%9C%D7%92%D7%9C%D7%A6,"[""hits"", ""pop"", ""world""]",,,"{""top"": [], ""updatedAt"": ""2026-09-16T19:20:56.371Z"", ""sampleSize"": 0, ""windowDays"": 90, ""latestSpinAt"": null, ""excludedCount"": 0, ""genreCoverage"": 0, ""readinessTier"": ""insufficient"", ""resolvedCount"": 0, ""resolutionRate"": 0, ""datedTrackCount"": 0, ""genreTaggedCount"": 0, ""uniqueTrackCount"": 0, ""uniqueArtistCount"": 0, ""unknownGenreCount"": 0, ""datedTrackCoverage"": 0}",curated,radio_browser,mixed,f
Gem Radio New Wave,gem-radio-new-wave,,Ireland,https://gemradio.webs.com/,"[""70's"", ""80's"", ""new wave""]",,"{""top"": [{""count"": 289, ""genre"": ""new wave""}, {""count"": 287, ""genre"": ""rock""}, {""count"": 162, ""genre"": ""pop""}, {""count"": 132, ""genre"": ""electronic""}, {""count"": 76, ""genre"": ""synth-pop""}, {""count"": 72, ""genre"": ""alternative rock""}, {""count"": 52, ""genre"": ""reggae""}, {""count"": 48, ""genre"": ""classic rock""}], ""totalCount"": 3310, ""unknownCount"": 2838}","{""top"": [{""count"": 289, ""genre"": ""new wave""}, {""count"": 287, ""genre"": ""rock""}, {""count"": 162, ""genre"": ""pop""}, {""count"": 132, ""genre"": ""electronic""}, {""count"": 76, ""genre"": ""synth-pop""}, {""count"": 72, ""genre"": ""alternative rock""}, {""count"": 52, ""genre"": ""reggae""}, {""count"": 48, ""genre"": ""classic rock""}], ""updatedAt"": ""2026-09-16T19:17:55.964Z"", ""sampleSize"": 7150, ""windowDays"": 90, ""latestSpinAt"": ""2026-09-16T19:14:09.466Z"", ""excludedCount"": 1713, ""genreCoverage"": 0.14303030303030304, ""readinessTier"": ""ready"", ""resolvedCount"": 3300, ""resolutionRate"": 0.46153846153846156, ""datedTrackCount"": 2778, ""genreTaggedCount"": 472, ""uniqueTrackCount"": 716, ""uniqueArtistCount"": 324, ""unknownGenreCount"": 2828, ""datedTrackCoverage"": 0.8418181818181818}",curated,radio_browser,,f
Glacer FM,glacer-fm,Glacer FM,US,https://www.glacerfm.com/,"[""discovery"", ""indie"", ""unsigned artists""]",Glacer FM is the The #1 Global Internet Radio Station focusing on Unsigned and Independent Music in all genres. We engage an audience of music enthusiasts.,,"{""top"": [], ""updatedAt"": ""2026-09-16T19:30:56.160Z"", ""sampleSize"": 0, ""windowDays"": 90, ""latestSpinAt"": null, ""excludedCount"": 0, ""genreCoverage"": 0, ""readinessTier"": ""insufficient"", ""resolvedCount"": 0, ""resolutionRate"": 0, ""datedTrackCount"": 0, ""genreTaggedCount"": 0, ""uniqueTrackCount"": 0, ""uniqueArtistCount"": 0, ""unknownGenreCount"": 0, ""datedTrackCoverage"": 0}",community,curated,human,t
Greatest Hits — 1950s,rb-03ec60d0-3294-459e-bfb5-b5ffa9b95784,Greatest Hits,AE,https://greatesthits.radio/,"[""50s"", ""era"", ""specialist""]",,,"{""top"": [], ""updatedAt"": ""2026-09-16T19:30:33.673Z"", ""sampleSize"": 0, ""windowDays"": 90, ""latestSpinAt"": null, ""excludedCount"": 0, ""genreCoverage"": 0, ""readinessTier"": ""insufficient"", ""resolvedCount"": 0, ""resolutionRate"": 0, ""datedTrackCount"": 0, ""genreTaggedCount"": 0, ""uniqueTrackCount"": 0, ""uniqueArtistCount"": 0, ""unknownGenreCount"": 0, ""datedTrackCoverage"": 0}",curated,curated,automated,f
HEADY,heady,,The United States Of America,https://www.heady.fm/,"[""indie"", ""indie rock"", ""psychedelic"", ""psychedelic rock"", ""rock""]","Stream commercial-free music 24/7 on HEADY.FM. Discover underground music, your favorite tracks, emerging artists, and deep cuts without interruptions. Listen online now.","{""top"": [{""count"": 809, ""genre"": ""rock""}, {""count"": 688, ""genre"": ""indie rock""}, {""count"": 284, ""genre"": ""alternative rock""}, {""count"": 205, ""genre"": ""indie pop""}, {""count"": 173, ""genre"": ""pop""}, {""count"": 163, ""genre"": ""electronic""}, {""count"": 163, ""genre"": ""post-punk""}, {""count"": 133, ""genre"": ""noise rock""}], ""totalCount"": 8332, ""unknownCount"": 6858}","{""top"": [{""count"": 809, ""genre"": ""rock""}, {""count"": 688, ""genre"": ""indie rock""}, {""count"": 284, ""genre"": ""alternative rock""}, {""count"": 205, ""genre"": ""indie pop""}, {""count"": 173, ""genre"": ""pop""}, {""count"": 163, ""genre"": ""electronic""}, {""count"": 163, ""genre"": ""post-punk""}, {""count"": 133, ""genre"": ""noise rock""}], ""updatedAt"": ""2026-09-16T19:18:26.157Z"", ""sampleSize"": 10194, ""windowDays"": 90, ""latestSpinAt"": ""2026-09-16T19:16:07.157Z"", ""excludedCount"": 195, ""genreCoverage"": 0.17786895136961506, ""readinessTier"": ""ready"", ""resolvedCount"": 8287, ""resolutionRate"": 0.8129291740239356, ""datedTrackCount"": 7481, ""genreTaggedCount"": 1474, ""uniqueTrackCount"": 1520, ""uniqueArtistCount"": 724, ""unknownGenreCount"": 6813, ""datedTrackCoverage"": 0.9027392301194642}",curated,radio_browser,mixed,f
HEXX 9 Radio,hexx-9-radio,,The United States Of America,http://hexx9.com/,"[""ambient"", ""darkwave"", ""ebm"", ""film"", ""gothic"", ""witch house"", ""witchhouse""]",", d▲rkk r▲ve vvIŧCђ ┼E̢͏̫̤̫̙͙͕̥̪ΛΛple of ڳad , deth┼ec, l͚̤͔͖̼͔̩ow tape, EVP, dea┼h trvcks","{""top"": [], ""totalCount"": 35, ""unknownCount"": 35}","{""top"": [], ""updatedAt"": ""2026-09-16T19:27:51.956Z"", ""sampleSize"": 2552, ""windowDays"": 90, ""latestSpinAt"": ""2026-09-16T19:16:31.519Z"", ""excludedCount"": 0, ""genreCoverage"": 0, ""readinessTier"": ""provisional"", ""resolvedCount"": 35, ""resolutionRate"": 0.01371473354231975, ""datedTrackCount"": 3, ""genreTaggedCount"": 0, ""uniqueTrackCount"": 28, ""uniqueArtistCount"": 26, ""unknownGenreCount"": 35, ""datedTrackCoverage"": 0.08571428571428572}",curated,radio_browser,,f
Hawaiian Rainbow,hawaiian-rainbow,,The United States Of America,https://www.hawaiianrainbow.com/,"[""folk"", ""folklore"", ""hawaiian music""]","Hawaiian Music Radio - Listen to Hawaiian Music online 24 hours a day. It&#039;s free. Traditional Hawaiian music, hula music, Hawaiian language.",,"{""top"": [], ""updatedAt"": ""2026-09-16T19:22:10.056Z"", ""sampleSize"": 0, ""windowDays"": 90, ""latestSpinAt"": null, ""excludedCount"": 0, ""genreCoverage"": 0, ""readinessTier"": ""insufficient"", ""resolvedCount"": 0, ""resolutionRate"": 0, ""datedTrackCount"": 0, ""genreTaggedCount"": 0, ""uniqueTrackCount"": 0, ""uniqueArtistCount"": 0, ""unknownGenreCount"": 0, ""datedTrackCoverage"": 0}",curated,radio_browser,,f
Heavy Music Atmospheric Radio,heavy-music-atmospheric-radio,,The Russian Federation,https://www.heavy-music.net/,"[""atmospheric"", ""doom"", ""gothic"", ""heavy metal"", ""metal"", ""post-rock"", ""progressive rock""]",We deliver purest atmospheric selections of Progressive and Post rock music. Stay tuned!,"{""top"": [{""count"": 200, ""genre"": ""rock""}, {""count"": 102, ""genre"": ""metal""}, {""count"": 64, ""genre"": ""alternative rock""}, {""count"": 57, ""genre"": ""post-rock""}, {""count"": 55, ""genre"": ""doom metal""}, {""count"": 48, ""genre"": ""heavy metal""}, {""count"": 47, ""genre"": ""gothic metal""}, {""count"": 43, ""genre"": ""progressive rock""}], ""totalCount"": 1225, ""unknownCount"": 937}","{""top"": [{""count"": 200, ""genre"": ""rock""}, {""count"": 102, ""genre"": ""metal""}, {""count"": 64, ""genre"": ""alternative rock""}, {""count"": 57, ""genre"": ""post-rock""}, {""count"": 55, ""genre"": ""doom metal""}, {""count"": 48, ""genre"": ""heavy metal""}, {""count"": 47, ""genre"": ""gothic metal""}, {""count"": 43, ""genre"": ""progressive rock""}], ""updatedAt"": ""2026-09-16T19:15:12.159Z"", ""sampleSize"": 1964, ""windowDays"": 90, ""latestSpinAt"": ""2026-09-16T19:10:50.869Z"", ""excludedCount"": 1, ""genreCoverage"": 0.23529411764705882, ""readinessTier"": ""ready"", ""resolvedCount"": 1224, ""resolutionRate"": 0.6232179226069247, ""datedTrackCount"": 1166, ""genreTaggedCount"": 288, ""uniqueTrackCount"": 1073, ""uniqueArtistCount"": 289, ""unknownGenreCount"": 936, ""datedTrackCoverage"": 0.9526143790849673}",curated,radio_browser,,f
HighFi Dream,highfi-dream,,The United States Of America,https://highfidream.com/,"[""alternative / indie"", ""dream pop"", ""dream-pop"", ""electronic"", ""house/soulful/deep house"", ""indie"", ""melodic house"", ""neo soul"", ""neo-soul"", ""new wave"", ""post punk"", ""psychedelic"", ""shoegaze"", ""synthpop"", ""synthwave"", ""trip-hop""]",High Fi Dream 92.3FM HD4 - Your musical dreams curated.,,"{""top"": [], ""updatedAt"": ""2026-09-16T19:13:12.366Z"", ""sampleSize"": 0, ""windowDays"": 90, ""latestSpinAt"": null, ""excludedCount"": 0, ""genreCoverage"": 0, ""readinessTier"": ""insufficient"", ""resolvedCount"": 0, ""resolutionRate"": 0, ""datedTrackCount"": 0, ""genreTaggedCount"": 0, ""uniqueTrackCount"": 0, ""uniqueArtistCount"": 0, ""unknownGenreCount"": 0, ""datedTrackCoverage"": 0}",curated,radio_browser,,f
Hirschmilch Radio,hirschmilch-radio,,Germany,https://hirschmilch.de:7001/chillout.mp3,"[""ambient"", ""chillout"", ""relax""]",,"{""top"": [{""count"": 43, ""genre"": ""electronic""}, {""count"": 38, ""genre"": ""downtempo""}, {""count"": 35, ""genre"": ""ambient""}, {""count"": 7, ""genre"": ""chillout""}, {""count"": 5, ""genre"": ""dub""}, {""count"": 5, ""genre"": ""trance""}, {""count"": 4, ""genre"": ""idm""}, {""count"": 4, ""genre"": ""progressive trance""}], ""totalCount"": 1016, ""unknownCount"": 962}","{""top"": [{""count"": 43, ""genre"": ""electronic""}, {""count"": 38, ""genre"": ""downtempo""}, {""count"": 35, ""genre"": ""ambient""}, {""count"": 7, ""genre"": ""chillout""}, {""count"": 5, ""genre"": ""dub""}, {""count"": 5, ""genre"": ""trance""}, {""count"": 4, ""genre"": ""idm""}, {""count"": 4, ""genre"": ""progressive trance""}], ""updatedAt"": ""2026-09-16T06:54:09.130Z"", ""sampleSize"": 2255, ""windowDays"": 90, ""latestSpinAt"": ""2026-09-16T06:50:58.254Z"", ""excludedCount"": 10, ""genreCoverage"": 0.05362462760675273, ""readinessTier"": ""ready"", ""resolvedCount"": 1007, ""resolutionRate"": 0.4465631929046563, ""datedTrackCount"": 976, ""genreTaggedCount"": 54, ""uniqueTrackCount"": 894, ""uniqueArtistCount"": 418, ""unknownGenreCount"": 953, ""datedTrackCoverage"": 0.9692154915590864}",curated,radio_browser,,f
"ICI Musique - Montreal, QC",ici-musique-montreal-qc,,Canada,https://ici.radio-canada.ca/ohdio/musique,"[""blues"", ""classical"", ""jazz"", ""montreal"", ""pop"", ""rock"", ""world"", ""world music""]",ICI MUSIQUE en direct | OHdio | Radio-Canada,,"{""top"": [], ""updatedAt"": ""2026-09-16T19:19:18.157Z"", ""sampleSize"": 0, ""windowDays"": 90, ""latestSpinAt"": null, ""excludedCount"": 0, ""genreCoverage"": 0, ""readinessTier"": ""insufficient"", ""resolvedCount"": 0, ""resolutionRate"": 0, ""datedTrackCount"": 0, ""genreTaggedCount"": 0, ""uniqueTrackCount"": 0, ""uniqueArtistCount"": 0, ""unknownGenreCount"": 0, ""datedTrackCoverage"": 0}",curated,radio_browser,,f
INFORMA RADIO,informa-radio,,Spain,https://informaradio.edatv.news/,"[""albacete"", ""almería"", ""andalucía"", ""aragon"", ""bilbao"", ""cadiz"", ""castilla y león"", ""catalunya"", ""conservative"", ""conservative talk"", ""cordoba"", ""cultura"", ""cultural"", ""cultural news"", ""cultural reports"", ""culture"", ""economia"", ""economic"", ""economic news"", ""economics"", ""españa"", ""español"", ""galicia"", ""historia"", ""historico"", ""history"", ""internacional"", ""leon"", ""liberal"", ""madrid"", ""murcia"", ""nacional"", ""news"", ""news talk"", ""noticias"", ""noticias en español"", ""noticias locales"", ""noticias nacionales e internacionales"", ""noticias y comentarios"", ""noticieros"", ""patriot"", ""patriots"", ""political"", ""political talk"", ""politics"", ""politics & current affairs"", ""pontevedra"", ""sevilla"", ""spanish"", ""spanish broadcasting system"", ""spanish christian"", ""talk"", ""talk radio"", ""toledo"", ""world"", ""world news"", ""world radio"", ""zamora""]",Informa Radio — La información que necesitas,"{""top"": [], ""totalCount"": 35, ""unknownCount"": 35}","{""top"": [], ""updatedAt"": ""2026-09-16T19:19:09.559Z"", ""sampleSize"": 0, ""windowDays"": 90, ""latestSpinAt"": null, ""excludedCount"": 328, ""genreCoverage"": 0, ""readinessTier"": ""insufficient"", ""resolvedCount"": 0, ""resolutionRate"": 0, ""datedTrackCount"": 0, ""genreTaggedCount"": 0, ""uniqueTrackCount"": 0, ""uniqueArtistCount"": 0, ""unknownGenreCount"": 0, ""datedTrackCoverage"": 0}",curated,radio_browser,,f
ISEKOI Radio | Non-Stop Ambient,isekoi-radio-non-stop-ambient,,France,https://isekoi-radio.com/,"[""ambient"", ""meditation"", ""relax"", ""relaxation""]","Your gateway to cosmic frequencies. ISEKOI monitors the deep space for unique signals, broadcasting these celestial discoveries 24/7.","{""top"": [{""count"": 477, ""genre"": ""electronic""}, {""count"": 476, ""genre"": ""ambient""}, {""count"": 229, ""genre"": ""downtempo""}, {""count"": 154, ""genre"": ""drone""}, {""count"": 133, ""genre"": ""experimental""}, {""count"": 105, ""genre"": ""idm""}, {""count"": 96, ""genre"": ""modern classical""}, {""count"": 48, ""genre"": ""dance""}], ""totalCount"": 2224, ""unknownCount"": 1710}","{""top"": [{""count"": 477, ""genre"": ""electronic""}, {""count"": 476, ""genre"": ""ambient""}, {""count"": 229, ""genre"": ""downtempo""}, {""count"": 154, ""genre"": ""drone""}, {""count"": 133, ""genre"": ""experimental""}, {""count"": 105, ""genre"": ""idm""}, {""count"": 96, ""genre"": ""modern classical""}, {""count"": 48, ""genre"": ""dance""}], ""updatedAt"": ""2026-09-16T19:23:42.567Z"", ""sampleSize"": 3505, ""windowDays"": 90, ""latestSpinAt"": ""2026-09-16T19:22:54.761Z"", ""excludedCount"": 0, ""genreCoverage"": 0.23111510791366907, ""readinessTier"": ""ready"", ""resolvedCount"": 2224, ""resolutionRate"": 0.6345221112696149, ""datedTrackCount"": 2155, ""genreTaggedCount"": 514, ""uniqueTrackCount"": 443, ""uniqueArtistCount"": 90, ""unknownGenreCount"": 1710, ""datedTrackCoverage"": 0.9689748201438849}",curated,radio_browser,,f
Insight Maps Test Station 1f6ff11e,test-insight-1f6ff11e,,,,,,,"{""top"": [], ""updatedAt"": ""2026-09-16T19:29:55.158Z"", ""sampleSize"": 0, ""windowDays"": 90, ""latestSpinAt"": null, ""excludedCount"": 0, ""genreCoverage"": 0, ""readinessTier"": ""insufficient"", ""resolvedCount"": 0, ""resolutionRate"": 0, ""datedTrackCount"": 0, ""genreTaggedCount"": 0, ""uniqueTrackCount"": 0, ""uniqueArtistCount"": 0, ""unknownGenreCount"": 0, ""datedTrackCoverage"": 0}",curated,curated,,f
Intamixx 80s 90s Radio UK,intamixx-80s-90s-radio-uk,,The United Kingdom Of Great Britain And Northern Ireland,https://80s.intamixx.uk/,"[""80s"", ""90s"", ""dance"", ""drum and bass"", ""electronic"", ""funk"", ""garage"", ""jungle"", ""mashup"", ""old skool"", ""reggae"", ""vintage"", ""world"", ""world music""]","World Leading DJs & Presenters playing the latest music and entertainment for you to enjoy. Hear exclusive live tracks, interact with presenters, major celebrity interviews and win unique prizes.","{""top"": [{""count"": 205, ""genre"": ""pop""}, {""count"": 121, ""genre"": ""electronic""}, {""count"": 71, ""genre"": ""rock""}, {""count"": 56, ""genre"": ""dance-pop""}, {""count"": 54, ""genre"": ""dance""}, {""count"": 51, ""genre"": ""soul""}, {""count"": 48, ""genre"": ""pop rock""}, {""count"": 45, ""genre"": ""disco""}], ""totalCount"": 2924, ""unknownCount"": 2565}","{""top"": [{""count"": 205, ""genre"": ""pop""}, {""count"": 121, ""genre"": ""electronic""}, {""count"": 71, ""genre"": ""rock""}, {""count"": 56, ""genre"": ""dance-pop""}, {""count"": 54, ""genre"": ""dance""}, {""count"": 51, ""genre"": ""soul""}, {""count"": 48, ""genre"": ""pop rock""}, {""count"": 45, ""genre"": ""disco""}], ""updatedAt"": ""2026-09-16T19:18:56.600Z"", ""sampleSize"": 4464, ""windowDays"": 90, ""latestSpinAt"": ""2026-09-16T19:18:52.758Z"", ""excludedCount"": 48, ""genreCoverage"": 0.1240926374006222, ""readinessTier"": ""ready"", ""resolvedCount"": 2893, ""resolutionRate"": 0.6480734767025089, ""datedTrackCount"": 2585, ""genreTaggedCount"": 359, ""uniqueTrackCount"": 1572, ""uniqueArtistCount"": 908, ""unknownGenreCount"": 2534, ""datedTrackCoverage"": 0.8935361216730038}",curated,radio_browser,,f
Irish Pub Radio,irish-pub-radio,,Ireland,https://www.irishpubradio.com/index.php,"[""ballads"", ""celtic"", ""folk"", ""irish folk"", ""irish music"", ""irish traditional""]",Bot Verification,"{""top"": [{""count"": 107, ""genre"": ""folk""}, {""count"": 93, ""genre"": ""celtic""}, {""count"": 49, ""genre"": ""irish folk""}, {""count"": 42, ""genre"": ""rock""}, {""count"": 27, ""genre"": ""folk rock""}, {""count"": 21, ""genre"": ""pop""}, {""count"": 11, ""genre"": ""instrumental""}, {""count"": 10, ""genre"": ""ambient""}], ""totalCount"": 1123, ""unknownCount"": 981}","{""top"": [{""count"": 107, ""genre"": ""folk""}, {""count"": 93, ""genre"": ""celtic""}, {""count"": 49, ""genre"": ""irish folk""}, {""count"": 42, ""genre"": ""rock""}, {""count"": 27, ""genre"": ""folk rock""}, {""count"": 21, ""genre"": ""pop""}, {""count"": 11, ""genre"": ""instrumental""}, {""count"": 10, ""genre"": ""ambient""}], ""updatedAt"": ""2026-09-16T19:18:32.371Z"", ""sampleSize"": 2620, ""windowDays"": 90, ""latestSpinAt"": ""2026-09-16T19:18:18.356Z"", ""excludedCount"": 24, ""genreCoverage"": 0.12644701691896706, ""readinessTier"": ""ready"", ""resolvedCount"": 1123, ""resolutionRate"": 0.42862595419847327, ""datedTrackCount"": 922, ""genreTaggedCount"": 142, ""uniqueTrackCount"": 499, ""uniqueArtistCount"": 192, ""unknownGenreCount"": 981, ""datedTrackCoverage"": 0.8210151380231523}",curated,radio_browser,,f
JAMM FM,jamm-fm,,The Netherlands,http://www.jammfm.nl/,"[""00s"", ""80s"", ""90s"", ""gospel"", ""hits"", ""nu-jazz"", ""rnb"", ""soul""]",JammFM 104.9 &#8211; Smooth & Funky &#8211; Alles voor Ouder Amstel,"{""top"": [{""count"": 59, ""genre"": ""soul""}, {""count"": 50, ""genre"": ""r&b""}, {""count"": 42, ""genre"": ""disco""}, {""count"": 38, ""genre"": ""pop""}, {""count"": 28, ""genre"": ""funk""}, {""count"": 19, ""genre"": ""electronic""}, {""count"": 16, ""genre"": ""contemporary r&b""}, {""count"": 16, ""genre"": ""hip hop""}], ""totalCount"": 1512, ""unknownCount"": 1378}","{""top"": [{""count"": 59, ""genre"": ""soul""}, {""count"": 50, ""genre"": ""r&b""}, {""count"": 42, ""genre"": ""disco""}, {""count"": 38, ""genre"": ""pop""}, {""count"": 28, ""genre"": ""funk""}, {""count"": 19, ""genre"": ""electronic""}, {""count"": 16, ""genre"": ""contemporary r&b""}, {""count"": 16, ""genre"": ""hip hop""}], ""updatedAt"": ""2026-09-16T19:21:32.057Z"", ""sampleSize"": 3409, ""windowDays"": 90, ""latestSpinAt"": ""2026-09-16T11:33:25.523Z"", ""excludedCount"": 240, ""genreCoverage"": 0.0950354609929078, ""readinessTier"": ""ready"", ""resolvedCount"": 1410, ""resolutionRate"": 0.4136110296274567, ""datedTrackCount"": 1332, ""genreTaggedCount"": 134, ""uniqueTrackCount"": 1009, ""uniqueArtistCount"": 716, ""unknownGenreCount"": 1276, ""datedTrackCoverage"": 0.9446808510638298}",curated,radio_browser,mixed,f
Jazzloft,jazzloft,,Germany,http://stream.laut.fm/jazzloft,"[""jazz"", ""lounge"", ""smooth"", ""soul"", ""world"", ""world music""]",,"{""top"": [{""count"": 169, ""genre"": ""jazz""}, {""count"": 73, ""genre"": ""contemporary jazz""}, {""count"": 71, ""genre"": ""electronic""}, {""count"": 45, ""genre"": ""downtempo""}, {""count"": 37, ""genre"": ""chillout""}, {""count"": 32, ""genre"": ""smooth jazz""}, {""count"": 27, ""genre"": ""ambient""}, {""count"": 20, ""genre"": ""vocal jazz""}], ""totalCount"": 1281, ""unknownCount"": 1040}","{""top"": [{""count"": 169, ""genre"": ""jazz""}, {""count"": 73, ""genre"": ""contemporary jazz""}, {""count"": 71, ""genre"": ""electronic""}, {""count"": 45, ""genre"": ""downtempo""}, {""count"": 37, ""genre"": ""chillout""}, {""count"": 32, ""genre"": ""smooth jazz""}, {""count"": 27, ""genre"": ""ambient""}, {""count"": 20, ""genre"": ""vocal jazz""}], ""updatedAt"": ""2026-09-16T19:27:40.663Z"", ""sampleSize"": 2555, ""windowDays"": 90, ""latestSpinAt"": ""2026-09-16T11:30:35.626Z"", ""excludedCount"": 25, ""genreCoverage"": 0.1891679748822606, ""readinessTier"": ""ready"", ""resolvedCount"": 1274, ""resolutionRate"": 0.4986301369863014, ""datedTrackCount"": 1202, ""genreTaggedCount"": 241, ""uniqueTrackCount"": 1016, ""uniqueArtistCount"": 710, ""unknownGenreCount"": 1033, ""datedTrackCoverage"": 0.9434850863422292}",curated,radio_browser,,f
Journeyscapes Radio,journeyscapes-radio,,Canada,https://www.journeyscapesradio.com/,"[""ambient"", ""chillout""]","Chillout internet radio station for ambient, space, downtempo, ethereal & ethno-electronica, plus music reviews, artist interviews and more!","{""top"": [{""count"": 98, ""genre"": ""electronic""}, {""count"": 84, ""genre"": ""ambient""}, {""count"": 46, ""genre"": ""new age""}, {""count"": 45, ""genre"": ""downtempo""}, {""count"": 17, ""genre"": ""trance""}, {""count"": 15, ""genre"": ""chillout""}, {""count"": 10, ""genre"": ""dance""}, {""count"": 7, ""genre"": ""celtic""}], ""totalCount"": 1074, ""unknownCount"": 952}","{""top"": [{""count"": 98, ""genre"": ""electronic""}, {""count"": 84, ""genre"": ""ambient""}, {""count"": 46, ""genre"": ""new age""}, {""count"": 45, ""genre"": ""downtempo""}, {""count"": 17, ""genre"": ""trance""}, {""count"": 15, ""genre"": ""chillout""}, {""count"": 10, ""genre"": ""dance""}, {""count"": 7, ""genre"": ""celtic""}], ""updatedAt"": ""2026-09-16T19:12:30.972Z"", ""sampleSize"": 2402, ""windowDays"": 90, ""latestSpinAt"": ""2026-09-16T11:28:48.319Z"", ""excludedCount"": 3, ""genreCoverage"": 0.11359404096834265, ""readinessTier"": ""ready"", ""resolvedCount"": 1074, ""resolutionRate"": 0.44712739383846795, ""datedTrackCount"": 1033, ""genreTaggedCount"": 122, ""uniqueTrackCount"": 789, ""uniqueArtistCount"": 444, ""unknownGenreCount"": 952, ""datedTrackCoverage"": 0.9618249534450651}",curated,radio_browser,,f
KALX 90.7 FM,kalx,UC Berkeley,US,https://kalx.berkeley.edu,"[""college""]",Ordinary people making extraordinary radio.,"{""top"": [{""count"": 81, ""genre"": ""rock""}, {""count"": 70, ""genre"": ""electronic""}, {""count"": 43, ""genre"": ""pop""}, {""count"": 33, ""genre"": ""jazz""}, {""count"": 30, ""genre"": ""alternative rock""}, {""count"": 30, ""genre"": ""indie rock""}, {""count"": 28, ""genre"": ""ambient""}, {""count"": 27, ""genre"": ""downtempo""}], ""totalCount"": 1678, ""unknownCount"": 1409}","{""top"": [{""count"": 81, ""genre"": ""rock""}, {""count"": 69, ""genre"": ""electronic""}, {""count"": 43, ""genre"": ""pop""}, {""count"": 33, ""genre"": ""jazz""}, {""count"": 30, ""genre"": ""alternative rock""}, {""count"": 30, ""genre"": ""indie rock""}, {""count"": 28, ""genre"": ""ambient""}, {""count"": 27, ""genre"": ""downtempo""}], ""updatedAt"": ""2026-09-16T19:10:12.644Z"", ""sampleSize"": 2935, ""windowDays"": 90, ""latestSpinAt"": ""2026-09-16T11:10:12.476Z"", ""excludedCount"": 1, ""genreCoverage"": 0.15980918306499703, ""readinessTier"": ""ready"", ""resolvedCount"": 1677, ""resolutionRate"": 0.5713798977853493, ""datedTrackCount"": 1582, ""genreTaggedCount"": 268, ""uniqueTrackCount"": 1451, ""uniqueArtistCount"": 1221, ""unknownGenreCount"": 1409, ""datedTrackCoverage"": 0.9433512224209899}",community,curated,human,f
KAOS 89.3 FM,kaos,The Evergreen State College,US,https://spinitron.com/KAOS/,"[""college""]","A broadcast service of the Evergreen State College, Olympia, WA","{""top"": [{""count"": 37, ""genre"": ""rock""}, {""count"": 19, ""genre"": ""indie rock""}, {""count"": 18, ""genre"": ""electronic""}, {""count"": 16, ""genre"": ""folk""}, {""count"": 13, ""genre"": ""pop""}, {""count"": 11, ""genre"": ""alternative rock""}, {""count"": 11, ""genre"": ""ambient""}, {""count"": 8, ""genre"": ""country""}], ""totalCount"": 447, ""unknownCount"": 355}","{""top"": [{""count"": 37, ""genre"": ""rock""}, {""count"": 18, ""genre"": ""indie rock""}, {""count"": 17, ""genre"": ""electronic""}, {""count"": 16, ""genre"": ""folk""}, {""count"": 13, ""genre"": ""pop""}, {""count"": 11, ""genre"": ""alternative rock""}, {""count"": 10, ""genre"": ""ambient""}, {""count"": 8, ""genre"": ""country""}], ""updatedAt"": ""2026-09-16T19:26:42.257Z"", ""sampleSize"": 811, ""windowDays"": 90, ""latestSpinAt"": ""2026-08-19T22:16:05.962Z"", ""excludedCount"": 1, ""genreCoverage"": 0.2040358744394619, ""readinessTier"": ""ready"", ""resolvedCount"": 446, ""resolutionRate"": 0.5499383477188656, ""datedTrackCount"": 409, ""genreTaggedCount"": 91, ""uniqueTrackCount"": 396, ""uniqueArtistCount"": 368, ""unknownGenreCount"": 355, ""datedTrackCoverage"": 0.9170403587443946}",community,curated,human,f
KASC 1260 AM,kasc,Arizona State University,US,https://spinitron.com/KASC/,"[""college""]",,,"{""top"": [], ""updatedAt"": ""2026-09-16T19:26:55.860Z"", ""sampleSize"": 0, ""windowDays"": 90, ""latestSpinAt"": null, ""excludedCount"": 0, ""genreCoverage"": 0, ""readinessTier"": ""insufficient"", ""resolvedCount"": 0, ""resolutionRate"": 0, ""datedTrackCount"": 0, ""genreTaggedCount"": 0, ""uniqueTrackCount"": 0, ""uniqueArtistCount"": 0, ""unknownGenreCount"": 0, ""datedTrackCoverage"": 0}",community,curated,human,f
KCHUNG Radio,rb-b58a4aaa-d5be-4925-be71-f69d1cccc13f,KCHUNG,US,https://kchungradio.org,"[""indie""]",KCHUNG Radio 1630AM,"{""top"": [], ""totalCount"": 15, ""unknownCount"": 15}","{""top"": [], ""updatedAt"": ""2026-09-16T19:24:35.770Z"", ""sampleSize"": 90, ""windowDays"": 90, ""latestSpinAt"": ""2026-09-16T08:34:53.326Z"", ""excludedCount"": 71, ""genreCoverage"": 0, ""readinessTier"": ""insufficient"", ""resolvedCount"": 2, ""resolutionRate"": 0.022222222222222223, ""datedTrackCount"": 0, ""genreTaggedCount"": 0, ""uniqueTrackCount"": 2, ""uniqueArtistCount"": 2, ""unknownGenreCount"": 2, ""datedTrackCoverage"": 0}",curated,curated,,f
KCRH 89.9 FM,kcrh,Chabot College,US,https://spinitron.com/KCRH/,"[""college""]",,,"{""top"": [], ""updatedAt"": ""2026-09-16T19:26:55.455Z"", ""sampleSize"": 0, ""windowDays"": 90, ""latestSpinAt"": null, ""excludedCount"": 0, ""genreCoverage"": 0, ""readinessTier"": ""insufficient"", ""resolvedCount"": 0, ""resolutionRate"": 0, ""datedTrackCount"": 0, ""genreTaggedCount"": 0, ""uniqueTrackCount"": 0, ""uniqueArtistCount"": 0, ""unknownGenreCount"": 0, ""datedTrackCoverage"": 0}",community,curated,human,f
KCRW — Eclectic 24,kcrw-eclectic24,KCRW,US,https://www.kcrw.com/music/shows/eclectic24,"[""public""]",,"{""top"": [{""count"": 162, ""genre"": ""rock""}, {""count"": 150, ""genre"": ""electronic""}, {""count"": 144, ""genre"": ""pop""}, {""count"": 79, ""genre"": ""indie pop""}, {""count"": 77, ""genre"": ""indie rock""}, {""count"": 67, ""genre"": ""alternative rock""}, {""count"": 63, ""genre"": ""pop rock""}, {""count"": 51, ""genre"": ""soul""}], ""totalCount"": 3859, ""unknownCount"": 3289}","{""top"": [{""count"": 162, ""genre"": ""rock""}, {""count"": 150, ""genre"": ""electronic""}, {""count"": 144, ""genre"": ""pop""}, {""count"": 79, ""genre"": ""indie pop""}, {""count"": 77, ""genre"": ""indie rock""}, {""count"": 67, ""genre"": ""alternative rock""}, {""count"": 63, ""genre"": ""pop rock""}, {""count"": 51, ""genre"": ""soul""}], ""updatedAt"": ""2026-09-16T19:09:13.428Z"", ""sampleSize"": 6466, ""windowDays"": 90, ""latestSpinAt"": ""2026-09-16T11:26:48.000Z"", ""excludedCount"": 19, ""genreCoverage"": 0.1484375, ""readinessTier"": ""ready"", ""resolvedCount"": 3840, ""resolutionRate"": 0.5938756572842561, ""datedTrackCount"": 3686, ""genreTaggedCount"": 570, ""uniqueTrackCount"": 1623, ""uniqueArtistCount"": 1249, ""unknownGenreCount"": 3270, ""datedTrackCoverage"": 0.9598958333333333}",community,curated,human,f
KCSB 91.9 FM,kcsb,UC Santa Barbara,US,https://spinitron.com/KCSB/,,"Alternative, non-commercial community &amp; college radio located on the UC Santa Barbara campus. The University of California&#039;s first station. Since 1962.","{""top"": [{""count"": 21, ""genre"": ""rock""}, {""count"": 12, ""genre"": ""indie rock""}, {""count"": 10, ""genre"": ""electronic""}, {""count"": 9, ""genre"": ""pop""}, {""count"": 7, ""genre"": ""alternative rock""}, {""count"": 7, ""genre"": ""soul""}, {""count"": 6, ""genre"": ""pop rock""}, {""count"": 5, ""genre"": ""ambient""}], ""totalCount"": 375, ""unknownCount"": 318}","{""top"": [{""count"": 21, ""genre"": ""rock""}, {""count"": 12, ""genre"": ""indie rock""}, {""count"": 10, ""genre"": ""electronic""}, {""count"": 9, ""genre"": ""pop""}, {""count"": 7, ""genre"": ""alternative rock""}, {""count"": 7, ""genre"": ""soul""}, {""count"": 6, ""genre"": ""pop rock""}, {""count"": 5, ""genre"": ""ambient""}], ""updatedAt"": ""2026-09-16T19:26:42.861Z"", ""sampleSize"": 717, ""windowDays"": 90, ""latestSpinAt"": ""2026-08-19T22:18:49.080Z"", ""excludedCount"": 1, ""genreCoverage"": 0.15240641711229946, ""readinessTier"": ""ready"", ""resolvedCount"": 374, ""resolutionRate"": 0.5216178521617852, ""datedTrackCount"": 342, ""genreTaggedCount"": 57, ""uniqueTrackCount"": 328, ""uniqueArtistCount"": 321, ""unknownGenreCount"": 317, ""datedTrackCoverage"": 0.9144385026737968}",community,curated,human,f
KCSM 91.1 FM,kcsm,College of San Mateo,US,https://kcsm.org,"[""college""]",KCSM Jazz 91.1 is both an educational and public radio station located at College of San Mateo in the San Francisco Bay Area.,"{""top"": [{""count"": 86, ""genre"": ""jazz""}, {""count"": 27, ""genre"": ""hard bop""}, {""count"": 24, ""genre"": ""bebop""}, {""count"": 19, ""genre"": ""post-bop""}, {""count"": 16, ""genre"": ""contemporary jazz""}, {""count"": 13, ""genre"": ""cool jazz""}, {""count"": 10, ""genre"": ""big band""}, {""count"": 6, ""genre"": ""swing""}], ""totalCount"": 704, ""unknownCount"": 609}","{""top"": [{""count"": 86, ""genre"": ""jazz""}, {""count"": 27, ""genre"": ""hard bop""}, {""count"": 24, ""genre"": ""bebop""}, {""count"": 19, ""genre"": ""post-bop""}, {""count"": 16, ""genre"": ""contemporary jazz""}, {""count"": 13, ""genre"": ""cool jazz""}, {""count"": 10, ""genre"": ""big band""}, {""count"": 6, ""genre"": ""swing""}], ""updatedAt"": ""2026-09-16T19:28:31.081Z"", ""sampleSize"": 1474, ""windowDays"": 90, ""latestSpinAt"": ""2026-09-16T19:27:06.460Z"", ""excludedCount"": 2, ""genreCoverage"": 0.13494318181818182, ""readinessTier"": ""ready"", ""resolvedCount"": 704, ""resolutionRate"": 0.47761194029850745, ""datedTrackCount"": 659, ""genreTaggedCount"": 95, ""uniqueTrackCount"": 671, ""uniqueArtistCount"": 486, ""unknownGenreCount"": 609, ""datedTrackCoverage"": 0.9360795454545454}",community,curated,human,f
KDUR 91.9 FM,kdur,Fort Lewis College,US,https://spinitron.com/KDUR/,"[""college""]","Trusted by over 300 non-commercial stations, Spinitron supports playlist logging, reporting, web publishing, automation, push and much more.","{""top"": [{""count"": 26, ""genre"": ""rock""}, {""count"": 12, ""genre"": ""alternative rock""}, {""count"": 11, ""genre"": ""punk""}, {""count"": 9, ""genre"": ""indie rock""}, {""count"": 7, ""genre"": ""downtempo""}, {""count"": 6, ""genre"": ""punk rock""}, {""count"": 5, ""genre"": ""jazz""}, {""count"": 3, ""genre"": ""country""}], ""totalCount"": 310, ""unknownCount"": 253}","{""top"": [{""count"": 26, ""genre"": ""rock""}, {""count"": 12, ""genre"": ""alternative rock""}, {""count"": 11, ""genre"": ""punk""}, {""count"": 9, ""genre"": ""indie rock""}, {""count"": 7, ""genre"": ""downtempo""}, {""count"": 6, ""genre"": ""punk rock""}, {""count"": 5, ""genre"": ""jazz""}, {""count"": 3, ""genre"": ""country""}], ""updatedAt"": ""2026-09-16T19:26:41.160Z"", ""sampleSize"": 561, ""windowDays"": 90, ""latestSpinAt"": ""2026-08-19T22:29:48.195Z"", ""excludedCount"": 0, ""genreCoverage"": 0.18387096774193548, ""readinessTier"": ""ready"", ""resolvedCount"": 310, ""resolutionRate"": 0.5525846702317291, ""datedTrackCount"": 286, ""genreTaggedCount"": 57, ""uniqueTrackCount"": 303, ""uniqueArtistCount"": 280, ""unknownGenreCount"": 253, ""datedTrackCoverage"": 0.9225806451612903}",community,curated,human,f
KDVS 90.3 FM,kdvs,UC Davis,US,https://kdvs.org/programming,"[""college""]",KDVS Show Schedule - See upcoming and past shows aired live from KDVS,"{""top"": [{""count"": 88, ""genre"": ""rock""}, {""count"": 53, ""genre"": ""electronic""}, {""count"": 43, ""genre"": ""indie rock""}, {""count"": 37, ""genre"": ""alternative rock""}, {""count"": 24, ""genre"": ""pop""}, {""count"": 23, ""genre"": ""jazz""}, {""count"": 21, ""genre"": ""punk""}, {""count"": 18, ""genre"": ""downtempo""}], ""totalCount"": 1277, ""unknownCount"": 1028}","{""top"": [{""count"": 88, ""genre"": ""rock""}, {""count"": 53, ""genre"": ""electronic""}, {""count"": 43, ""genre"": ""indie rock""}, {""count"": 37, ""genre"": ""alternative rock""}, {""count"": 24, ""genre"": ""pop""}, {""count"": 23, ""genre"": ""jazz""}, {""count"": 21, ""genre"": ""punk""}, {""count"": 18, ""genre"": ""downtempo""}], ""updatedAt"": ""2026-09-16T19:10:00.044Z"", ""sampleSize"": 2397, ""windowDays"": 90, ""latestSpinAt"": ""2026-09-16T11:33:17.270Z"", ""excludedCount"": 0, ""genreCoverage"": 0.19498825371965545, ""readinessTier"": ""ready"", ""resolvedCount"": 1277, ""resolutionRate"": 0.5327492699207342, ""datedTrackCount"": 1167, ""genreTaggedCount"": 249, ""uniqueTrackCount"": 1154, ""uniqueArtistCount"": 1050, ""unknownGenreCount"": 1028, ""datedTrackCoverage"": 0.9138606108065779}",community,curated,human,f
KEXP 90.3 FM,kexp,KEXP,US,https://kexp.org,"[""anchor"", ""specialist""]","KEXP is a nonprofit arts organization serving music lovers through in-person, broadcast and online programming.","{""top"": [{""count"": 32132, ""genre"": ""rock""}, {""count"": 16821, ""genre"": ""alternative rock""}, {""count"": 15710, ""genre"": ""electronic""}, {""count"": 13560, ""genre"": ""indie rock""}, {""count"": 13344, ""genre"": ""pop""}, {""count"": 6598, ""genre"": ""new wave""}, {""count"": 5896, ""genre"": ""hip hop""}, {""count"": 5269, ""genre"": ""soul""}], ""totalCount"": 387938, ""unknownCount"": 321410}","{""top"": [{""count"": 2931, ""genre"": ""rock""}, {""count"": 1396, ""genre"": ""alternative rock""}, {""count"": 1359, ""genre"": ""electronic""}, {""count"": 1230, ""genre"": ""pop""}, {""count"": 1120, ""genre"": ""indie rock""}, {""count"": 584, ""genre"": ""punk""}, {""count"": 582, ""genre"": ""new wave""}, {""count"": 563, ""genre"": ""hip hop""}], ""updatedAt"": ""2026-09-16T19:09:09.713Z"", ""sampleSize"": 23292, ""windowDays"": 90, ""latestSpinAt"": ""2026-09-16T11:28:23.000Z"", ""excludedCount"": 51, ""genreCoverage"": 0.3050502110318731, ""readinessTier"": ""ready"", ""resolvedCount"": 20613, ""resolutionRate"": 0.8849819680577022, ""datedTrackCount"": 20125, ""genreTaggedCount"": 6288, ""uniqueTrackCount"": 14532, ""uniqueArtistCount"": 8203, ""unknownGenreCount"": 14325, ""datedTrackCoverage"": 0.9763256197545238}",community,curated,human,f
KFAI 90.3 FM,kfai,KFAI Fresh Air Community Radio,US,https://spinitron.com/KFAI/,,"KFAI is a volunteer-based community radio station that exists to broadcast information, arts and entertainment programming for an audience of diverse racial, social and economic backgrounds.","{""top"": [{""count"": 22, ""genre"": ""rock""}, {""count"": 13, ""genre"": ""jazz""}, {""count"": 9, ""genre"": ""soul""}, {""count"": 8, ""genre"": ""electronic""}, {""count"": 7, ""genre"": ""r&b""}, {""count"": 6, ""genre"": ""funk""}, {""count"": 6, ""genre"": ""pop""}, {""count"": 5, ""genre"": ""alternative rock""}], ""totalCount"": 521, ""unknownCount"": 450}","{""top"": [{""count"": 22, ""genre"": ""rock""}, {""count"": 13, ""genre"": ""jazz""}, {""count"": 9, ""genre"": ""soul""}, {""count"": 8, ""genre"": ""electronic""}, {""count"": 7, ""genre"": ""r&b""}, {""count"": 6, ""genre"": ""funk""}, {""count"": 6, ""genre"": ""pop""}, {""count"": 5, ""genre"": ""alternative rock""}], ""updatedAt"": ""2026-09-16T19:26:41.657Z"", ""sampleSize"": 970, ""windowDays"": 90, ""latestSpinAt"": ""2026-08-19T22:30:09.258Z"", ""excludedCount"": 3, ""genreCoverage"": 0.1362763915547025, ""readinessTier"": ""ready"", ""resolvedCount"": 521, ""resolutionRate"": 0.5371134020618556, ""datedTrackCount"": 478, ""genreTaggedCount"": 71, ""uniqueTrackCount"": 492, ""uniqueArtistCount"": 466, ""unknownGenreCount"": 450, ""datedTrackCoverage"": 0.9174664107485605}",community,curated,human,f
KFJC 89.7 FM,kfjc,Foothill College,US,https://kfjc.org,"[""college""]","KFJC 89.7 FM in Los Altos Hills, California, is a volunteer-run radio station serving the Bay Area with live DJs playing a freeform mix of new music, audio art, and experimental sounds found nowhere else.","{""top"": [{""count"": 6, ""genre"": ""rock""}, {""count"": 4, ""genre"": ""country""}, {""count"": 4, ""genre"": ""electronic""}, {""count"": 4, ""genre"": ""experimental""}, {""count"": 3, ""genre"": ""ambient""}, {""count"": 3, ""genre"": ""jazz""}, {""count"": 3, ""genre"": ""psychedelic rock""}, {""count"": 2, ""genre"": ""alternative country""}], ""totalCount"": 168, ""unknownCount"": 149}","{""top"": [{""count"": 6, ""genre"": ""rock""}, {""count"": 4, ""genre"": ""country""}, {""count"": 4, ""genre"": ""electronic""}, {""count"": 4, ""genre"": ""experimental""}, {""count"": 3, ""genre"": ""ambient""}, {""count"": 3, ""genre"": ""jazz""}, {""count"": 3, ""genre"": ""psychedelic rock""}, {""count"": 2, ""genre"": ""alternative country""}], ""updatedAt"": ""2026-09-16T19:29:40.959Z"", ""sampleSize"": 944, ""windowDays"": 90, ""latestSpinAt"": ""2026-09-16T11:28:31.089Z"", ""excludedCount"": 0, ""genreCoverage"": 0.1130952380952381, ""readinessTier"": ""ready"", ""resolvedCount"": 168, ""resolutionRate"": 0.17796610169491525, ""datedTrackCount"": 155, ""genreTaggedCount"": 19, ""uniqueTrackCount"": 129, ""uniqueArtistCount"": 125, ""unknownGenreCount"": 149, ""datedTrackCoverage"": 0.9226190476190477}",community,curated,mixed,f
KGRG 89.9 FM,kgrg,Green River College,US,https://spinitron.com/KGRG/,"[""college""]",,,"{""top"": [], ""updatedAt"": ""2026-09-16T19:27:06.368Z"", ""sampleSize"": 0, ""windowDays"": 90, ""latestSpinAt"": null, ""excludedCount"": 0, ""genreCoverage"": 0, ""readinessTier"": ""insufficient"", ""resolvedCount"": 0, ""resolutionRate"": 0, ""datedTrackCount"": 0, ""genreTaggedCount"": 0, ""uniqueTrackCount"": 0, ""uniqueArtistCount"": 0, ""unknownGenreCount"": 0, ""datedTrackCoverage"": 0}",community,curated,human,f
KLCC 89.7 FM,klcc,Lane Community College,US,https://spinitron.com/KLCC/,"[""college""]",,,"{""top"": [], ""updatedAt"": ""2026-09-16T19:27:06.765Z"", ""sampleSize"": 0, ""windowDays"": 90, ""latestSpinAt"": null, ""excludedCount"": 0, ""genreCoverage"": 0, ""readinessTier"": ""insufficient"", ""resolvedCount"": 0, ""resolutionRate"": 0, ""datedTrackCount"": 0, ""genreTaggedCount"": 0, ""uniqueTrackCount"": 0, ""uniqueArtistCount"": 0, ""unknownGenreCount"": 0, ""datedTrackCoverage"": 0}",community,curated,human,f
KMNR 89.7 FM,kmnr,Missouri S&T,US,https://spinitron.com/KMNR/,,,,"{""top"": [], ""updatedAt"": ""2026-09-16T19:27:05.963Z"", ""sampleSize"": 0, ""windowDays"": 90, ""latestSpinAt"": null, ""excludedCount"": 0, ""genreCoverage"": 0, ""readinessTier"": ""insufficient"", ""resolvedCount"": 0, ""resolutionRate"": 0, ""datedTrackCount"": 0, ""genreTaggedCount"": 0, ""uniqueTrackCount"": 0, ""uniqueArtistCount"": 0, ""unknownGenreCount"": 0, ""datedTrackCoverage"": 0}",community,curated,human,f
KPISS,rb-56241b49-2f23-4266-bdad-f4ad9a41ee24,,,,,,"{""top"": [{""count"": 828, ""genre"": ""rock""}, {""count"": 523, ""genre"": ""pop""}, {""count"": 355, ""genre"": ""pop rock""}, {""count"": 243, ""genre"": ""classic rock""}, {""count"": 218, ""genre"": ""alternative rock""}, {""count"": 144, ""genre"": ""punk""}, {""count"": 140, ""genre"": ""country""}, {""count"": 134, ""genre"": ""new wave""}], ""totalCount"": 6220, ""unknownCount"": 4730}","{""top"": [{""count"": 828, ""genre"": ""rock""}, {""count"": 523, ""genre"": ""pop""}, {""count"": 355, ""genre"": ""pop rock""}, {""count"": 243, ""genre"": ""classic rock""}, {""count"": 218, ""genre"": ""alternative rock""}, {""count"": 144, ""genre"": ""punk""}, {""count"": 140, ""genre"": ""country""}, {""count"": 134, ""genre"": ""new wave""}], ""updatedAt"": ""2026-09-16T19:24:34.869Z"", ""sampleSize"": 11836, ""windowDays"": 90, ""latestSpinAt"": ""2026-09-16T19:14:43.960Z"", ""excludedCount"": 148, ""genreCoverage"": 0.23974255832662913, ""readinessTier"": ""ready"", ""resolvedCount"": 6215, ""resolutionRate"": 0.525092936802974, ""datedTrackCount"": 5605, ""genreTaggedCount"": 1490, ""uniqueTrackCount"": 660, ""uniqueArtistCount"": 386, ""unknownGenreCount"": 4725, ""datedTrackCoverage"": 0.9018503620273531}",curated,curated,,f
KSDT 95.7 FM,ksdt,UC San Diego,US,https://spinitron.com/KSDT/,,,,"{""top"": [], ""updatedAt"": ""2026-09-16T19:26:54.956Z"", ""sampleSize"": 0, ""windowDays"": 90, ""latestSpinAt"": null, ""excludedCount"": 0, ""genreCoverage"": 0, ""readinessTier"": ""insufficient"", ""resolvedCount"": 0, ""resolutionRate"": 0, ""datedTrackCount"": 0, ""genreTaggedCount"": 0, ""uniqueTrackCount"": 0, ""uniqueArtistCount"": 0, ""unknownGenreCount"": 0, ""datedTrackCoverage"": 0}",community,curated,human,f
KSJS 90.5 FM,ksjs,San Jose State University,US,https://spinitron.com/KSJS/,"[""college""]",We have been introducing San Jose to new music for 60 years! San Jose State Radio comes alive 24/7; student run and operated. Live streaming on our website ksjs.org/listen or over-air on 90.5 FM!,"{""top"": [{""count"": 12, ""genre"": ""electronic""}, {""count"": 12, ""genre"": ""rock""}, {""count"": 8, ""genre"": ""jazz""}, {""count"": 6, ""genre"": ""electro""}, {""count"": 6, ""genre"": ""pop""}, {""count"": 5, ""genre"": ""hip hop""}, {""count"": 5, ""genre"": ""indie rock""}, {""count"": 4, ""genre"": ""disco""}], ""totalCount"": 462, ""unknownCount"": 415}","{""top"": [{""count"": 12, ""genre"": ""electronic""}, {""count"": 12, ""genre"": ""rock""}, {""count"": 8, ""genre"": ""jazz""}, {""count"": 6, ""genre"": ""electro""}, {""count"": 6, ""genre"": ""pop""}, {""count"": 5, ""genre"": ""hip hop""}, {""count"": 5, ""genre"": ""indie rock""}, {""count"": 4, ""genre"": ""disco""}], ""updatedAt"": ""2026-09-16T19:26:55.075Z"", ""sampleSize"": 1240, ""windowDays"": 90, ""latestSpinAt"": ""2026-09-16T19:26:03.661Z"", ""excludedCount"": 2, ""genreCoverage"": 0.1019522776572668, ""readinessTier"": ""ready"", ""resolvedCount"": 461, ""resolutionRate"": 0.3717741935483871, ""datedTrackCount"": 416, ""genreTaggedCount"": 47, ""uniqueTrackCount"": 394, ""uniqueArtistCount"": 350, ""unknownGenreCount"": 414, ""datedTrackCoverage"": 0.9023861171366594}",community,curated,human,f
KTUH 90.3 FM,ktuh,University of Hawaii,US,https://spinitron.com/KTUH/,"[""college""]","KTUH is a non-commercial, student-run, listener-supported station in Honolulu, Hawaii. It was Hawaii&#039;s first non-commercial FM station, and signed on the air July 7, 1969. Programming originates at the University of Hawaii at Manoa.","{""top"": [{""count"": 42, ""genre"": ""rock""}, {""count"": 21, ""genre"": ""electronic""}, {""count"": 21, ""genre"": ""pop""}, {""count"": 16, ""genre"": ""indie rock""}, {""count"": 11, ""genre"": ""alternative rock""}, {""count"": 11, ""genre"": ""downtempo""}, {""count"": 9, ""genre"": ""ambient""}, {""count"": 9, ""genre"": ""jazz""}], ""totalCount"": 550, ""unknownCount"": 448}","{""top"": [{""count"": 42, ""genre"": ""rock""}, {""count"": 21, ""genre"": ""electronic""}, {""count"": 21, ""genre"": ""pop""}, {""count"": 16, ""genre"": ""indie rock""}, {""count"": 11, ""genre"": ""alternative rock""}, {""count"": 11, ""genre"": ""downtempo""}, {""count"": 9, ""genre"": ""ambient""}, {""count"": 9, ""genre"": ""jazz""}], ""updatedAt"": ""2026-09-16T19:26:55.557Z"", ""sampleSize"": 985, ""windowDays"": 90, ""latestSpinAt"": ""2026-08-19T22:24:48.185Z"", ""excludedCount"": 2, ""genreCoverage"": 0.18613138686131386, ""readinessTier"": ""ready"", ""resolvedCount"": 548, ""resolutionRate"": 0.5563451776649746, ""datedTrackCount"": 477, ""genreTaggedCount"": 102, ""uniqueTrackCount"": 523, ""uniqueArtistCount"": 483, ""unknownGenreCount"": 446, ""datedTrackCoverage"": 0.8704379562043796}",community,curated,human,f
KUAZ 89.1 FM,kuaz,University of Arizona,US,https://spinitron.com/KUAZ/,"[""college""]",,,"{""top"": [], ""updatedAt"": ""2026-09-16T19:26:55.869Z"", ""sampleSize"": 0, ""windowDays"": 90, ""latestSpinAt"": null, ""excludedCount"": 0, ""genreCoverage"": 0, ""readinessTier"": ""insufficient"", ""resolvedCount"": 0, ""resolutionRate"": 0, ""datedTrackCount"": 0, ""genreTaggedCount"": 0, ""uniqueTrackCount"": 0, ""uniqueArtistCount"": 0, ""unknownGenreCount"": 0, ""datedTrackCoverage"": 0}",community,curated,human,f
KUCI 88.9 FM,kuci,UC Irvine,US,https://kuci.org/,,"KUCI 88.9 FM &#8211; Irvine, Orange County Public Radio",,"{""top"": [], ""updatedAt"": ""2026-09-16T19:26:54.313Z"", ""sampleSize"": 0, ""windowDays"": 90, ""latestSpinAt"": null, ""excludedCount"": 0, ""genreCoverage"": 0, ""readinessTier"": ""insufficient"", ""resolvedCount"": 0, ""resolutionRate"": 0, ""datedTrackCount"": 0, ""genreTaggedCount"": 0, ""uniqueTrackCount"": 0, ""uniqueArtistCount"": 0, ""unknownGenreCount"": 0, ""datedTrackCoverage"": 0}",community,curated,human,f
KUCR 88.3 FM,kucr,UC Riverside,US,https://spinitron.com/KUCR/,"[""college""]","Trusted by over 300 non-commercial stations, Spinitron supports playlist logging, reporting, web publishing, automation, push and much more.","{""top"": [{""count"": 7, ""genre"": ""rock""}, {""count"": 4, ""genre"": ""pop""}, {""count"": 4, ""genre"": ""pop rock""}, {""count"": 3, ""genre"": ""indie pop""}, {""count"": 2, ""genre"": ""alternative rock""}, {""count"": 2, ""genre"": ""jazz""}, {""count"": 1, ""genre"": ""alternative country""}, {""count"": 1, ""genre"": ""alternative pop""}], ""totalCount"": 70, ""unknownCount"": 58}","{""top"": [{""count"": 7, ""genre"": ""rock""}, {""count"": 4, ""genre"": ""pop""}, {""count"": 4, ""genre"": ""pop rock""}, {""count"": 3, ""genre"": ""indie pop""}, {""count"": 2, ""genre"": ""alternative rock""}, {""count"": 2, ""genre"": ""jazz""}, {""count"": 1, ""genre"": ""alternative country""}, {""count"": 1, ""genre"": ""alternative pop""}], ""updatedAt"": ""2026-09-16T19:26:43.165Z"", ""sampleSize"": 114, ""windowDays"": 90, ""latestSpinAt"": ""2026-08-19T19:57:55.014Z"", ""excludedCount"": 0, ""genreCoverage"": 0.17142857142857143, ""readinessTier"": ""ready"", ""resolvedCount"": 70, ""resolutionRate"": 0.6140350877192983, ""datedTrackCount"": 57, ""genreTaggedCount"": 12, ""uniqueTrackCount"": 69, ""uniqueArtistCount"": 66, ""unknownGenreCount"": 58, ""datedTrackCoverage"": 0.8142857142857143}",community,curated,human,f
KUNM 89.9 FM,kunm,University of New Mexico,US,https://www.kunm.org/,"[""college""]","KUNM, Community Supported Public Radio From The University Of New Mexico",,"{""top"": [], ""updatedAt"": ""2026-09-16T19:26:41.464Z"", ""sampleSize"": 0, ""windowDays"": 90, ""latestSpinAt"": null, ""excludedCount"": 0, ""genreCoverage"": 0, ""readinessTier"": ""insufficient"", ""resolvedCount"": 0, ""resolutionRate"": 0, ""datedTrackCount"": 0, ""genreTaggedCount"": 0, ""uniqueTrackCount"": 0, ""uniqueArtistCount"": 0, ""unknownGenreCount"": 0, ""datedTrackCoverage"": 0}",community,curated,human,f
KUPS 90.1 FM,kups,University of Puget Sound,US,https://spinitron.com/KUPS/,"[""college""]","A 100% student-run radio station located at the University of Puget Sound in Tacoma, WA.",,"{""top"": [], ""updatedAt"": ""2026-09-16T19:27:06.278Z"", ""sampleSize"": 1, ""windowDays"": 90, ""latestSpinAt"": ""2026-07-15T20:15:59.768Z"", ""excludedCount"": 0, ""genreCoverage"": 0, ""readinessTier"": ""insufficient"", ""resolvedCount"": 0, ""resolutionRate"": 0, ""datedTrackCount"": 0, ""genreTaggedCount"": 0, ""uniqueTrackCount"": 0, ""uniqueArtistCount"": 0, ""unknownGenreCount"": 0, ""datedTrackCoverage"": 0}",community,curated,human,f
KUTX 98.9 FM,kutx,KUTX,US,https://kutx.org/,"[""anchor""]","KUTX is a full-time non-commercial music station broadcasting on 98.9 FM in Austin, Texas, and streamed worldwide at kutx.org.","{""top"": [{""count"": 13, ""genre"": ""rock""}, {""count"": 11, ""genre"": ""alternative rock""}, {""count"": 9, ""genre"": ""pop""}, {""count"": 6, ""genre"": ""indie pop""}, {""count"": 6, ""genre"": ""new wave""}, {""count"": 5, ""genre"": ""indie rock""}, {""count"": 4, ""genre"": ""blues""}, {""count"": 4, ""genre"": ""dream pop""}], ""totalCount"": 441, ""unknownCount"": 402}","{""top"": [{""count"": 13, ""genre"": ""rock""}, {""count"": 11, ""genre"": ""alternative rock""}, {""count"": 9, ""genre"": ""pop""}, {""count"": 6, ""genre"": ""indie pop""}, {""count"": 6, ""genre"": ""new wave""}, {""count"": 5, ""genre"": ""indie rock""}, {""count"": 4, ""genre"": ""blues""}, {""count"": 4, ""genre"": ""dream pop""}], ""updatedAt"": ""2026-09-16T19:29:28.461Z"", ""sampleSize"": 1344, ""windowDays"": 90, ""latestSpinAt"": ""2026-09-16T19:29:25.560Z"", ""excludedCount"": 1663, ""genreCoverage"": 0.09176470588235294, ""readinessTier"": ""insufficient"", ""resolvedCount"": 425, ""resolutionRate"": 0.3162202380952381, ""datedTrackCount"": 393, ""genreTaggedCount"": 39, ""uniqueTrackCount"": 199, ""uniqueArtistCount"": 191, ""unknownGenreCount"": 386, ""datedTrackCoverage"": 0.9247058823529412}",community,curated,human,f
KUVO 89.3 FM,kuvo,KUVO,US,https://www.kuvo.org/,"[""public""]","Since 1985, KUVO JAZZ – an independent, public radio station – has provided a rare blend of music and news.",,"{""top"": [], ""updatedAt"": ""2026-09-16T19:29:56.761Z"", ""sampleSize"": 0, ""windowDays"": 90, ""latestSpinAt"": null, ""excludedCount"": 0, ""genreCoverage"": 0, ""readinessTier"": ""insufficient"", ""resolvedCount"": 0, ""resolutionRate"": 0, ""datedTrackCount"": 0, ""genreTaggedCount"": 0, ""uniqueTrackCount"": 0, ""uniqueArtistCount"": 0, ""unknownGenreCount"": 0, ""datedTrackCoverage"": 0}",community,curated,human,f
KVRX 91.7 FM,kvrx,UT Austin,US,https://kvrx.org,"[""college""]","None of the hits, all of the time",,"{""top"": [], ""updatedAt"": ""2026-09-16T19:10:38.067Z"", ""sampleSize"": 0, ""windowDays"": 90, ""latestSpinAt"": null, ""excludedCount"": 0, ""genreCoverage"": 0, ""readinessTier"": ""insufficient"", ""resolvedCount"": 0, ""resolutionRate"": 0, ""datedTrackCount"": 0, ""genreTaggedCount"": 0, ""uniqueTrackCount"": 0, ""uniqueArtistCount"": 0, ""unknownGenreCount"": 0, ""datedTrackCoverage"": 0}",community,curated,human,f
KVSC 88.1 FM,kvsc,St. Cloud State University,US,https://www.kvsc.org,"[""college""]",KVSC Your Sound Alternative,"{""top"": [{""count"": 109, ""genre"": ""rock""}, {""count"": 67, ""genre"": ""indie rock""}, {""count"": 59, ""genre"": ""alternative rock""}, {""count"": 30, ""genre"": ""pop""}, {""count"": 22, ""genre"": ""shoegaze""}, {""count"": 19, ""genre"": ""electronic""}, {""count"": 18, ""genre"": ""indie pop""}, {""count"": 17, ""genre"": ""synth-pop""}], ""totalCount"": 1868, ""unknownCount"": 1629}","{""top"": [{""count"": 109, ""genre"": ""rock""}, {""count"": 67, ""genre"": ""indie rock""}, {""count"": 59, ""genre"": ""alternative rock""}, {""count"": 30, ""genre"": ""pop""}, {""count"": 22, ""genre"": ""shoegaze""}, {""count"": 19, ""genre"": ""electronic""}, {""count"": 18, ""genre"": ""indie pop""}, {""count"": 17, ""genre"": ""synth-pop""}], ""updatedAt"": ""2026-09-16T19:10:42.095Z"", ""sampleSize"": 2750, ""windowDays"": 90, ""latestSpinAt"": ""2026-09-16T07:17:37.617Z"", ""excludedCount"": 0, ""genreCoverage"": 0.1279443254817987, ""readinessTier"": ""ready"", ""resolvedCount"": 1868, ""resolutionRate"": 0.6792727272727273, ""datedTrackCount"": 1694, ""genreTaggedCount"": 239, ""uniqueTrackCount"": 1268, ""uniqueArtistCount"": 911, ""unknownGenreCount"": 1629, ""datedTrackCoverage"": 0.9068522483940042}",community,curated,human,f
KXLU 88.9 FM,kxlu,Loyola Marymount University,US,https://kxlu.com,"[""college""]",KXLU 88.9 FM,"{""top"": [{""count"": 61, ""genre"": ""rock""}, {""count"": 30, ""genre"": ""electronic""}, {""count"": 23, ""genre"": ""indie rock""}, {""count"": 20, ""genre"": ""punk""}, {""count"": 19, ""genre"": ""alternative rock""}, {""count"": 13, ""genre"": ""ambient""}, {""count"": 11, ""genre"": ""jazz""}, {""count"": 11, ""genre"": ""pop""}], ""totalCount"": 958, ""unknownCount"": 826}","{""top"": [{""count"": 61, ""genre"": ""rock""}, {""count"": 30, ""genre"": ""electronic""}, {""count"": 23, ""genre"": ""indie rock""}, {""count"": 20, ""genre"": ""punk""}, {""count"": 19, ""genre"": ""alternative rock""}, {""count"": 13, ""genre"": ""ambient""}, {""count"": 11, ""genre"": ""jazz""}, {""count"": 11, ""genre"": ""pop""}], ""updatedAt"": ""2026-09-16T19:26:54.572Z"", ""sampleSize"": 1887, ""windowDays"": 90, ""latestSpinAt"": ""2026-09-16T19:26:06.684Z"", ""excludedCount"": 4, ""genreCoverage"": 0.1382198952879581, ""readinessTier"": ""ready"", ""resolvedCount"": 955, ""resolutionRate"": 0.5060943296237413, ""datedTrackCount"": 893, ""genreTaggedCount"": 132, ""uniqueTrackCount"": 899, ""uniqueArtistCount"": 826, ""unknownGenreCount"": 823, ""datedTrackCoverage"": 0.9350785340314136}",community,curated,human,f
KXUA 88.3 FM,kxua,University of Arkansas,US,https://spinitron.com/KXUA/,"[""college""]","KXUA is an eclectic music focused radio station from the University of Arkansas in Fayetteville, Arkansas. Run by students for the students.",,"{""top"": [], ""updatedAt"": ""2026-09-16T19:26:40.667Z"", ""sampleSize"": 1, ""windowDays"": 90, ""latestSpinAt"": ""2026-07-15T19:50:06.530Z"", ""excludedCount"": 0, ""genreCoverage"": 0, ""readinessTier"": ""insufficient"", ""resolvedCount"": 0, ""resolutionRate"": 0, ""datedTrackCount"": 0, ""genreTaggedCount"": 0, ""uniqueTrackCount"": 0, ""uniqueArtistCount"": 0, ""unknownGenreCount"": 0, ""datedTrackCoverage"": 0}",community,curated,human,f
KZSC 88.1 FM,kzsc,UC Santa Cruz,US,https://spinitron.com/KZSC/,,College radio beaming from the redwood trees to the seas. kzsc.org,"{""top"": [{""count"": 51, ""genre"": ""rock""}, {""count"": 27, ""genre"": ""electronic""}, {""count"": 26, ""genre"": ""alternative rock""}, {""count"": 24, ""genre"": ""indie rock""}, {""count"": 22, ""genre"": ""pop""}, {""count"": 12, ""genre"": ""soul""}, {""count"": 10, ""genre"": ""r&b""}, {""count"": 8, ""genre"": ""hip hop""}], ""totalCount"": 578, ""unknownCount"": 458}","{""top"": [{""count"": 51, ""genre"": ""rock""}, {""count"": 27, ""genre"": ""electronic""}, {""count"": 26, ""genre"": ""alternative rock""}, {""count"": 24, ""genre"": ""indie rock""}, {""count"": 22, ""genre"": ""pop""}, {""count"": 12, ""genre"": ""soul""}, {""count"": 10, ""genre"": ""r&b""}, {""count"": 8, ""genre"": ""hip hop""}], ""updatedAt"": ""2026-09-16T19:26:53.465Z"", ""sampleSize"": 929, ""windowDays"": 90, ""latestSpinAt"": ""2026-08-19T22:26:58.396Z"", ""excludedCount"": 1, ""genreCoverage"": 0.20797227036395147, ""readinessTier"": ""ready"", ""resolvedCount"": 577, ""resolutionRate"": 0.6210979547900969, ""datedTrackCount"": 514, ""genreTaggedCount"": 120, ""uniqueTrackCount"": 550, ""uniqueArtistCount"": 462, ""unknownGenreCount"": 457, ""datedTrackCoverage"": 0.8908145580589255}",community,curated,human,f
KZSU 90.1 FM,kzsu,Stanford University,US,https://kzsu.stanford.edu/,"[""college""]",KZSU Stanford 90.1 FM,,"{""top"": [], ""updatedAt"": ""2026-09-16T19:26:54.980Z"", ""sampleSize"": 0, ""windowDays"": 90, ""latestSpinAt"": null, ""excludedCount"": 0, ""genreCoverage"": 0, ""readinessTier"": ""insufficient"", ""resolvedCount"": 0, ""resolutionRate"": 0, ""datedTrackCount"": 0, ""genreTaggedCount"": 0, ""uniqueTrackCount"": 0, ""uniqueArtistCount"": 0, ""unknownGenreCount"": 0, ""datedTrackCoverage"": 0}",community,curated,human,f
Kapitał,kapita,,Poland,https://radiokapital.pl/,"[""ambient"", ""comunity"", ""techno""]",Pierwsze radio społecznościowe w Polsce.,"{""top"": [], ""totalCount"": 7, ""unknownCount"": 7}","{""top"": [], ""updatedAt"": ""2026-09-16T19:13:00.165Z"", ""sampleSize"": 309, ""windowDays"": 90, ""latestSpinAt"": ""2026-09-16T11:00:08.781Z"", ""excludedCount"": 4, ""genreCoverage"": 0, ""readinessTier"": ""insufficient"", ""resolvedCount"": 7, ""resolutionRate"": 0.022653721682847898, ""datedTrackCount"": 0, ""genreTaggedCount"": 0, ""uniqueTrackCount"": 7, ""uniqueArtistCount"": 1, ""unknownGenreCount"": 7, ""datedTrackCoverage"": 0}",curated,radio_browser,,f
Kiosk Radio,kiosk-radio,Kiosk Radio,BE,https://www.kioskradio.com/,"[""club"", ""electronic"", ""experimental"", ""specialist""]","Kiosk Radio is a community web radio station and streaming platform broadcasting 24/7 from a wooden kiosk in the heart of Brussels&#x27; historic &#x27;Parc Royal&#x27;. Since 2017, it&#x27;s been a place where music drifts between genres without boundaries or rules.","{""top"": [], ""totalCount"": 5, ""unknownCount"": 5}","{""top"": [], ""updatedAt"": ""2026-09-16T19:29:17.159Z"", ""sampleSize"": 49, ""windowDays"": 90, ""latestSpinAt"": ""2026-09-16T11:02:20.217Z"", ""excludedCount"": 256, ""genreCoverage"": 0, ""readinessTier"": ""insufficient"", ""resolvedCount"": 0, ""resolutionRate"": 0, ""datedTrackCount"": 0, ""genreTaggedCount"": 0, ""uniqueTrackCount"": 0, ""uniqueArtistCount"": 0, ""unknownGenreCount"": 0, ""datedTrackCoverage"": 0}",community,curated,human,t
Kool FM,kool-fm,Rinse FM,GB,https://www.rinse.fm/channels/kool,"[""breakbeat"", ""drum and bass"", ""jungle"", ""specialist""]",Rinse has dominated London’s radio airwaves for 30 years as a hub of the capital’s thriving urban music community,,"{""top"": [], ""updatedAt"": ""2026-09-16T19:30:57.955Z"", ""sampleSize"": 0, ""windowDays"": 90, ""latestSpinAt"": null, ""excludedCount"": 0, ""genreCoverage"": 0, ""readinessTier"": ""insufficient"", ""resolvedCount"": 0, ""resolutionRate"": 0, ""datedTrackCount"": 0, ""genreTaggedCount"": 0, ""uniqueTrackCount"": 0, ""uniqueArtistCount"": 0, ""unknownGenreCount"": 0, ""datedTrackCoverage"": 0}",community,curated,human,t
LYL Radio,lyl-radio,LYL Radio,FR,https://lyl.live/,"[""ambient"", ""experimental"", ""specialist""]",We,"{""top"": [], ""totalCount"": 16, ""unknownCount"": 16}","{""top"": [], ""updatedAt"": ""2026-09-16T19:29:28.068Z"", ""sampleSize"": 216, ""windowDays"": 90, ""latestSpinAt"": ""2026-09-16T19:08:23.591Z"", ""excludedCount"": 52, ""genreCoverage"": 0, ""readinessTier"": ""insufficient"", ""resolvedCount"": 16, ""resolutionRate"": 0.07407407407407407, ""datedTrackCount"": 0, ""genreTaggedCount"": 0, ""uniqueTrackCount"": 8, ""uniqueArtistCount"": 8, ""unknownGenreCount"": 16, ""datedTrackCoverage"": 0}",community,curated,human,t
"La Inolvidable (Perote) - 101.1 FM - XHPER-FM - RRADIOTL, A.C. - Perote, VE",la-inolvidable-perote-101-1-fm-xhper-fm-rradiotl-a-c-perote-ve,,Mexico,https://www.lainolvidabledeperote.com/,"[""101.1"", ""101.1 fm"", ""americana"", ""avanradio"", ""balada"", ""balada en español"", ""balada pop"", ""baladas"", ""baladas en español"", ""estación"", ""fm"", ""fmmusica romantica"", ""la inolvidable"", ""mex"", ""mexico"", ""musica"", ""musica latina"", ""musica latinoamericana"", ""musica romantica"", ""mx"", ""méxico"", ""música"", ""música del recuerdo"", ""música en español"", ""new romantic"", ""perote"", ""radio"", ""romantic"", ""romantic music"", ""romantica"", ""veracruz""]",La radio de tu vida,,"{""top"": [], ""updatedAt"": ""2026-09-16T19:21:51.457Z"", ""sampleSize"": 0, ""windowDays"": 90, ""latestSpinAt"": null, ""excludedCount"": 0, ""genreCoverage"": 0, ""readinessTier"": ""insufficient"", ""resolvedCount"": 0, ""resolutionRate"": 0, ""datedTrackCount"": 0, ""genreTaggedCount"": 0, ""uniqueTrackCount"": 0, ""uniqueArtistCount"": 0, ""unknownGenreCount"": 0, ""datedTrackCoverage"": 0}",curated,radio_browser,,f
La Kalle,la-kalle,,Colombia,http://lakalle.bluradio.com/,"[""folk"", ""folk music"", ""local music"", ""popular"", ""ranchera"", ""urban""]","La Kalle te conecta con las noticias de última hora de entretenimiento sobre artistas y celebridades, información de servicio y lo mejor de la música.",,"{""top"": [], ""updatedAt"": ""2026-09-16T19:13:59.860Z"", ""sampleSize"": 0, ""windowDays"": 90, ""latestSpinAt"": null, ""excludedCount"": 0, ""genreCoverage"": 0, ""readinessTier"": ""insufficient"", ""resolvedCount"": 0, ""resolutionRate"": 0, ""datedTrackCount"": 0, ""genreTaggedCount"": 0, ""uniqueTrackCount"": 0, ""uniqueArtistCount"": 0, ""unknownGenreCount"": 0, ""datedTrackCoverage"": 0}",curated,radio_browser,,f
Lahmacun Radio,lahmacun-radio,Lahmacun Radio,HU,https://lahmacun.hu/,"[""electronic"", ""experimental"", ""specialist"", ""world""]",Lahmacun.hu is an online music & more radio from Budapest since 2018,"{""top"": [{""count"": 1, ""genre"": ""nu style gabber""}], ""totalCount"": 32, ""unknownCount"": 31}","{""top"": [{""count"": 1, ""genre"": ""nu style gabber""}], ""updatedAt"": ""2026-09-16T19:29:27.269Z"", ""sampleSize"": 318, ""windowDays"": 90, ""latestSpinAt"": ""2026-09-16T19:08:44.860Z"", ""excludedCount"": 42, ""genreCoverage"": 0.03125, ""readinessTier"": ""provisional"", ""resolvedCount"": 32, ""resolutionRate"": 0.10062893081761007, ""datedTrackCount"": 27, ""genreTaggedCount"": 1, ""uniqueTrackCount"": 17, ""uniqueArtistCount"": 13, ""unknownGenreCount"": 31, ""datedTrackCoverage"": 0.84375}",community,curated,human,t
Laut.FM Chillout-Radio,laut-fm-chillout-radio,,Germany,https://laut.fm/chilloutradio,"[""ambient"", ""space""]",,,"{""top"": [], ""updatedAt"": ""2026-09-16T19:13:01.970Z"", ""sampleSize"": 0, ""windowDays"": 90, ""latestSpinAt"": null, ""excludedCount"": 0, ""genreCoverage"": 0, ""readinessTier"": ""insufficient"", ""resolvedCount"": 0, ""resolutionRate"": 0, ""datedTrackCount"": 0, ""genreTaggedCount"": 0, ""uniqueTrackCount"": 0, ""uniqueArtistCount"": 0, ""unknownGenreCount"": 0, ""datedTrackCoverage"": 0}",curated,radio_browser,,f
Laut.FM Shoegaze,laut-fm-shoegaze,,Germany,https://laut.fm/shoegaze,"[""ambient"", ""dream pop"", ""electro"", ""indie"", ""post-punk"", ""rock"", ""shoegaze""]",,"{""top"": [{""count"": 804, ""genre"": ""rock""}, {""count"": 342, ""genre"": ""indie rock""}, {""count"": 339, ""genre"": ""alternative rock""}, {""count"": 149, ""genre"": ""pop""}, {""count"": 128, ""genre"": ""punk""}, {""count"": 126, ""genre"": ""hip hop""}, {""count"": 122, ""genre"": ""electronic""}, {""count"": 87, ""genre"": ""post-rock""}], ""totalCount"": 5510, ""unknownCount"": 4395}","{""top"": [{""count"": 804, ""genre"": ""rock""}, {""count"": 342, ""genre"": ""indie rock""}, {""count"": 339, ""genre"": ""alternative rock""}, {""count"": 149, ""genre"": ""pop""}, {""count"": 128, ""genre"": ""punk""}, {""count"": 126, ""genre"": ""hip hop""}, {""count"": 122, ""genre"": ""electronic""}, {""count"": 87, ""genre"": ""post-rock""}], ""updatedAt"": ""2026-09-16T19:12:29.965Z"", ""sampleSize"": 5801, ""windowDays"": 90, ""latestSpinAt"": ""2026-09-16T19:08:30.011Z"", ""excludedCount"": 1031, ""genreCoverage"": 0.2263499796995534, ""readinessTier"": ""ready"", ""resolvedCount"": 4926, ""resolutionRate"": 0.8491639372521979, ""datedTrackCount"": 4154, ""genreTaggedCount"": 1115, ""uniqueTrackCount"": 427, ""uniqueArtistCount"": 215, ""unknownGenreCount"": 3811, ""datedTrackCoverage"": 0.8432805521721478}",curated,radio_browser,,f
Laut.FM SynthPop,laut-fm-synthpop,,Germany,http://laut.fm/synthpop,"[""ebm"", ""electropop"", ""futurepop"", ""new wave"", ""synthpop"", ""synthwave""]",,,"{""top"": [], ""updatedAt"": ""2026-09-16T19:17:57.418Z"", ""sampleSize"": 0, ""windowDays"": 90, ""latestSpinAt"": null, ""excludedCount"": 0, ""genreCoverage"": 0, ""readinessTier"": ""insufficient"", ""resolvedCount"": 0, ""resolutionRate"": 0, ""datedTrackCount"": 0, ""genreTaggedCount"": 0, ""uniqueTrackCount"": 0, ""uniqueArtistCount"": 0, ""unknownGenreCount"": 0, ""datedTrackCoverage"": 0}",curated,radio_browser,,f
Laut.FM Synthesizer Greatest,laut-fm-synthesizer-greatest,,Germany,http://www.laut.fm/synthesizergreatest,"[""ambient"", ""electronic""]",,"{""top"": [{""count"": 296, ""genre"": ""electronic""}, {""count"": 270, ""genre"": ""rock""}, {""count"": 262, ""genre"": ""pop""}, {""count"": 162, ""genre"": ""ambient""}, {""count"": 152, ""genre"": ""synth-pop""}, {""count"": 147, ""genre"": ""classic rock""}, {""count"": 99, ""genre"": ""disco""}, {""count"": 95, ""genre"": ""new age""}], ""totalCount"": 6962, ""unknownCount"": 6044}","{""top"": [{""count"": 296, ""genre"": ""electronic""}, {""count"": 270, ""genre"": ""rock""}, {""count"": 262, ""genre"": ""pop""}, {""count"": 162, ""genre"": ""ambient""}, {""count"": 152, ""genre"": ""synth-pop""}, {""count"": 147, ""genre"": ""classic rock""}, {""count"": 99, ""genre"": ""disco""}, {""count"": 95, ""genre"": ""new age""}], ""updatedAt"": ""2026-09-16T19:22:58.963Z"", ""sampleSize"": 11138, ""windowDays"": 90, ""latestSpinAt"": ""2026-09-16T19:21:10.559Z"", ""excludedCount"": 1167, ""genreCoverage"": 0.14493211240922008, ""readinessTier"": ""ready"", ""resolvedCount"": 6334, ""resolutionRate"": 0.5686837852397199, ""datedTrackCount"": 5733, ""genreTaggedCount"": 918, ""uniqueTrackCount"": 1128, ""uniqueArtistCount"": 605, ""unknownGenreCount"": 5416, ""datedTrackCoverage"": 0.9051152510262077}",curated,radio_browser,,f
Laut.FM Vinyl-XL,laut-fm-vinyl-xl,,Germany,http://laut.fm/vinyl-xl,"[""80s"", ""new wave""]",,,"{""top"": [], ""updatedAt"": ""2026-09-16T19:18:25.067Z"", ""sampleSize"": 0, ""windowDays"": 90, ""latestSpinAt"": null, ""excludedCount"": 0, ""genreCoverage"": 0, ""readinessTier"": ""insufficient"", ""resolvedCount"": 0, ""resolutionRate"": 0, ""datedTrackCount"": 0, ""genreTaggedCount"": 0, ""uniqueTrackCount"": 0, ""uniqueArtistCount"": 0, ""unknownGenreCount"": 0, ""datedTrackCoverage"": 0}",curated,radio_browser,,f
Le Bon Mix Radio 97.9,le-bon-mix-radio-97-9,,France,https://www.lebonmix.radio/,"[""disco"", ""electro"", ""funk"", ""jazz"", ""music"", ""pop"", ""raggae"", ""rock"", ""sanspub"", ""soul"", ""world""]","Le Bon Mix distille des rythmes Funk, Jazz, Disco, Electro, Pop, Soul, World, Reggae, Rock, & more... 4 radios gratuites et sans pub pour un mélange pointu de titres anciens jusqu","{""top"": [{""count"": 134, ""genre"": ""rock""}, {""count"": 121, ""genre"": ""electronic""}, {""count"": 112, ""genre"": ""pop""}, {""count"": 79, ""genre"": ""jazz""}, {""count"": 70, ""genre"": ""soul""}, {""count"": 44, ""genre"": ""downtempo""}, {""count"": 42, ""genre"": ""r&b""}, {""count"": 41, ""genre"": ""classic rock""}], ""totalCount"": 4085, ""unknownCount"": 3535}","{""top"": [{""count"": 134, ""genre"": ""rock""}, {""count"": 121, ""genre"": ""electronic""}, {""count"": 112, ""genre"": ""pop""}, {""count"": 79, ""genre"": ""jazz""}, {""count"": 70, ""genre"": ""soul""}, {""count"": 44, ""genre"": ""downtempo""}, {""count"": 42, ""genre"": ""r&b""}, {""count"": 41, ""genre"": ""classic rock""}], ""updatedAt"": ""2026-09-16T19:10:59.458Z"", ""sampleSize"": 7182, ""windowDays"": 90, ""latestSpinAt"": ""2026-09-16T19:09:03.648Z"", ""excludedCount"": 192, ""genreCoverage"": 0.13508858267716536, ""readinessTier"": ""ready"", ""resolvedCount"": 4064, ""resolutionRate"": 0.5658590921748816, ""datedTrackCount"": 3734, ""genreTaggedCount"": 549, ""uniqueTrackCount"": 3703, ""uniqueArtistCount"": 3038, ""unknownGenreCount"": 3515, ""datedTrackCoverage"": 0.9187992125984252}",curated,radio_browser,,f
Le Grigri,le-grigri,,France,https://www.le-grigri.com/,"[""african music"", ""free jazz"", ""hip-hop"", ""jazz"", ""world"", ""world music""]",C&rsquo;était quoi cette track ? ON AIR Titre en cours de diffusion Lecteur audio Download on Follow us Facebook X-twitter Instagram DONATE Carte blanche Carte Blanche de Buck. 1h de sons sélectionnés par le sextet pour leur nouvel album. Listen now ↗ Last news Best album of the ,,"{""top"": [], ""updatedAt"": ""2026-09-16T19:19:56.863Z"", ""sampleSize"": 0, ""windowDays"": 90, ""latestSpinAt"": null, ""excludedCount"": 0, ""genreCoverage"": 0, ""readinessTier"": ""insufficient"", ""resolvedCount"": 0, ""resolutionRate"": 0, ""datedTrackCount"": 0, ""genreTaggedCount"": 0, ""uniqueTrackCount"": 0, ""uniqueArtistCount"": 0, ""unknownGenreCount"": 0, ""datedTrackCoverage"": 0}",curated,radio_browser,,f
Lele Male,lele-male,,Bulgaria,,"[""folk""]",,"{""top"": [{""count"": 3, ""genre"": ""pop""}, {""count"": 2, ""genre"": ""rock""}, {""count"": 1, ""genre"": ""chanson française""}, {""count"": 1, ""genre"": ""classic rock""}, {""count"": 1, ""genre"": ""club""}, {""count"": 1, ""genre"": ""dance""}, {""count"": 1, ""genre"": ""disco""}, {""count"": 1, ""genre"": ""eurodance""}], ""totalCount"": 139, ""unknownCount"": 135}","{""top"": [{""count"": 3, ""genre"": ""pop""}, {""count"": 2, ""genre"": ""rock""}, {""count"": 1, ""genre"": ""chanson française""}, {""count"": 1, ""genre"": ""classic rock""}, {""count"": 1, ""genre"": ""club""}, {""count"": 1, ""genre"": ""dance""}, {""count"": 1, ""genre"": ""disco""}, {""count"": 1, ""genre"": ""eurodance""}], ""updatedAt"": ""2026-09-16T19:13:52.363Z"", ""sampleSize"": 2181, ""windowDays"": 90, ""latestSpinAt"": ""2026-09-16T11:34:14.906Z"", ""excludedCount"": 6, ""genreCoverage"": 0.02877697841726619, ""readinessTier"": ""provisional"", ""resolvedCount"": 139, ""resolutionRate"": 0.06373223292067859, ""datedTrackCount"": 115, ""genreTaggedCount"": 4, ""uniqueTrackCount"": 91, ""uniqueArtistCount"": 80, ""unknownGenreCount"": 135, ""datedTrackCoverage"": 0.8273381294964028}",curated,radio_browser,,f
Lolli Radio Happy Station,lolli-radio-happy-station,,Italy,http://www.lolliradio.net/,"[""world"", ""world music""]",DA 20 ANNI LE RADIO DIGITALI ITALIANE PIU’ ASCOLTATE scegli la tua radio APRI IL PLAYER POP-UP QUI lolliradio happy play_arrow lolliradio italia play_arrow lolliradio soft play_arrow lolliradio dance play_arrow lolliradio hits play_arrow lolliradio oldies play_arrow adoro classic,"{""top"": [{""count"": 520, ""genre"": ""pop""}, {""count"": 228, ""genre"": ""disco""}, {""count"": 164, ""genre"": ""electronic""}, {""count"": 143, ""genre"": ""rock""}, {""count"": 140, ""genre"": ""dance-pop""}, {""count"": 121, ""genre"": ""dance""}, {""count"": 98, ""genre"": ""soul""}, {""count"": 96, ""genre"": ""pop rock""}], ""totalCount"": 7957, ""unknownCount"": 7045}","{""top"": [{""count"": 519, ""genre"": ""pop""}, {""count"": 228, ""genre"": ""disco""}, {""count"": 163, ""genre"": ""electronic""}, {""count"": 143, ""genre"": ""rock""}, {""count"": 140, ""genre"": ""dance-pop""}, {""count"": 121, ""genre"": ""dance""}, {""count"": 98, ""genre"": ""soul""}, {""count"": 96, ""genre"": ""pop rock""}], ""updatedAt"": ""2026-09-16T19:21:01.063Z"", ""sampleSize"": 10313, ""windowDays"": 90, ""latestSpinAt"": ""2026-09-16T19:18:23.759Z"", ""excludedCount"": 985, ""genreCoverage"": 0.11550652973247115, ""readinessTier"": ""ready"", ""resolvedCount"": 7887, ""resolutionRate"": 0.7647629205856685, ""datedTrackCount"": 7132, ""genreTaggedCount"": 911, ""uniqueTrackCount"": 2285, ""uniqueArtistCount"": 1223, ""unknownGenreCount"": 6976, ""datedTrackCoverage"": 0.904272854063649}",curated,radio_browser,,f
Lookout.FM,lookout-fm,Lookout.FM,US,https://www.lookout.fm,"[""indie""]",,"{""top"": [{""count"": 6, ""genre"": ""electronic""}, {""count"": 6, ""genre"": ""experimental""}, {""count"": 5, ""genre"": ""field recording""}, {""count"": 5, ""genre"": ""non-music""}], ""totalCount"": 48, ""unknownCount"": 37}","{""top"": [{""count"": 6, ""genre"": ""electronic""}, {""count"": 6, ""genre"": ""experimental""}, {""count"": 5, ""genre"": ""field recording""}, {""count"": 5, ""genre"": ""non-music""}], ""updatedAt"": ""2026-09-16T19:24:36.264Z"", ""sampleSize"": 519, ""windowDays"": 90, ""latestSpinAt"": ""2026-09-16T10:43:18.870Z"", ""excludedCount"": 2, ""genreCoverage"": 0.22916666666666666, ""readinessTier"": ""provisional"", ""resolvedCount"": 48, ""resolutionRate"": 0.09248554913294797, ""datedTrackCount"": 35, ""genreTaggedCount"": 11, ""uniqueTrackCount"": 25, ""uniqueArtistCount"": 16, ""unknownGenreCount"": 37, ""datedTrackCoverage"": 0.7291666666666666}",curated,curated,human,f
MDR Sputnik Insomnia,mdr-sputnik-insomnia,,Germany,http://sputnik.de/sendungen/musikspecials/sputnik-insomnia--100.html,"[""melancholic"", ""psychedelic"", ""slow""]",,,"{""top"": [], ""updatedAt"": ""2026-09-16T19:16:08.356Z"", ""sampleSize"": 0, ""windowDays"": 90, ""latestSpinAt"": null, ""excludedCount"": 0, ""genreCoverage"": 0, ""readinessTier"": ""insufficient"", ""resolvedCount"": 0, ""resolutionRate"": 0, ""datedTrackCount"": 0, ""genreTaggedCount"": 0, ""uniqueTrackCount"": 0, ""uniqueArtistCount"": 0, ""unknownGenreCount"": 0, ""datedTrackCoverage"": 0}",curated,radio_browser,,f
Mellow Bangla,mellow-bangla,,Bangladesh,https://www.mellowbangla.com/,"[""bangla"", ""bangla fm"", ""bangla music"", ""bangla radio"", ""bangladesh"", ""bengali"", ""bengali music"", ""folk"", ""romantic""]","Your go-to radio for romantic Bangla, Hindi, and English songs. No ads. No subscriptions. Just the music that moves your heart, playing around the clock.",,"{""top"": [], ""updatedAt"": ""2026-09-16T19:13:40.078Z"", ""sampleSize"": 0, ""windowDays"": 90, ""latestSpinAt"": null, ""excludedCount"": 0, ""genreCoverage"": 0, ""readinessTier"": ""insufficient"", ""resolvedCount"": 0, ""resolutionRate"": 0, ""datedTrackCount"": 0, ""genreTaggedCount"": 0, ""uniqueTrackCount"": 0, ""uniqueArtistCount"": 0, ""unknownGenreCount"": 0, ""datedTrackCoverage"": 0}",curated,radio_browser,,f
Melodies Web Radio,melodies-web-radio,,Greece,https://melodieswebradio.wixsite.com/,"[""ambient"", ""ambient and relaxation music"", ""jazz""]",,"{""top"": [], ""totalCount"": 11, ""unknownCount"": 11}","{""top"": [], ""updatedAt"": ""2026-09-16T19:13:00.359Z"", ""sampleSize"": 882, ""windowDays"": 90, ""latestSpinAt"": ""2026-08-19T09:01:52.351Z"", ""excludedCount"": 314, ""genreCoverage"": 0, ""readinessTier"": ""insufficient"", ""resolvedCount"": 10, ""resolutionRate"": 0.011337868480725623, ""datedTrackCount"": 0, ""genreTaggedCount"": 0, ""uniqueTrackCount"": 4, ""uniqueArtistCount"": 1, ""unknownGenreCount"": 10, ""datedTrackCoverage"": 0}",curated,radio_browser,,f
Memory Lane | NTS,memory-lane-nts,,The United Kingdom Of Great Britain And Northern Ireland,https://www.nts.live/infinite-mixtapes/memory-lane,"[""garage rock"", ""psychedelic"", ""soul""]","Turn on, tune in, drop out.",,"{""top"": [], ""updatedAt"": ""2026-09-16T19:16:05.586Z"", ""sampleSize"": 0, ""windowDays"": 90, ""latestSpinAt"": null, ""excludedCount"": 0, ""genreCoverage"": 0, ""readinessTier"": ""insufficient"", ""resolvedCount"": 0, ""resolutionRate"": 0, ""datedTrackCount"": 0, ""genreTaggedCount"": 0, ""uniqueTrackCount"": 0, ""uniqueArtistCount"": 0, ""unknownGenreCount"": 0, ""datedTrackCoverage"": 0}",curated,radio_browser,,f
Modular-Station,modular-station,,France,https://modular-station.com/,"[""ambient"", ""electronic"", ""experimental"", ""modular synthesis"", ""soundscape"", ""techno""]",Modular Station &#8211; The Modular Music Radio,"{""top"": [{""count"": 18, ""genre"": ""electronic""}, {""count"": 9, ""genre"": ""ambient""}, {""count"": 9, ""genre"": ""classical""}, {""count"": 5, ""genre"": ""experimental""}, {""count"": 5, ""genre"": ""minimal synth""}, {""count"": 4, ""genre"": ""idm""}, {""count"": 3, ""genre"": ""dance""}, {""count"": 3, ""genre"": ""drum and bass""}], ""totalCount"": 646, ""unknownCount"": 621}","{""top"": [{""count"": 18, ""genre"": ""electronic""}, {""count"": 9, ""genre"": ""ambient""}, {""count"": 9, ""genre"": ""classical""}, {""count"": 5, ""genre"": ""experimental""}, {""count"": 5, ""genre"": ""minimal synth""}, {""count"": 4, ""genre"": ""idm""}, {""count"": 3, ""genre"": ""dance""}, {""count"": 3, ""genre"": ""drum and bass""}], ""updatedAt"": ""2026-09-16T19:12:43.356Z"", ""sampleSize"": 3158, ""windowDays"": 90, ""latestSpinAt"": ""2026-09-16T11:33:54.643Z"", ""excludedCount"": 14, ""genreCoverage"": 0.03881987577639751, ""readinessTier"": ""ready"", ""resolvedCount"": 644, ""resolutionRate"": 0.2039265357821406, ""datedTrackCount"": 569, ""genreTaggedCount"": 25, ""uniqueTrackCount"": 365, ""uniqueArtistCount"": 229, ""unknownGenreCount"": 619, ""datedTrackCoverage"": 0.8835403726708074}",curated,radio_browser,mixed,f
Monacensis,monacensis,,Germany,http://www.radio-monacensis.de/,"[""folk"", ""medieval"", ""mittelalter""]",Bid on the RGP-Domain radio-monacensis.de. Bid now from €10 and secure the domain at an early stage!,,"{""top"": [], ""updatedAt"": ""2026-09-16T19:27:51.656Z"", ""sampleSize"": 0, ""windowDays"": 90, ""latestSpinAt"": null, ""excludedCount"": 0, ""genreCoverage"": 0, ""readinessTier"": ""insufficient"", ""resolvedCount"": 0, ""resolutionRate"": 0, ""datedTrackCount"": 0, ""genreTaggedCount"": 0, ""uniqueTrackCount"": 0, ""uniqueArtistCount"": 0, ""unknownGenreCount"": 0, ""datedTrackCoverage"": 0}",curated,radio_browser,,f
Mystery Train Radio,mystery-train-radio,,The United Kingdom Of Great Britain And Northern Ireland,https://www.mysterytrainradio.com/,"[""americana"", ""blues"", ""eclectic"", ""folk"", ""indie"", ""rock""]",Mystery Train Radio,,"{""top"": [], ""updatedAt"": ""2026-09-16T19:21:53.556Z"", ""sampleSize"": 0, ""windowDays"": 90, ""latestSpinAt"": null, ""excludedCount"": 0, ""genreCoverage"": 0, ""readinessTier"": ""insufficient"", ""resolvedCount"": 0, ""resolutionRate"": 0, ""datedTrackCount"": 0, ""genreTaggedCount"": 0, ""uniqueTrackCount"": 0, ""uniqueArtistCount"": 0, ""unknownGenreCount"": 0, ""datedTrackCoverage"": 0}",curated,radio_browser,,f
N10.AS,rb-96643f48-c85c-41d5-b9a0-6c6cd861e87b,,,,,,"{""top"": [{""count"": 1, ""genre"": ""alternative rock""}, {""count"": 1, ""genre"": ""electronic""}, {""count"": 1, ""genre"": ""indie rock""}, {""count"": 1, ""genre"": ""pop""}, {""count"": 1, ""genre"": ""rock""}], ""totalCount"": 23, ""unknownCount"": 22}","{""top"": [{""count"": 1, ""genre"": ""alternative rock""}, {""count"": 1, ""genre"": ""electronic""}, {""count"": 1, ""genre"": ""indie rock""}, {""count"": 1, ""genre"": ""pop""}, {""count"": 1, ""genre"": ""rock""}], ""updatedAt"": ""2026-09-16T19:24:35.868Z"", ""sampleSize"": 93, ""windowDays"": 90, ""latestSpinAt"": ""2026-08-20T20:33:07.477Z"", ""excludedCount"": 203, ""genreCoverage"": 0.07142857142857142, ""readinessTier"": ""insufficient"", ""resolvedCount"": 14, ""resolutionRate"": 0.15053763440860216, ""datedTrackCount"": 1, ""genreTaggedCount"": 1, ""uniqueTrackCount"": 6, ""uniqueArtistCount"": 5, ""unknownGenreCount"": 13, ""datedTrackCoverage"": 0.07142857142857142}",curated,curated,,f
NEOFOLK,neofolk,,Germany,https://flatlinesradio.de/,"[""ambient"", ""darkfolk"", ""experimental"", ""folk"", ""industrial"", ""martial industrial"", ""mittelalter"", ""neofolk"", ""pagan"", ""post-punk"", ""post-rock""]",,,"{""top"": [], ""updatedAt"": ""2026-09-16T19:15:15.239Z"", ""sampleSize"": 0, ""windowDays"": 90, ""latestSpinAt"": null, ""excludedCount"": 0, ""genreCoverage"": 0, ""readinessTier"": ""insufficient"", ""resolvedCount"": 0, ""resolutionRate"": 0, ""datedTrackCount"": 0, ""genreTaggedCount"": 0, ""uniqueTrackCount"": 0, ""uniqueArtistCount"": 0, ""unknownGenreCount"": 0, ""datedTrackCoverage"": 0}",curated,radio_browser,,f
NEU RADIO,neu-radio,,Italy,https://www.neuradio.it/,"[""afrobeats"", ""alternative"", ""ambient"", ""arts"", ""beats"", ""black"", ""breakbeat"", ""cinema"", ""culture"", ""dub"", ""electronic"", ""electropop"", ""experimental"", ""funk"", ""house"", ""indie pop"", ""indie rock"", ""jazz"", ""local news"", ""minimal"", ""minimal wave"", ""music"", ""new wave"", ""news"", ""nu-jazz"", ""post-punk"", ""post-rock"", ""reggae"", ""soul"", ""synth"", ""synthwave"", ""world"", ""worldbeat""]","Neu Radio è la nuova web radio, un collettivo, un aggregatore culturale. In streaming 24/7 da Bologna verso il mondo.","{""top"": [{""count"": 130, ""genre"": ""rock""}, {""count"": 106, ""genre"": ""electronic""}, {""count"": 69, ""genre"": ""indie rock""}, {""count"": 54, ""genre"": ""pop""}, {""count"": 40, ""genre"": ""alternative rock""}, {""count"": 22, ""genre"": ""experimental""}, {""count"": 22, ""genre"": ""hip hop""}, {""count"": 22, ""genre"": ""punk""}], ""totalCount"": 1927, ""unknownCount"": 1605}","{""top"": [{""count"": 130, ""genre"": ""rock""}, {""count"": 106, ""genre"": ""electronic""}, {""count"": 69, ""genre"": ""indie rock""}, {""count"": 54, ""genre"": ""pop""}, {""count"": 40, ""genre"": ""alternative rock""}, {""count"": 22, ""genre"": ""experimental""}, {""count"": 22, ""genre"": ""hip hop""}, {""count"": 22, ""genre"": ""punk""}], ""updatedAt"": ""2026-09-16T19:11:03.758Z"", ""sampleSize"": 3991, ""windowDays"": 90, ""latestSpinAt"": ""2026-09-16T11:34:26.408Z"", ""excludedCount"": 2154, ""genreCoverage"": 0.16735966735966737, ""readinessTier"": ""ready"", ""resolvedCount"": 1924, ""resolutionRate"": 0.4820846905537459, ""datedTrackCount"": 1752, ""genreTaggedCount"": 322, ""uniqueTrackCount"": 1530, ""uniqueArtistCount"": 1256, ""unknownGenreCount"": 1602, ""datedTrackCoverage"": 0.9106029106029107}",curated,radio_browser,mixed,f
NIUS,nius,,Germany,https://www.nius.de/,"[""2000s"", ""80s"", ""90s"", ""hits"", ""news"", ""news talk"", ""news talk music"", ""pop"", ""pop music"", ""talk"", ""top hits"", ""world"", ""world news""]","NIUS - die Stimme der Mehrheit. Aktuelle Nachrichten, exklusive Shows, Clips und Live-Streams.",,"{""top"": [], ""updatedAt"": ""2026-09-16T19:18:46.957Z"", ""sampleSize"": 0, ""windowDays"": 90, ""latestSpinAt"": null, ""excludedCount"": 0, ""genreCoverage"": 0, ""readinessTier"": ""insufficient"", ""resolvedCount"": 0, ""resolutionRate"": 0, ""datedTrackCount"": 0, ""genreTaggedCount"": 0, ""uniqueTrackCount"": 0, ""uniqueArtistCount"": 0, ""unknownGenreCount"": 0, ""datedTrackCoverage"": 0}",curated,radio_browser,,f
NTS 1,nts-1,NTS,GB,https://www.nts.live,"[""anchor"", ""specialist""]","NTS is a global radio platform broadcasting music from over 50 cities around the globe, live 24/7.","{""top"": [], ""totalCount"": 3, ""unknownCount"": 3}","{""top"": [], ""updatedAt"": ""2026-09-16T19:09:40.252Z"", ""sampleSize"": 6, ""windowDays"": 90, ""latestSpinAt"": ""2026-09-04T21:00:00.709Z"", ""excludedCount"": 58, ""genreCoverage"": 0, ""readinessTier"": ""insufficient"", ""resolvedCount"": 0, ""resolutionRate"": 0, ""datedTrackCount"": 0, ""genreTaggedCount"": 0, ""uniqueTrackCount"": 0, ""uniqueArtistCount"": 0, ""unknownGenreCount"": 0, ""datedTrackCoverage"": 0}",community,curated,mixed,f
NTS 2,nts-2,NTS,GB,https://www.nts.live,"[""anchor"", ""specialist""]","NTS is a global radio platform broadcasting music from over 50 cities around the globe, live 24/7.","{""top"": [], ""totalCount"": 2, ""unknownCount"": 2}","{""top"": [], ""updatedAt"": ""2026-09-16T19:09:40.662Z"", ""sampleSize"": 3, ""windowDays"": 90, ""latestSpinAt"": ""2026-08-19T08:14:57.676Z"", ""excludedCount"": 48, ""genreCoverage"": 0, ""readinessTier"": ""insufficient"", ""resolvedCount"": 0, ""resolutionRate"": 0, ""datedTrackCount"": 0, ""genreTaggedCount"": 0, ""uniqueTrackCount"": 0, ""uniqueArtistCount"": 0, ""unknownGenreCount"": 0, ""datedTrackCoverage"": 0}",community,curated,mixed,f
Narrenwut,narrenwut,,Germany,http://narrenwut.de/,"[""culture"", ""fantasy"", ""folk"", ""folk music"", ""medieval"", ""mittelalter"", ""news""]",STRATO - Domain reserved,"{""top"": [{""count"": 105, ""genre"": ""rock""}, {""count"": 81, ""genre"": ""folk""}, {""count"": 64, ""genre"": ""folk rock""}, {""count"": 33, ""genre"": ""folk metal""}, {""count"": 12, ""genre"": ""acoustic rock""}, {""count"": 11, ""genre"": ""celtic""}, {""count"": 7, ""genre"": ""medieval""}, {""count"": 6, ""genre"": ""electronic""}], ""totalCount"": 2638, ""unknownCount"": 2493}","{""top"": [{""count"": 105, ""genre"": ""rock""}, {""count"": 81, ""genre"": ""folk""}, {""count"": 64, ""genre"": ""folk rock""}, {""count"": 33, ""genre"": ""folk metal""}, {""count"": 12, ""genre"": ""acoustic rock""}, {""count"": 11, ""genre"": ""celtic""}, {""count"": 7, ""genre"": ""medieval""}, {""count"": 6, ""genre"": ""electronic""}], ""updatedAt"": ""2026-09-16T19:27:27.661Z"", ""sampleSize"": 3992, ""windowDays"": 90, ""latestSpinAt"": ""2026-09-16T11:34:02.903Z"", ""excludedCount"": 302, ""genreCoverage"": 0.05657432696059306, ""readinessTier"": ""ready"", ""resolvedCount"": 2563, ""resolutionRate"": 0.6420340681362725, ""datedTrackCount"": 2526, ""genreTaggedCount"": 145, ""uniqueTrackCount"": 290, ""uniqueArtistCount"": 67, ""unknownGenreCount"": 2418, ""datedTrackCoverage"": 0.9855637924307452}",curated,radio_browser,,f
Nature Mountain Radio (Live365),nature-mountain-radio-live365,,,https://live365.com/station/Nature-Mountain-Radio-a51903,"[""contemporary folk"", ""folk"", ""folk rock"", ""meditation"", ""new acoustic"", ""world"", ""world folk""]","Nature Mountain Radio puts you in touch with that feeling that you get when you go away to the mountains and sit by a lake, calm. Nature Mountain Radio also helps you to appreciate Nature and the wildlife that lives within nature. Think warm mountain air with a cool breeze as you",,"{""top"": [], ""updatedAt"": ""2026-09-16T19:14:57.959Z"", ""sampleSize"": 0, ""windowDays"": 90, ""latestSpinAt"": null, ""excludedCount"": 0, ""genreCoverage"": 0, ""readinessTier"": ""insufficient"", ""resolvedCount"": 0, ""resolutionRate"": 0, ""datedTrackCount"": 0, ""genreTaggedCount"": 0, ""uniqueTrackCount"": 0, ""uniqueArtistCount"": 0, ""unknownGenreCount"": 0, ""datedTrackCoverage"": 0}",curated,radio_browser,,f
Netil Radio,netil-radio,,The United Kingdom Of Great Britain And Northern Ireland,http://netilradio.com/,"[""ambient"", ""beats"", ""breaks"", ""disco"", ""electro"", ""electronic"", ""hip-hop"", ""house"", ""reggae"", ""techno""]","Real life radio from residents, shows and DJ’s with stories and anecdotes of lives spent in music.","{""top"": [], ""totalCount"": 3, ""unknownCount"": 3}","{""top"": [], ""updatedAt"": ""2026-09-16T19:23:24.066Z"", ""sampleSize"": 158, ""windowDays"": 90, ""latestSpinAt"": ""2026-09-16T08:06:03.825Z"", ""excludedCount"": 15, ""genreCoverage"": 0, ""readinessTier"": ""insufficient"", ""resolvedCount"": 0, ""resolutionRate"": 0, ""datedTrackCount"": 0, ""genreTaggedCount"": 0, ""uniqueTrackCount"": 0, ""uniqueArtistCount"": 0, ""unknownGenreCount"": 0, ""datedTrackCoverage"": 0}",curated,radio_browser,,f
New Wave - BestNet Radio,new-wave-bestnet-radio,,The United States Of America,https://bestnetradio.com/,"[""new wave""]",Internet Radio at Its Best!,"{""top"": [{""count"": 403, ""genre"": ""new wave""}, {""count"": 380, ""genre"": ""rock""}, {""count"": 304, ""genre"": ""pop""}, {""count"": 196, ""genre"": ""electronic""}, {""count"": 127, ""genre"": ""pop rock""}, {""count"": 90, ""genre"": ""alternative rock""}, {""count"": 86, ""genre"": ""synth-pop""}, {""count"": 54, ""genre"": ""disco""}], ""totalCount"": 4485, ""unknownCount"": 3831}","{""top"": [{""count"": 403, ""genre"": ""new wave""}, {""count"": 380, ""genre"": ""rock""}, {""count"": 304, ""genre"": ""pop""}, {""count"": 196, ""genre"": ""electronic""}, {""count"": 127, ""genre"": ""pop rock""}, {""count"": 90, ""genre"": ""alternative rock""}, {""count"": 86, ""genre"": ""synth-pop""}, {""count"": 54, ""genre"": ""disco""}], ""updatedAt"": ""2026-09-16T19:17:54.505Z"", ""sampleSize"": 5797, ""windowDays"": 90, ""latestSpinAt"": ""2026-09-16T19:16:43.774Z"", ""excludedCount"": 110, ""genreCoverage"": 0.14585191793041927, ""readinessTier"": ""ready"", ""resolvedCount"": 4484, ""resolutionRate"": 0.7735035363118855, ""datedTrackCount"": 3968, ""genreTaggedCount"": 654, ""uniqueTrackCount"": 829, ""uniqueArtistCount"": 246, ""unknownGenreCount"": 3830, ""datedTrackCoverage"": 0.8849241748438894}",curated,radio_browser,,f
New Wave Radio,new-wave-radio,,The United States Of America,https://newwave.radio/,"[""new wave""]","New Wave 80s Music Radio New Wave Radio The World Famous Original 80’s New Wave Radio Music Station… Call it synthpop, post-punk, early alternative rock, one of the hippest music eras of the world. #newwaveradio #newwavemusic","{""top"": [{""count"": 403, ""genre"": ""rock""}, {""count"": 318, ""genre"": ""new wave""}, {""count"": 292, ""genre"": ""pop""}, {""count"": 194, ""genre"": ""electronic""}, {""count"": 150, ""genre"": ""alternative rock""}, {""count"": 123, ""genre"": ""pop rock""}, {""count"": 117, ""genre"": ""synth-pop""}, {""count"": 43, ""genre"": ""punk""}], ""totalCount"": 3821, ""unknownCount"": 3216}","{""top"": [{""count"": 403, ""genre"": ""rock""}, {""count"": 318, ""genre"": ""new wave""}, {""count"": 292, ""genre"": ""pop""}, {""count"": 194, ""genre"": ""electronic""}, {""count"": 150, ""genre"": ""alternative rock""}, {""count"": 123, ""genre"": ""pop rock""}, {""count"": 117, ""genre"": ""synth-pop""}, {""count"": 43, ""genre"": ""punk""}], ""updatedAt"": ""2026-09-16T19:17:35.057Z"", ""sampleSize"": 5162, ""windowDays"": 90, ""latestSpinAt"": ""2026-09-16T19:11:19.759Z"", ""excludedCount"": 100, ""genreCoverage"": 0.1590849329476729, ""readinessTier"": ""ready"", ""resolvedCount"": 3803, ""resolutionRate"": 0.7367299496319256, ""datedTrackCount"": 3280, ""genreTaggedCount"": 605, ""uniqueTrackCount"": 1446, ""uniqueArtistCount"": 540, ""unknownGenreCount"": 3198, ""datedTrackCoverage"": 0.8624769918485407}",curated,radio_browser,mixed,f
Nightride FM - Datawave,nightride-fm-datawave,,Germany,https://nightride.fm/,"[""glitchy synthwave"", ""idm"", ""retro computing""]","Stream synthwave and cyberpunk music from electronic artists producing retrowave, darksynth, ebm, dnb, edm, techno and other electronica in 320kbps.","{""top"": [{""count"": 113, ""genre"": ""electronic""}, {""count"": 112, ""genre"": ""idm""}, {""count"": 98, ""genre"": ""downtempo""}, {""count"": 96, ""genre"": ""chillwave""}, {""count"": 33, ""genre"": ""new beat""}, {""count"": 19, ""genre"": ""disco""}, {""count"": 18, ""genre"": ""glitch""}, {""count"": 15, ""genre"": ""electropop""}], ""totalCount"": 4481, ""unknownCount"": 4345}","{""top"": [{""count"": 112, ""genre"": ""electronic""}, {""count"": 112, ""genre"": ""idm""}, {""count"": 98, ""genre"": ""downtempo""}, {""count"": 96, ""genre"": ""chillwave""}, {""count"": 33, ""genre"": ""new beat""}, {""count"": 19, ""genre"": ""disco""}, {""count"": 18, ""genre"": ""glitch""}, {""count"": 15, ""genre"": ""electropop""}], ""updatedAt"": ""2026-09-16T19:17:04.957Z"", ""sampleSize"": 8286, ""windowDays"": 90, ""latestSpinAt"": ""2026-09-16T11:32:01.650Z"", ""excludedCount"": 5, ""genreCoverage"": 0.030147387226440375, ""readinessTier"": ""ready"", ""resolvedCount"": 4478, ""resolutionRate"": 0.5404296403572291, ""datedTrackCount"": 4075, ""genreTaggedCount"": 135, ""uniqueTrackCount"": 352, ""uniqueArtistCount"": 67, ""unknownGenreCount"": 4343, ""datedTrackCoverage"": 0.9100044662795891}",curated,radio_browser,,f
Nightride FM — Chillsynth,nightride-chillsynth,Nightride FM,US,https://nightride.fm/,"[""chillsynth"", ""electronic"", ""instrumental"", ""specialist""]","Stream synthwave and cyberpunk music from electronic artists producing retrowave, darksynth, ebm, dnb, edm, techno and other electronica in 320kbps.","{""top"": [{""count"": 6, ""genre"": ""chillsynth""}, {""count"": 4, ""genre"": ""electronica""}, {""count"": 2, ""genre"": ""ambient""}, {""count"": 2, ""genre"": ""chillwave""}, {""count"": 2, ""genre"": ""electronic""}, {""count"": 2, ""genre"": ""experimental""}, {""count"": 2, ""genre"": ""vaporwave""}, {""count"": 1, ""genre"": ""electro""}], ""totalCount"": 809, ""unknownCount"": 794}","{""top"": [{""count"": 6, ""genre"": ""chillsynth""}, {""count"": 4, ""genre"": ""electronica""}, {""count"": 2, ""genre"": ""ambient""}, {""count"": 2, ""genre"": ""chillwave""}, {""count"": 2, ""genre"": ""electronic""}, {""count"": 2, ""genre"": ""experimental""}, {""count"": 2, ""genre"": ""vaporwave""}, {""count"": 1, ""genre"": ""electro""}], ""updatedAt"": ""2026-09-16T19:29:39.559Z"", ""sampleSize"": 1832, ""windowDays"": 90, ""latestSpinAt"": ""2026-09-16T19:27:44.259Z"", ""excludedCount"": 19, ""genreCoverage"": 0.018541409147095178, ""readinessTier"": ""ready"", ""resolvedCount"": 809, ""resolutionRate"": 0.4415938864628821, ""datedTrackCount"": 741, ""genreTaggedCount"": 15, ""uniqueTrackCount"": 611, ""uniqueArtistCount"": 195, ""unknownGenreCount"": 794, ""datedTrackCoverage"": 0.9159456118665018}",curated,curated,automated,t
Nostalgie New York,nostalgie-new-york,,The United States Of America,https://nstlgy.com/,"[""60s"", ""70s"", ""80s"", ""90s"", ""classic hits"", ""classic rock"", ""disco"", ""music"", ""nostalgie"", ""pop"", ""rock and roll"", ""smooth jazz"", ""world"", ""world music"", ""worlds best classic hits""]","✅4️⃣「马到成功,世界杯官方合作伙伴」猎豹体育收到菲律宾政府的授权成为最优秀的娱乐服务平台,猎豹体育是亚洲最权威的一个娱乐媒体平台,成为玩家们最喜欢的游戏资讯猎豹体育就是因为有超快的速度和海量的游戏资源才能博得众多玩家的喜爱,让您足不出户。","{""top"": [{""count"": 435, ""genre"": ""rock""}, {""count"": 405, ""genre"": ""pop""}, {""count"": 325, ""genre"": ""classic rock""}, {""count"": 163, ""genre"": ""hard rock""}, {""count"": 146, ""genre"": ""electronic""}, {""count"": 132, ""genre"": ""disco""}, {""count"": 106, ""genre"": ""pop rock""}, {""count"": 103, ""genre"": ""soul""}], ""totalCount"": 7873, ""unknownCount"": 6870}","{""top"": [{""count"": 435, ""genre"": ""rock""}, {""count"": 405, ""genre"": ""pop""}, {""count"": 325, ""genre"": ""classic rock""}, {""count"": 163, ""genre"": ""hard rock""}, {""count"": 146, ""genre"": ""electronic""}, {""count"": 132, ""genre"": ""disco""}, {""count"": 106, ""genre"": ""pop rock""}, {""count"": 103, ""genre"": ""soul""}], ""updatedAt"": ""2026-09-16T19:18:46.958Z"", ""sampleSize"": 10120, ""windowDays"": 90, ""latestSpinAt"": ""2026-09-16T11:34:24.461Z"", ""excludedCount"": 6671, ""genreCoverage"": 0.12773815588385123, ""readinessTier"": ""ready"", ""resolvedCount"": 7852, ""resolutionRate"": 0.7758893280632411, ""datedTrackCount"": 6736, ""genreTaggedCount"": 1003, ""uniqueTrackCount"": 1820, ""uniqueArtistCount"": 714, ""unknownGenreCount"": 6849, ""datedTrackCoverage"": 0.8578706062149771}",curated,radio_browser,,f
Nóta FM - 128k MP3,n-ta-fm-128k-mp3,,Hungary,http://notafm.hu/,"[""folk""]",,"{""top"": [{""count"": 10, ""genre"": ""pop""}, {""count"": 3, ""genre"": ""jazz""}], ""totalCount"": 476, ""unknownCount"": 463}","{""top"": [{""count"": 10, ""genre"": ""pop""}, {""count"": 3, ""genre"": ""jazz""}], ""updatedAt"": ""2026-09-16T19:14:25.959Z"", ""sampleSize"": 6490, ""windowDays"": 90, ""latestSpinAt"": ""2026-09-16T11:34:00.819Z"", ""excludedCount"": 264, ""genreCoverage"": 0.027600849256900213, ""readinessTier"": ""ready"", ""resolvedCount"": 471, ""resolutionRate"": 0.07257318952234207, ""datedTrackCount"": 311, ""genreTaggedCount"": 13, ""uniqueTrackCount"": 236, ""uniqueArtistCount"": 88, ""unknownGenreCount"": 458, ""datedTrackCoverage"": 0.6602972399150743}",curated,radio_browser,,f
OFFradio (320),offradio-320,,Greece,http://offradio.gr/,"[""alternative"", ""ambient"", ""chillout"", ""eclectic"", ""indie"", ""lounge"", ""trip-hop"", ""world"", ""world music""]",Turn your radio OFF και άκου #μουσικάρες στο δημοφιλέστερο streaming ραδιόφωνο στην Ελλάδα από το 2008.,,"{""top"": [], ""updatedAt"": ""2026-09-16T19:12:08.659Z"", ""sampleSize"": 0, ""windowDays"": 90, ""latestSpinAt"": null, ""excludedCount"": 0, ""genreCoverage"": 0, ""readinessTier"": ""insufficient"", ""resolvedCount"": 0, ""resolutionRate"": 0, ""datedTrackCount"": 0, ""genreTaggedCount"": 0, ""uniqueTrackCount"": 0, ""uniqueArtistCount"": 0, ""unknownGenreCount"": 0, ""datedTrackCoverage"": 0}",curated,radio_browser,,f
Omega Radio Greek Music,omega-radio-greek-music,,Greece,http://live24.gr/radio/generic.jsp?sid=1939,"[""folk"", ""greek pop"", ""mainstream""]","Άκου τον Omega Radio Greek Music, Web Radios στο Live24.gr | Online Ραδιόφωνο | Your Internet Media Tuner with all greek radio stations","{""top"": [], ""totalCount"": 83, ""unknownCount"": 83}","{""top"": [], ""updatedAt"": ""2026-09-16T19:14:01.659Z"", ""sampleSize"": 1649, ""windowDays"": 90, ""latestSpinAt"": ""2026-09-15T17:33:35.402Z"", ""excludedCount"": 5, ""genreCoverage"": 0, ""readinessTier"": ""provisional"", ""resolvedCount"": 83, ""resolutionRate"": 0.05033353547604609, ""datedTrackCount"": 20, ""genreTaggedCount"": 0, ""uniqueTrackCount"": 23, ""uniqueArtistCount"": 21, ""unknownGenreCount"": 83, ""datedTrackCoverage"": 0.24096385542168675}",curated,radio_browser,,f
Oroko Radio,oroko-radio,Oroko Radio,GH,https://www.oroko.live/,"[""club"", ""electronic"", ""specialist"", ""world""]","Oroko is a not-for-profit independent internet radio station based in Accra, Ghana. We aim to connect, inspire and empower through conversation, collaboration and community.","{""top"": [], ""totalCount"": 9, ""unknownCount"": 9}","{""top"": [], ""updatedAt"": ""2026-09-16T19:29:28.010Z"", ""sampleSize"": 221, ""windowDays"": 90, ""latestSpinAt"": ""2026-09-16T19:08:42.361Z"", ""excludedCount"": 0, ""genreCoverage"": 0, ""readinessTier"": ""insufficient"", ""resolvedCount"": 9, ""resolutionRate"": 0.04072398190045249, ""datedTrackCount"": 0, ""genreTaggedCount"": 0, ""uniqueTrackCount"": 6, ""uniqueArtistCount"": 6, ""unknownGenreCount"": 9, ""datedTrackCoverage"": 0}",community,curated,human,t
Outpost Radio - The Acoustic Outpost (VIP),outpost-radio-the-acoustic-outpost-vip,,The United States Of America,http://outpostradio.com/,"[""folk"", ""acoustic""]",Outpost Radio Stations,,"{""top"": [], ""updatedAt"": ""2026-09-16T19:27:51.270Z"", ""sampleSize"": 0, ""windowDays"": 90, ""latestSpinAt"": null, ""excludedCount"": 0, ""genreCoverage"": 0, ""readinessTier"": ""insufficient"", ""resolvedCount"": 0, ""resolutionRate"": 0, ""datedTrackCount"": 0, ""genreTaggedCount"": 0, ""uniqueTrackCount"": 0, ""uniqueArtistCount"": 0, ""unknownGenreCount"": 0, ""datedTrackCoverage"": 0}",curated,radio_browser,,f
PANORAMA80,panorama80,,Germany,http://www.facebook.com/panorama80,"[""80s"", ""ebm"", ""electro"", ""italo disco"", ""minimal wave"", ""new beat"", ""new wave"", ""pop"", ""soundtracks"", ""synthpop"", ""synthwave"", ""techno""]",,"{""top"": [{""count"": 141, ""genre"": ""electronic""}, {""count"": 96, ""genre"": ""synth-pop""}, {""count"": 53, ""genre"": ""pop""}, {""count"": 38, ""genre"": ""new wave""}, {""count"": 36, ""genre"": ""electro""}, {""count"": 31, ""genre"": ""disco""}, {""count"": 22, ""genre"": ""rock""}, {""count"": 15, ""genre"": ""electropop""}], ""totalCount"": 2187, ""unknownCount"": 1994}","{""top"": [{""count"": 141, ""genre"": ""electronic""}, {""count"": 96, ""genre"": ""synth-pop""}, {""count"": 53, ""genre"": ""pop""}, {""count"": 38, ""genre"": ""new wave""}, {""count"": 36, ""genre"": ""electro""}, {""count"": 31, ""genre"": ""disco""}, {""count"": 22, ""genre"": ""rock""}, {""count"": 15, ""genre"": ""electropop""}], ""updatedAt"": ""2026-09-16T19:18:12.656Z"", ""sampleSize"": 3506, ""windowDays"": 90, ""latestSpinAt"": ""2026-09-16T11:34:05.894Z"", ""excludedCount"": 622, ""genreCoverage"": 0.09902514109799897, ""readinessTier"": ""ready"", ""resolvedCount"": 1949, ""resolutionRate"": 0.555904164289789, ""datedTrackCount"": 1855, ""genreTaggedCount"": 193, ""uniqueTrackCount"": 1154, ""uniqueArtistCount"": 916, ""unknownGenreCount"": 1756, ""datedTrackCoverage"": 0.9517701385325809}",curated,radio_browser,,f
Path through the Forest,path-through-the-forest,,Germany,http://laut.fm/path_through_the_forest,"[""alternative"", ""avant-garde"", ""experimental"", ""indie"", ""industrial"", ""noise"", ""psychedelic"", ""punk"", ""rock"", ""stoner""]",,"{""top"": [{""count"": 234, ""genre"": ""rock""}, {""count"": 109, ""genre"": ""electronic""}, {""count"": 49, ""genre"": ""experimental""}, {""count"": 48, ""genre"": ""industrial""}, {""count"": 47, ""genre"": ""progressive rock""}, {""count"": 46, ""genre"": ""metal""}, {""count"": 45, ""genre"": ""psychedelic rock""}, {""count"": 38, ""genre"": ""krautrock""}], ""totalCount"": 3002, ""unknownCount"": 2642}","{""top"": [{""count"": 234, ""genre"": ""rock""}, {""count"": 109, ""genre"": ""electronic""}, {""count"": 49, ""genre"": ""experimental""}, {""count"": 48, ""genre"": ""industrial""}, {""count"": 47, ""genre"": ""progressive rock""}, {""count"": 46, ""genre"": ""metal""}, {""count"": 45, ""genre"": ""psychedelic rock""}, {""count"": 38, ""genre"": ""krautrock""}], ""updatedAt"": ""2026-09-16T19:15:44.762Z"", ""sampleSize"": 4786, ""windowDays"": 90, ""latestSpinAt"": ""2026-09-16T19:14:52.760Z"", ""excludedCount"": 518, ""genreCoverage"": 0.13638095238095238, ""readinessTier"": ""ready"", ""resolvedCount"": 2625, ""resolutionRate"": 0.548474717927288, ""datedTrackCount"": 2418, ""genreTaggedCount"": 358, ""uniqueTrackCount"": 1810, ""uniqueArtistCount"": 904, ""unknownGenreCount"": 2267, ""datedTrackCoverage"": 0.9211428571428572}",curated,radio_browser,,f
Pink Radio,pink-radio,,Serbia,http://www.pinkradio.rs/,"[""folk""]",Pink Radio - Najbolji radio u gradu! Slušaj svoje omiljene pesme uživo na našem sajtu ili na frekvenciji 91.3MHz.,,"{""top"": [], ""updatedAt"": ""2026-09-16T19:13:41.577Z"", ""sampleSize"": 0, ""windowDays"": 90, ""latestSpinAt"": null, ""excludedCount"": 0, ""genreCoverage"": 0, ""readinessTier"": ""insufficient"", ""resolvedCount"": 0, ""resolutionRate"": 0, ""datedTrackCount"": 0, ""genreTaggedCount"": 0, ""uniqueTrackCount"": 0, ""uniqueArtistCount"": 0, ""unknownGenreCount"": 0, ""datedTrackCoverage"": 0}",curated,radio_browser,,f
Planet Ambi HD,planet-ambi-hd,,Switzerland,https://planetambi.com/,"[""ambient"", ""drone""]",Planet Ambi HD Radio. We provide 24/7 music for relaxation and sleep. Only the finest ambient soundscapes and no beats. Relaxation in HD.,"{""top"": [{""count"": 93, ""genre"": ""ambient""}, {""count"": 76, ""genre"": ""electronic""}, {""count"": 36, ""genre"": ""drone""}, {""count"": 17, ""genre"": ""downtempo""}, {""count"": 14, ""genre"": ""dub techno""}, {""count"": 14, ""genre"": ""idm""}, {""count"": 11, ""genre"": ""modern classical""}, {""count"": 9, ""genre"": ""classical""}], ""totalCount"": 1604, ""unknownCount"": 1500}","{""top"": [{""count"": 93, ""genre"": ""ambient""}, {""count"": 76, ""genre"": ""electronic""}, {""count"": 36, ""genre"": ""drone""}, {""count"": 17, ""genre"": ""downtempo""}, {""count"": 14, ""genre"": ""dub techno""}, {""count"": 14, ""genre"": ""idm""}, {""count"": 11, ""genre"": ""modern classical""}, {""count"": 9, ""genre"": ""classical""}], ""updatedAt"": ""2026-09-16T19:12:44.162Z"", ""sampleSize"": 3497, ""windowDays"": 90, ""latestSpinAt"": ""2026-09-16T11:27:14.625Z"", ""excludedCount"": 58, ""genreCoverage"": 0.06508135168961202, ""readinessTier"": ""ready"", ""resolvedCount"": 1598, ""resolutionRate"": 0.45696311123820416, ""datedTrackCount"": 1554, ""genreTaggedCount"": 104, ""uniqueTrackCount"": 403, ""uniqueArtistCount"": 172, ""unknownGenreCount"": 1494, ""datedTrackCoverage"": 0.9724655819774718}",curated,radio_browser,,f
Play Emotions,play-emotions,,Italy,,"[""ambient"", ""chill"", ""relaxing""]",,"{""top"": [{""count"": 34, ""genre"": ""electronic""}, {""count"": 32, ""genre"": ""downtempo""}, {""count"": 25, ""genre"": ""chillout""}, {""count"": 23, ""genre"": ""ambient""}, {""count"": 9, ""genre"": ""dance""}, {""count"": 9, ""genre"": ""jazz""}, {""count"": 7, ""genre"": ""trip hop""}, {""count"": 5, ""genre"": ""lounge""}], ""totalCount"": 1119, ""unknownCount"": 1059}","{""top"": [{""count"": 34, ""genre"": ""electronic""}, {""count"": 32, ""genre"": ""downtempo""}, {""count"": 25, ""genre"": ""chillout""}, {""count"": 23, ""genre"": ""ambient""}, {""count"": 9, ""genre"": ""dance""}, {""count"": 9, ""genre"": ""jazz""}, {""count"": 7, ""genre"": ""trip hop""}, {""count"": 5, ""genre"": ""lounge""}], ""updatedAt"": ""2026-09-16T19:12:44.860Z"", ""sampleSize"": 3292, ""windowDays"": 90, ""latestSpinAt"": ""2026-09-16T11:29:50.522Z"", ""excludedCount"": 82, ""genreCoverage"": 0.053811659192825115, ""readinessTier"": ""ready"", ""resolvedCount"": 1115, ""resolutionRate"": 0.3386998784933171, ""datedTrackCount"": 1054, ""genreTaggedCount"": 60, ""uniqueTrackCount"": 1019, ""uniqueArtistCount"": 752, ""unknownGenreCount"": 1055, ""datedTrackCoverage"": 0.9452914798206278}",curated,radio_browser,,f
Polushon,polushon,,Sweden,http://polushon.com/,"[""experimental"", ""jazz"", ""world"", ""world music""]",Polushon Radio,"{""top"": [{""count"": 12, ""genre"": ""jazz""}, {""count"": 9, ""genre"": ""electronic""}, {""count"": 9, ""genre"": ""rock""}, {""count"": 8, ""genre"": ""classical""}, {""count"": 5, ""genre"": ""ambient""}, {""count"": 4, ""genre"": ""experimental""}, {""count"": 4, ""genre"": ""krautrock""}, {""count"": 4, ""genre"": ""modern classical""}], ""totalCount"": 269, ""unknownCount"": 239}","{""top"": [{""count"": 12, ""genre"": ""jazz""}, {""count"": 9, ""genre"": ""electronic""}, {""count"": 9, ""genre"": ""rock""}, {""count"": 8, ""genre"": ""classical""}, {""count"": 5, ""genre"": ""ambient""}, {""count"": 4, ""genre"": ""experimental""}, {""count"": 4, ""genre"": ""krautrock""}, {""count"": 4, ""genre"": ""modern classical""}], ""updatedAt"": ""2026-09-16T19:15:17.571Z"", ""sampleSize"": 613, ""windowDays"": 90, ""latestSpinAt"": ""2026-09-16T05:34:38.916Z"", ""excludedCount"": 1, ""genreCoverage"": 0.11152416356877323, ""readinessTier"": ""ready"", ""resolvedCount"": 269, ""resolutionRate"": 0.43882544861337686, ""datedTrackCount"": 258, ""genreTaggedCount"": 30, ""uniqueTrackCount"": 234, ""uniqueArtistCount"": 199, ""unknownGenreCount"": 239, ""datedTrackCoverage"": 0.9591078066914498}",curated,radio_browser,,f
Positively — 1950s,rb-671c9bbc-41a2-4f0f-9215-1aabe2f34134,Positively,AE,https://play.positivity.radio/,"[""50s"", ""era"", ""specialist""]",,,"{""top"": [], ""updatedAt"": ""2026-09-16T19:30:38.593Z"", ""sampleSize"": 0, ""windowDays"": 90, ""latestSpinAt"": null, ""excludedCount"": 0, ""genreCoverage"": 0, ""readinessTier"": ""insufficient"", ""resolvedCount"": 0, ""resolutionRate"": 0, ""datedTrackCount"": 0, ""genreTaggedCount"": 0, ""uniqueTrackCount"": 0, ""uniqueArtistCount"": 0, ""unknownGenreCount"": 0, ""datedTrackCoverage"": 0}",curated,curated,automated,f
Progressive Radio Network,progressive-radio-network,,The United States Of America,https://prn.live/,"[""commentary"", ""current affairs"", ""democracy"", ""english"", ""entertainment"", ""information"", ""international news"", ""new york"", ""news"", ""news talk"", ""political talk"", ""politics"", ""politics & current affairs"", ""progressive"", ""progressive politics"", ""progressive talk"", ""talk"", ""talk & speech"", ""talk radio"", ""talk show"", ""world"", ""world news""]","The Progressive Radio Network (PRN) is an independent, listener-supported media platform that provides alternative programming on health, wellness, social issues, the environment, social justice, and other progressive topics",,"{""top"": [], ""updatedAt"": ""2026-09-16T19:20:58.858Z"", ""sampleSize"": 0, ""windowDays"": 90, ""latestSpinAt"": null, ""excludedCount"": 0, ""genreCoverage"": 0, ""readinessTier"": ""insufficient"", ""resolvedCount"": 0, ""resolutionRate"": 0, ""datedTrackCount"": 0, ""genreTaggedCount"": 0, ""uniqueTrackCount"": 0, ""uniqueArtistCount"": 0, ""unknownGenreCount"": 0, ""datedTrackCoverage"": 0}",curated,radio_browser,mixed,f
PsyRadio Chillout,psyradio-chillout,,Germany,http://psyradio.fm/,"[""chillout"", ""psychedelic""]","psyradio is an online webradio station. It broadcasts his finest selection of psychedelic electronic music 24 hours a day. It consists of four music channels: progressive, psytrance, chillout and alternative.","{""top"": [{""count"": 105, ""genre"": ""electronic""}, {""count"": 98, ""genre"": ""ambient""}, {""count"": 87, ""genre"": ""downtempo""}, {""count"": 31, ""genre"": ""dub""}, {""count"": 29, ""genre"": ""chillout""}, {""count"": 27, ""genre"": ""psytrance""}, {""count"": 20, ""genre"": ""trance""}, {""count"": 17, ""genre"": ""rock""}], ""totalCount"": 1020, ""unknownCount"": 896}","{""top"": [{""count"": 105, ""genre"": ""electronic""}, {""count"": 98, ""genre"": ""ambient""}, {""count"": 87, ""genre"": ""downtempo""}, {""count"": 31, ""genre"": ""dub""}, {""count"": 29, ""genre"": ""chillout""}, {""count"": 27, ""genre"": ""psytrance""}, {""count"": 20, ""genre"": ""trance""}, {""count"": 17, ""genre"": ""rock""}], ""updatedAt"": ""2026-09-16T19:16:06.186Z"", ""sampleSize"": 1707, ""windowDays"": 90, ""latestSpinAt"": ""2026-09-16T19:14:08.067Z"", ""excludedCount"": 10, ""genreCoverage"": 0.1225296442687747, ""readinessTier"": ""ready"", ""resolvedCount"": 1012, ""resolutionRate"": 0.5928529584065613, ""datedTrackCount"": 978, ""genreTaggedCount"": 124, ""uniqueTrackCount"": 455, ""uniqueArtistCount"": 304, ""unknownGenreCount"": 888, ""datedTrackCoverage"": 0.9664031620553359}",curated,radio_browser,,f
PsyStream,psystream,,The United Kingdom Of Great Britain And Northern Ireland,http://psymusic.co.uk/,"[""progressive"", ""psychedelic"", ""psytrance"", ""trance""]",,"{""top"": [{""count"": 14, ""genre"": ""psytrance""}, {""count"": 8, ""genre"": ""electronic""}, {""count"": 8, ""genre"": ""trance""}, {""count"": 5, ""genre"": ""goa trance""}, {""count"": 3, ""genre"": ""progressive trance""}], ""totalCount"": 736, ""unknownCount"": 722}","{""top"": [{""count"": 14, ""genre"": ""psytrance""}, {""count"": 8, ""genre"": ""electronic""}, {""count"": 8, ""genre"": ""trance""}, {""count"": 5, ""genre"": ""goa trance""}, {""count"": 3, ""genre"": ""progressive trance""}], ""updatedAt"": ""2026-09-16T19:16:04.868Z"", ""sampleSize"": 1894, ""windowDays"": 90, ""latestSpinAt"": ""2026-09-16T11:32:27.218Z"", ""excludedCount"": 5, ""genreCoverage"": 0.01912568306010929, ""readinessTier"": ""ready"", ""resolvedCount"": 732, ""resolutionRate"": 0.3864836325237592, ""datedTrackCount"": 710, ""genreTaggedCount"": 14, ""uniqueTrackCount"": 273, ""uniqueArtistCount"": 214, ""unknownGenreCount"": 718, ""datedTrackCoverage"": 0.9699453551912568}",curated,radio_browser,,f
PunkRockRadio.ca,punkrockradio-ca,,Canada,https://www.punkrockradio.ca/,"[""post-punk"", ""punk"", ""quebec""]",Punk Rock Radio.ca - 24-7 Punk Rock Radio Station,"{""top"": [{""count"": 73, ""genre"": ""rock""}, {""count"": 64, ""genre"": ""punk""}, {""count"": 21, ""genre"": ""punk rock""}, {""count"": 11, ""genre"": ""hardcore punk""}, {""count"": 8, ""genre"": ""alternative rock""}, {""count"": 7, ""genre"": ""post-hardcore""}, {""count"": 6, ""genre"": ""melodic hardcore""}, {""count"": 6, ""genre"": ""pop punk""}], ""totalCount"": 620, ""unknownCount"": 528}","{""top"": [{""count"": 73, ""genre"": ""rock""}, {""count"": 64, ""genre"": ""punk""}, {""count"": 21, ""genre"": ""punk rock""}, {""count"": 11, ""genre"": ""hardcore punk""}, {""count"": 8, ""genre"": ""alternative rock""}, {""count"": 7, ""genre"": ""post-hardcore""}, {""count"": 6, ""genre"": ""melodic hardcore""}, {""count"": 6, ""genre"": ""pop punk""}], ""updatedAt"": ""2026-09-16T19:17:24.358Z"", ""sampleSize"": 996, ""windowDays"": 90, ""latestSpinAt"": ""2026-07-28T06:36:24.153Z"", ""excludedCount"": 29, ""genreCoverage"": 0.1546218487394958, ""readinessTier"": ""insufficient"", ""resolvedCount"": 595, ""resolutionRate"": 0.5973895582329317, ""datedTrackCount"": 554, ""genreTaggedCount"": 92, ""uniqueTrackCount"": 479, ""uniqueArtistCount"": 311, ""unknownGenreCount"": 503, ""datedTrackCoverage"": 0.9310924369747899}",curated,radio_browser,,f
RADCAP: AMBIENT DUB,radcap-ambient-dub,,The Russian Federation,http://radcap.ru/ambientdub.html,"[""ambient"", ""ambient dub""]","Радиоканал RADCAP (RADio CAPrice) - AMBIENT DUB - стабильный эфир, хороший звук, качественный контент.","{""top"": [{""count"": 209, ""genre"": ""electronic""}, {""count"": 183, ""genre"": ""ambient""}, {""count"": 156, ""genre"": ""downtempo""}, {""count"": 100, ""genre"": ""dub""}, {""count"": 29, ""genre"": ""chillout""}, {""count"": 16, ""genre"": ""dance""}, {""count"": 15, ""genre"": ""reggae""}, {""count"": 14, ""genre"": ""psytrance""}], ""totalCount"": 1166, ""unknownCount"": 948}","{""top"": [{""count"": 209, ""genre"": ""electronic""}, {""count"": 183, ""genre"": ""ambient""}, {""count"": 156, ""genre"": ""downtempo""}, {""count"": 100, ""genre"": ""dub""}, {""count"": 29, ""genre"": ""chillout""}, {""count"": 16, ""genre"": ""dance""}, {""count"": 15, ""genre"": ""reggae""}, {""count"": 14, ""genre"": ""psytrance""}], ""updatedAt"": ""2026-09-16T19:17:00.657Z"", ""sampleSize"": 1855, ""windowDays"": 90, ""latestSpinAt"": ""2026-09-16T11:29:21.020Z"", ""excludedCount"": 5, ""genreCoverage"": 0.18760757314974183, ""readinessTier"": ""ready"", ""resolvedCount"": 1162, ""resolutionRate"": 0.6264150943396226, ""datedTrackCount"": 1124, ""genreTaggedCount"": 218, ""uniqueTrackCount"": 978, ""uniqueArtistCount"": 472, ""unknownGenreCount"": 944, ""datedTrackCoverage"": 0.9672977624784854}",curated,radio_browser,,f
RADCAP: ATMOSPHERIC / AMBIENT BLACK METAL,radcap-atmospheric-ambient-black-metal,,The Russian Federation,http://radcap.ru/aabmds.html,"[""ambient"", ""ambient black metal"", ""atmospheric ambient black metal"", ""atmospheric black metal"", ""black metal"", ""metal"", ""radio caprice""]","Радиоканал RADCAP (RADio CAPrice) - ATMOSPHERIC / AMBIENT BLACK METAL - стабильный эфир, хороший звук, качественный контент.","{""top"": [{""count"": 268, ""genre"": ""black metal""}, {""count"": 209, ""genre"": ""rock""}, {""count"": 173, ""genre"": ""metal""}, {""count"": 78, ""genre"": ""atmospheric black metal""}, {""count"": 56, ""genre"": ""electronic""}, {""count"": 42, ""genre"": ""doom metal""}, {""count"": 40, ""genre"": ""ambient""}, {""count"": 27, ""genre"": ""dark ambient""}], ""totalCount"": 1938, ""unknownCount"": 1656}","{""top"": [{""count"": 268, ""genre"": ""black metal""}, {""count"": 209, ""genre"": ""rock""}, {""count"": 173, ""genre"": ""metal""}, {""count"": 76, ""genre"": ""atmospheric black metal""}, {""count"": 56, ""genre"": ""electronic""}, {""count"": 42, ""genre"": ""doom metal""}, {""count"": 40, ""genre"": ""ambient""}, {""count"": 27, ""genre"": ""dark ambient""}], ""updatedAt"": ""2026-09-16T19:23:01.861Z"", ""sampleSize"": 2809, ""windowDays"": 90, ""latestSpinAt"": ""2026-09-16T19:21:04.555Z"", ""excludedCount"": 11, ""genreCoverage"": 0.14507772020725387, ""readinessTier"": ""ready"", ""resolvedCount"": 1930, ""resolutionRate"": 0.6870772516909932, ""datedTrackCount"": 1898, ""genreTaggedCount"": 280, ""uniqueTrackCount"": 1140, ""uniqueArtistCount"": 508, ""unknownGenreCount"": 1650, ""datedTrackCoverage"": 0.983419689119171}",curated,radio_browser,,f
RADCAP: DRONE AMBIENT,radcap-drone-ambient,,The Russian Federation,http://radcap.ru/droneambient.html,"[""ambient"", ""drone"", ""drone ambient""]","Радиоканал RADCAP (RADio CAPrice) - DRONE AMBIENT - стабильный эфир, хороший звук, качественный контент.","{""top"": [{""count"": 47, ""genre"": ""electronic""}, {""count"": 38, ""genre"": ""ambient""}, {""count"": 24, ""genre"": ""drone""}, {""count"": 19, ""genre"": ""experimental""}, {""count"": 10, ""genre"": ""dark ambient""}, {""count"": 6, ""genre"": ""industrial""}, {""count"": 3, ""genre"": ""glitch""}, {""count"": 3, ""genre"": ""rock""}], ""totalCount"": 473, ""unknownCount"": 424}","{""top"": [{""count"": 47, ""genre"": ""electronic""}, {""count"": 38, ""genre"": ""ambient""}, {""count"": 24, ""genre"": ""drone""}, {""count"": 19, ""genre"": ""experimental""}, {""count"": 10, ""genre"": ""dark ambient""}, {""count"": 6, ""genre"": ""industrial""}, {""count"": 3, ""genre"": ""glitch""}, {""count"": 3, ""genre"": ""rock""}], ""updatedAt"": ""2026-09-16T19:17:01.476Z"", ""sampleSize"": 1031, ""windowDays"": 90, ""latestSpinAt"": ""2026-09-16T19:10:28.710Z"", ""excludedCount"": 4, ""genreCoverage"": 0.1040339702760085, ""readinessTier"": ""ready"", ""resolvedCount"": 471, ""resolutionRate"": 0.4568380213385063, ""datedTrackCount"": 458, ""genreTaggedCount"": 49, ""uniqueTrackCount"": 437, ""uniqueArtistCount"": 167, ""unknownGenreCount"": 422, ""datedTrackCoverage"": 0.9723991507430998}",curated,radio_browser,,f
RADCAP: INDUSTRIAL / DARK / RITUAL AMBIENT,radcap-industrial-dark-ritual-ambient,,The Russian Federation,http://radcap.ru/darkambient.html,"[""ambient"", ""dark ambient"", ""industrial"", ""ritual""]","Радиоканал RADCAP (RADio CAPrice) - INDUSTRIAL / DARK / RITUAL AMBIENT - стабильный эфир, хороший звук, качественный контент.","{""top"": [{""count"": 280, ""genre"": ""dark ambient""}, {""count"": 232, ""genre"": ""electronic""}, {""count"": 81, ""genre"": ""ambient""}, {""count"": 58, ""genre"": ""experimental""}, {""count"": 52, ""genre"": ""industrial""}, {""count"": 33, ""genre"": ""drone""}, {""count"": 21, ""genre"": ""modern classical""}, {""count"": 6, ""genre"": ""dark wave""}], ""totalCount"": 691, ""unknownCount"": 401}","{""top"": [{""count"": 280, ""genre"": ""dark ambient""}, {""count"": 232, ""genre"": ""electronic""}, {""count"": 81, ""genre"": ""ambient""}, {""count"": 58, ""genre"": ""experimental""}, {""count"": 52, ""genre"": ""industrial""}, {""count"": 33, ""genre"": ""drone""}, {""count"": 21, ""genre"": ""modern classical""}, {""count"": 6, ""genre"": ""dark wave""}], ""updatedAt"": ""2026-09-16T19:22:43.962Z"", ""sampleSize"": 1208, ""windowDays"": 90, ""latestSpinAt"": ""2026-09-16T19:18:04.067Z"", ""excludedCount"": 26, ""genreCoverage"": 0.42212518195050946, ""readinessTier"": ""ready"", ""resolvedCount"": 687, ""resolutionRate"": 0.5687086092715232, ""datedTrackCount"": 674, ""genreTaggedCount"": 290, ""uniqueTrackCount"": 616, ""uniqueArtistCount"": 248, ""unknownGenreCount"": 397, ""datedTrackCoverage"": 0.9810771470160117}",curated,radio_browser,,f
RADIO DIMENSIONE RELAX,radio-dimensione-relax,,Italy,https://rdastation.it/,"[""ambient"", ""ambient and relaxation music"", ""ambient lounge"", ""ambiental"", ""chillout"", ""chillout+lounge"", ""deep ambient"", ""italian music"", ""jazz"", ""lounge"", ""lounge music"", ""relax"", ""smooth jazz"", ""soft music""]",,"{""top"": [{""count"": 43, ""genre"": ""electronic""}, {""count"": 26, ""genre"": ""trip hop""}, {""count"": 25, ""genre"": ""ambient""}, {""count"": 17, ""genre"": ""jazz""}, {""count"": 14, ""genre"": ""downtempo""}, {""count"": 7, ""genre"": ""indietronica""}, {""count"": 7, ""genre"": ""nu jazz""}, {""count"": 7, ""genre"": ""synth-pop""}], ""totalCount"": 2703, ""unknownCount"": 2654}","{""top"": [{""count"": 43, ""genre"": ""electronic""}, {""count"": 26, ""genre"": ""trip hop""}, {""count"": 25, ""genre"": ""ambient""}, {""count"": 17, ""genre"": ""jazz""}, {""count"": 14, ""genre"": ""downtempo""}, {""count"": 7, ""genre"": ""indietronica""}, {""count"": 7, ""genre"": ""nu jazz""}, {""count"": 7, ""genre"": ""synth-pop""}], ""updatedAt"": ""2026-09-16T19:11:17.870Z"", ""sampleSize"": 9902, ""windowDays"": 90, ""latestSpinAt"": ""2026-09-16T19:08:36.979Z"", ""excludedCount"": 24, ""genreCoverage"": 0.018202080237741457, ""readinessTier"": ""ready"", ""resolvedCount"": 2692, ""resolutionRate"": 0.27186426984447587, ""datedTrackCount"": 2220, ""genreTaggedCount"": 49, ""uniqueTrackCount"": 459, ""uniqueArtistCount"": 165, ""unknownGenreCount"": 2643, ""datedTrackCoverage"": 0.8246656760772659}",curated,radio_browser,,f
RADIO NOVA,radio-nova,,France,https://www.nova.fr/,"[""alternative"", ""electro"", ""hip hop"", ""jazz"", ""new wave"", ""pop"", ""reggae"", ""world"", ""world music""]","Retrouvez tout le Grand Mix de Radio Nova : podcasts, fréquences, playlists, articles, émissions...",,"{""top"": [], ""updatedAt"": ""2026-09-16T19:10:44.555Z"", ""sampleSize"": 0, ""windowDays"": 90, ""latestSpinAt"": null, ""excludedCount"": 0, ""genreCoverage"": 0, ""readinessTier"": ""insufficient"", ""resolvedCount"": 0, ""resolutionRate"": 0, ""datedTrackCount"": 0, ""genreTaggedCount"": 0, ""uniqueTrackCount"": 0, ""uniqueArtistCount"": 0, ""unknownGenreCount"": 0, ""datedTrackCoverage"": 0}",curated,radio_browser,mixed,f
RMC Nights Story,rmc-nights-story,,Italy,http://www.radiomontecarlo.net/,"[""fusion"", ""mediaset"", ""nu-jazz"", ""world"", ""world music""]","Entra sul sito di Radio Monte Carlo: ascolta la diretta, i tanti canali delle nostre web radio, leggi le news, guarda le immagini e i video degli artisti protagonisti della Musica di Gran Classe","{""top"": [], ""totalCount"": 10861, ""unknownCount"": 10861}","{""top"": [], ""updatedAt"": ""2026-09-16T19:11:25.159Z"", ""sampleSize"": 10806, ""windowDays"": 90, ""latestSpinAt"": ""2026-09-16T11:30:38.144Z"", ""excludedCount"": 1273, ""genreCoverage"": 0, ""readinessTier"": ""provisional"", ""resolvedCount"": 10806, ""resolutionRate"": 1, ""datedTrackCount"": 52, ""genreTaggedCount"": 0, ""uniqueTrackCount"": 333, ""uniqueArtistCount"": 196, ""unknownGenreCount"": 10806, ""datedTrackCoverage"": 0.004812141402924301}",curated,radio_browser,,f
RMC Voyage Voyage,rmc-voyage-voyage,,Italy,https://www.radiomontecarlo.net/sezioni/1978/radio-monte-carlo-voyage-voyage,"[""mediaset"", ""world"", ""world music""]",,"{""top"": [], ""totalCount"": 8213, ""unknownCount"": 8213}","{""top"": [], ""updatedAt"": ""2026-09-16T19:23:37.466Z"", ""sampleSize"": 8170, ""windowDays"": 90, ""latestSpinAt"": ""2026-09-16T11:33:39.138Z"", ""excludedCount"": 782, ""genreCoverage"": 0, ""readinessTier"": ""provisional"", ""resolvedCount"": 8164, ""resolutionRate"": 0.999265605875153, ""datedTrackCount"": 6, ""genreTaggedCount"": 0, ""uniqueTrackCount"": 449, ""uniqueArtistCount"": 310, ""unknownGenreCount"": 8164, ""datedTrackCoverage"": 0.0007349338559529642}",curated,radio_browser,,f
RTBF Classic 21 — 60s,rb-960ede10-0601-11e8-ae97-52543be04c81,RTBF Classic 21,BE,https://www.rtbf.be/radio/liveradio/webradio-classic21-60,"[""60s"", ""era"", ""specialist""]",,,"{""top"": [], ""updatedAt"": ""2026-09-16T19:30:42.459Z"", ""sampleSize"": 0, ""windowDays"": 90, ""latestSpinAt"": null, ""excludedCount"": 0, ""genreCoverage"": 0, ""readinessTier"": ""insufficient"", ""resolvedCount"": 0, ""resolutionRate"": 0, ""datedTrackCount"": 0, ""genreTaggedCount"": 0, ""uniqueTrackCount"": 0, ""uniqueArtistCount"": 0, ""unknownGenreCount"": 0, ""datedTrackCoverage"": 0}",curated,curated,automated,f
RadiOzora,radiozora,,Hungary,https://radiozora.fm/,"[""darkpsy"", ""full-on"", ""ozora"", ""progressive psytrance"", ""psychedelic"", ""psytrance"", ""trance""]",We are connected to the same frequency,"{""top"": [{""count"": 1, ""genre"": ""breakbeat""}, {""count"": 1, ""genre"": ""downtempo""}, {""count"": 1, ""genre"": ""electronic""}, {""count"": 1, ""genre"": ""goa trance""}, {""count"": 1, ""genre"": ""psytrance""}], ""totalCount"": 22, ""unknownCount"": 21}","{""top"": [{""count"": 1, ""genre"": ""breakbeat""}, {""count"": 1, ""genre"": ""downtempo""}, {""count"": 1, ""genre"": ""electronic""}, {""count"": 1, ""genre"": ""goa trance""}, {""count"": 1, ""genre"": ""psytrance""}], ""updatedAt"": ""2026-09-16T19:16:20.259Z"", ""sampleSize"": 312, ""windowDays"": 90, ""latestSpinAt"": ""2026-09-16T11:17:39.528Z"", ""excludedCount"": 52, ""genreCoverage"": 0.045454545454545456, ""readinessTier"": ""insufficient"", ""resolvedCount"": 22, ""resolutionRate"": 0.07051282051282051, ""datedTrackCount"": 6, ""genreTaggedCount"": 1, ""uniqueTrackCount"": 10, ""uniqueArtistCount"": 10, ""unknownGenreCount"": 21, ""datedTrackCoverage"": 0.2727272727272727}",curated,radio_browser,,f
RadiOzora Chill,radiozora-chill,,Hungary,https://radiozora.fm/,"[""chill"", ""chillout"", ""downtempo"", ""electronic"", ""psychedelic"", ""psychill""]",We are connected to the same frequency,"{""top"": [{""count"": 2, ""genre"": ""dance""}, {""count"": 2, ""genre"": ""dubstep""}, {""count"": 2, ""genre"": ""electronic""}, {""count"": 2, ""genre"": ""house""}, {""count"": 2, ""genre"": ""techno""}], ""totalCount"": 10, ""unknownCount"": 8}","{""top"": [{""count"": 2, ""genre"": ""dance""}, {""count"": 2, ""genre"": ""dubstep""}, {""count"": 2, ""genre"": ""electronic""}, {""count"": 2, ""genre"": ""house""}, {""count"": 2, ""genre"": ""techno""}], ""updatedAt"": ""2026-09-16T19:18:28.063Z"", ""sampleSize"": 193, ""windowDays"": 90, ""latestSpinAt"": ""2026-09-16T10:46:50.221Z"", ""excludedCount"": 21, ""genreCoverage"": 0.25, ""readinessTier"": ""insufficient"", ""resolvedCount"": 8, ""resolutionRate"": 0.04145077720207254, ""datedTrackCount"": 2, ""genreTaggedCount"": 2, ""uniqueTrackCount"": 5, ""uniqueArtistCount"": 5, ""unknownGenreCount"": 6, ""datedTrackCoverage"": 0.25}",curated,radio_browser,,f
Radio 31 Houseworld,radio-31-houseworld,,Germany,https://www.radio31.de/,"[""world"", ""clubbing"", ""dance"", ""electro"", ""electronic"", ""elektro"", ""house"", ""houseworld""]",,"{""top"": [{""count"": 117, ""genre"": ""house""}, {""count"": 114, ""genre"": ""electronic""}, {""count"": 89, ""genre"": ""pop""}, {""count"": 54, ""genre"": ""electro house""}, {""count"": 52, ""genre"": ""dance""}, {""count"": 32, ""genre"": ""acid house""}, {""count"": 27, ""genre"": ""trance""}, {""count"": 26, ""genre"": ""alternative rock""}], ""totalCount"": 4183, ""unknownCount"": 3849}","{""top"": [{""count"": 117, ""genre"": ""house""}, {""count"": 114, ""genre"": ""electronic""}, {""count"": 89, ""genre"": ""pop""}, {""count"": 54, ""genre"": ""electro house""}, {""count"": 52, ""genre"": ""dance""}, {""count"": 32, ""genre"": ""acid house""}, {""count"": 27, ""genre"": ""trance""}, {""count"": 26, ""genre"": ""alternative rock""}], ""updatedAt"": ""2026-09-16T19:23:21.572Z"", ""sampleSize"": 9130, ""windowDays"": 90, ""latestSpinAt"": ""2026-09-16T19:23:17.282Z"", ""excludedCount"": 964, ""genreCoverage"": 0.09559244419004007, ""readinessTier"": ""ready"", ""resolvedCount"": 3494, ""resolutionRate"": 0.3826944140197152, ""datedTrackCount"": 3363, ""genreTaggedCount"": 334, ""uniqueTrackCount"": 208, ""uniqueArtistCount"": 129, ""unknownGenreCount"": 3160, ""datedTrackCoverage"": 0.9625071551230682}",curated,radio_browser,,f
Radio AlHara,rb-308a9f58-fb54-44dc-b95d-bb40fe4f3631,Radio AlHara,PS,https://www.radioalhara.net,"[""indie""]","Radio alHara راديو الحارة — music broadcast to the world from Bethlehem, Palestine.","{""top"": [], ""totalCount"": 30, ""unknownCount"": 30}","{""top"": [], ""updatedAt"": ""2026-09-16T19:24:35.972Z"", ""sampleSize"": 310, ""windowDays"": 90, ""latestSpinAt"": ""2026-09-16T11:00:15.023Z"", ""excludedCount"": 226, ""genreCoverage"": 0, ""readinessTier"": ""insufficient"", ""resolvedCount"": 25, ""resolutionRate"": 0.08064516129032258, ""datedTrackCount"": 11, ""genreTaggedCount"": 0, ""uniqueTrackCount"": 8, ""uniqueArtistCount"": 8, ""unknownGenreCount"": 25, ""datedTrackCoverage"": 0.44}",curated,curated,human,f
Radio Alex,radio-alex,,Poland,https://radioalex.pl/,"[""folk"", ""local radio"", ""poland"", ""polish highlands"", ""zakopane""]",RadioAlex.pl ODTWARZACZ 1: ODTWARZACZ 2: Your browser does not support the audio element. OSTATNIE UTWORY: Loading ... Bądź drogą mailową na adres: biuro@radioalex.pl Program: Skład Redaktor Naczelny: Piotr Sambor Muzyka: Jerzy Podsiadło Reklama: Piotr Sambor Zespół: Jerzy Podsia,,"{""top"": [], ""updatedAt"": ""2026-09-16T19:28:45.966Z"", ""sampleSize"": 39, ""windowDays"": 90, ""latestSpinAt"": ""2026-09-15T21:28:12.355Z"", ""excludedCount"": 0, ""genreCoverage"": 0, ""readinessTier"": ""insufficient"", ""resolvedCount"": 0, ""resolutionRate"": 0, ""datedTrackCount"": 0, ""genreTaggedCount"": 0, ""uniqueTrackCount"": 0, ""uniqueArtistCount"": 0, ""unknownGenreCount"": 0, ""datedTrackCoverage"": 0}",curated,radio_browser,,f
Radio Andina,radio-andina,,Ecuador,https://radioandinariobamba.com/,"[""americana"", ""musica latinoamericana"", ""popular culture"", ""regional music""]",Radio Andina &#8211; La Gigante de los Andes,"{""top"": [{""count"": 3, ""genre"": ""latin""}, {""count"": 3, ""genre"": ""latin pop""}, {""count"": 2, ""genre"": ""pop""}, {""count"": 1, ""genre"": ""ballad""}, {""count"": 1, ""genre"": ""salsa""}, {""count"": 1, ""genre"": ""vallenato""}], ""totalCount"": 61, ""unknownCount"": 57}","{""top"": [{""count"": 3, ""genre"": ""latin""}, {""count"": 3, ""genre"": ""latin pop""}, {""count"": 2, ""genre"": ""pop""}, {""count"": 1, ""genre"": ""ballad""}, {""count"": 1, ""genre"": ""salsa""}, {""count"": 1, ""genre"": ""vallenato""}], ""updatedAt"": ""2026-09-16T19:21:51.857Z"", ""sampleSize"": 774, ""windowDays"": 90, ""latestSpinAt"": ""2026-09-16T10:02:22.819Z"", ""excludedCount"": 130, ""genreCoverage"": 0.06557377049180328, ""readinessTier"": ""provisional"", ""resolvedCount"": 61, ""resolutionRate"": 0.07881136950904392, ""datedTrackCount"": 43, ""genreTaggedCount"": 4, ""uniqueTrackCount"": 60, ""uniqueArtistCount"": 55, ""unknownGenreCount"": 57, ""datedTrackCoverage"": 0.7049180327868853}",curated,radio_browser,,f
Radio As,radio-as,,Serbia,http://www.rtvas.rs/,"[""folk"", ""narodna - folk - izvorna - krajiška starogradska""]",Medijski portal As Šabac,,"{""top"": [], ""updatedAt"": ""2026-09-16T19:29:29.373Z"", ""sampleSize"": 0, ""windowDays"": 90, ""latestSpinAt"": null, ""excludedCount"": 0, ""genreCoverage"": 0, ""readinessTier"": ""insufficient"", ""resolvedCount"": 0, ""resolutionRate"": 0, ""datedTrackCount"": 0, ""genreTaggedCount"": 0, ""uniqueTrackCount"": 0, ""uniqueArtistCount"": 0, ""unknownGenreCount"": 0, ""datedTrackCoverage"": 0}",curated,radio_browser,,f
Radio BN,radio-bn,,Bosnia And Herzegovina,http://www.rtvbn.com/,"[""folk""]",BN,,"{""top"": [], ""updatedAt"": ""2026-09-16T19:28:33.764Z"", ""sampleSize"": 0, ""windowDays"": 90, ""latestSpinAt"": null, ""excludedCount"": 0, ""genreCoverage"": 0, ""readinessTier"": ""insufficient"", ""resolvedCount"": 0, ""resolutionRate"": 0, ""datedTrackCount"": 0, ""genreTaggedCount"": 0, ""uniqueTrackCount"": 0, ""uniqueArtistCount"": 0, ""unknownGenreCount"": 0, ""datedTrackCoverage"": 0}",curated,radio_browser,,f
Radio Balla Balla,radio-balla-balla,,Italy,http://www.radioballaballa.fm/,"[""belvedere marittimo"", ""folk"", ""folk music"", ""local music""]",,"{""top"": [{""count"": 18, ""genre"": ""pop""}, {""count"": 13, ""genre"": ""electronic""}, {""count"": 12, ""genre"": ""jazz""}, {""count"": 12, ""genre"": ""swing""}, {""count"": 11, ""genre"": ""latin""}, {""count"": 6, ""genre"": ""euro house""}, {""count"": 5, ""genre"": ""deep house""}, {""count"": 5, ""genre"": ""downtempo""}], ""totalCount"": 479, ""unknownCount"": 452}","{""top"": [{""count"": 18, ""genre"": ""pop""}, {""count"": 13, ""genre"": ""electronic""}, {""count"": 12, ""genre"": ""jazz""}, {""count"": 12, ""genre"": ""swing""}, {""count"": 11, ""genre"": ""latin""}, {""count"": 6, ""genre"": ""euro house""}, {""count"": 5, ""genre"": ""deep house""}, {""count"": 5, ""genre"": ""downtempo""}], ""updatedAt"": ""2026-09-16T19:13:56.794Z"", ""sampleSize"": 3538, ""windowDays"": 90, ""latestSpinAt"": ""2026-09-16T11:33:16.817Z"", ""excludedCount"": 64, ""genreCoverage"": 0.05856832971800434, ""readinessTier"": ""ready"", ""resolvedCount"": 461, ""resolutionRate"": 0.13029960429621254, ""datedTrackCount"": 283, ""genreTaggedCount"": 27, ""uniqueTrackCount"": 153, ""uniqueArtistCount"": 87, ""unknownGenreCount"": 434, ""datedTrackCoverage"": 0.613882863340564}",curated,radio_browser,,f
Radio Banovina,radio-banovina,,Croatia,http://www.radio-banovina.hr/,"[""folk""]",,"{""top"": [{""count"": 3, ""genre"": ""pop""}, {""count"": 2, ""genre"": ""ballad""}, {""count"": 1, ""genre"": ""blues""}, {""count"": 1, ""genre"": ""blues rock""}, {""count"": 1, ""genre"": ""country rock""}, {""count"": 1, ""genre"": ""folk rock""}, {""count"": 1, ""genre"": ""new wave""}, {""count"": 1, ""genre"": ""pop rock""}], ""totalCount"": 655, ""unknownCount"": 651}","{""top"": [{""count"": 3, ""genre"": ""pop""}, {""count"": 2, ""genre"": ""ballad""}, {""count"": 1, ""genre"": ""blues""}, {""count"": 1, ""genre"": ""blues rock""}, {""count"": 1, ""genre"": ""country rock""}, {""count"": 1, ""genre"": ""folk rock""}, {""count"": 1, ""genre"": ""new wave""}, {""count"": 1, ""genre"": ""pop rock""}], ""updatedAt"": ""2026-09-16T19:13:40.664Z"", ""sampleSize"": 3310, ""windowDays"": 90, ""latestSpinAt"": ""2026-09-16T19:12:57.069Z"", ""excludedCount"": 10, ""genreCoverage"": 0.0061162079510703364, ""readinessTier"": ""provisional"", ""resolvedCount"": 654, ""resolutionRate"": 0.19758308157099697, ""datedTrackCount"": 564, ""genreTaggedCount"": 4, ""uniqueTrackCount"": 517, ""uniqueArtistCount"": 247, ""unknownGenreCount"": 650, ""datedTrackCoverage"": 0.8623853211009175}",curated,radio_browser,,f
Radio Caprice - Avant-Garde Jazz / Free Improvisation [2],radio-caprice-avant-garde-jazz-free-improvisation-2,,The Russian Federation,http://radcap.ru/avantgardejazz.html,"[""avant-garde"", ""avant-garde jazz"", ""free jazz"", ""improvisation"", ""radcap""]","Радиоканал RADCAP (RADio CAPrice) - AVANT-GARDE JAZZ - стабильный эфир, хороший звук, качественный контент.","{""top"": [{""count"": 168, ""genre"": ""jazz""}, {""count"": 63, ""genre"": ""contemporary jazz""}, {""count"": 48, ""genre"": ""hard bop""}, {""count"": 39, ""genre"": ""bebop""}, {""count"": 28, ""genre"": ""electronic""}, {""count"": 28, ""genre"": ""free jazz""}, {""count"": 27, ""genre"": ""post-bop""}, {""count"": 24, ""genre"": ""experimental""}], ""totalCount"": 737, ""unknownCount"": 544}","{""top"": [{""count"": 168, ""genre"": ""jazz""}, {""count"": 63, ""genre"": ""contemporary jazz""}, {""count"": 48, ""genre"": ""hard bop""}, {""count"": 39, ""genre"": ""bebop""}, {""count"": 28, ""genre"": ""electronic""}, {""count"": 28, ""genre"": ""free jazz""}, {""count"": 27, ""genre"": ""post-bop""}, {""count"": 24, ""genre"": ""experimental""}], ""updatedAt"": ""2026-09-16T19:18:31.674Z"", ""sampleSize"": 1506, ""windowDays"": 90, ""latestSpinAt"": ""2026-09-16T11:25:43.924Z"", ""excludedCount"": 12, ""genreCoverage"": 0.26258503401360545, ""readinessTier"": ""ready"", ""resolvedCount"": 735, ""resolutionRate"": 0.48804780876494025, ""datedTrackCount"": 708, ""genreTaggedCount"": 193, ""uniqueTrackCount"": 664, ""uniqueArtistCount"": 264, ""unknownGenreCount"": 542, ""datedTrackCoverage"": 0.963265306122449}",curated,radio_browser,,f
Radio Caprice - Bulgarian Pop-Folk/Ethnopop/Chalga,radio-caprice-bulgarian-pop-folk-ethnopop-chalga,,The Russian Federation,http://radcap.ru/chalga.html,"[""bulgarian"", ""chalga"", ""ethnic"", ""folk"", ""pop folk"", ""radcap"", ""radio caprice""]","Радиоканал RADCAP (RADio CAPrice) - BULGARIAN POP-FOLK / ETHNOPOP / CHALGA - стабильный эфир, хороший звук, качественный контент.","{""top"": [{""count"": 1, ""genre"": ""pop rock""}], ""totalCount"": 84, ""unknownCount"": 83}","{""top"": [{""count"": 1, ""genre"": ""pop rock""}], ""updatedAt"": ""2026-09-16T19:24:04.659Z"", ""sampleSize"": 2012, ""windowDays"": 90, ""latestSpinAt"": ""2026-09-16T19:22:41.466Z"", ""excludedCount"": 3, ""genreCoverage"": 0.011904761904761904, ""readinessTier"": ""provisional"", ""resolvedCount"": 84, ""resolutionRate"": 0.041749502982107355, ""datedTrackCount"": 52, ""genreTaggedCount"": 1, ""uniqueTrackCount"": 75, ""uniqueArtistCount"": 61, ""unknownGenreCount"": 83, ""datedTrackCoverage"": 0.6190476190476191}",curated,radio_browser,,f
Radio Caprice - Celtic,radio-caprice-celtic,,The Russian Federation,http://radcap.ru/,"["":-)"", ""celtic"", ""duddle sack"", ""folk"", ""irish"", ""irish folk"", ""radio caprice""]","Слушайте музыку и поэзию на RADCAP (RADio CAPrice): коллекция стилей, жанров, направлений...","{""top"": [{""count"": 189, ""genre"": ""celtic""}, {""count"": 168, ""genre"": ""folk""}, {""count"": 29, ""genre"": ""rock""}, {""count"": 28, ""genre"": ""folk rock""}, {""count"": 27, ""genre"": ""new age""}, {""count"": 21, ""genre"": ""irish folk""}, {""count"": 14, ""genre"": ""medieval""}, {""count"": 12, ""genre"": ""classical""}], ""totalCount"": 1115, ""unknownCount"": 889}","{""top"": [{""count"": 189, ""genre"": ""celtic""}, {""count"": 168, ""genre"": ""folk""}, {""count"": 29, ""genre"": ""rock""}, {""count"": 28, ""genre"": ""folk rock""}, {""count"": 27, ""genre"": ""new age""}, {""count"": 21, ""genre"": ""irish folk""}, {""count"": 14, ""genre"": ""medieval""}, {""count"": 12, ""genre"": ""classical""}], ""updatedAt"": ""2026-09-16T19:22:09.078Z"", ""sampleSize"": 2183, ""windowDays"": 90, ""latestSpinAt"": ""2026-09-16T19:19:24.855Z"", ""excludedCount"": 47, ""genreCoverage"": 0.20433996383363473, ""readinessTier"": ""ready"", ""resolvedCount"": 1106, ""resolutionRate"": 0.5066422354557948, ""datedTrackCount"": 1025, ""genreTaggedCount"": 226, ""uniqueTrackCount"": 1000, ""uniqueArtistCount"": 315, ""unknownGenreCount"": 880, ""datedTrackCoverage"": 0.9267631103074141}",curated,radio_browser,,f
Radio Caprice - Experimental Techno [2],radio-caprice-experimental-techno-2,,The Russian Federation,http://radcap.ru/exptechno.html,"[""electronic"", ""experimental"", ""experimental techno"", ""techno""]","Радиоканал RADCAP (RADio CAPrice) - EXPERIMENTAL TECHNO - стабильный эфир, хороший звук, качественный контент.","{""top"": [{""count"": 136, ""genre"": ""electronic""}, {""count"": 111, ""genre"": ""techno""}, {""count"": 42, ""genre"": ""ambient""}, {""count"": 39, ""genre"": ""experimental""}, {""count"": 25, ""genre"": ""idm""}, {""count"": 13, ""genre"": ""downtempo""}, {""count"": 11, ""genre"": ""dance""}, {""count"": 10, ""genre"": ""house""}], ""totalCount"": 1100, ""unknownCount"": 957}","{""top"": [{""count"": 136, ""genre"": ""electronic""}, {""count"": 111, ""genre"": ""techno""}, {""count"": 42, ""genre"": ""ambient""}, {""count"": 39, ""genre"": ""experimental""}, {""count"": 25, ""genre"": ""idm""}, {""count"": 13, ""genre"": ""downtempo""}, {""count"": 11, ""genre"": ""dance""}, {""count"": 10, ""genre"": ""house""}], ""updatedAt"": ""2026-09-16T19:15:32.972Z"", ""sampleSize"": 1893, ""windowDays"": 90, ""latestSpinAt"": ""2026-09-16T19:11:04.556Z"", ""excludedCount"": 7, ""genreCoverage"": 0.13059360730593608, ""readinessTier"": ""ready"", ""resolvedCount"": 1095, ""resolutionRate"": 0.5784469096671949, ""datedTrackCount"": 1061, ""genreTaggedCount"": 143, ""uniqueTrackCount"": 996, ""uniqueArtistCount"": 532, ""unknownGenreCount"": 952, ""datedTrackCoverage"": 0.9689497716894977}",curated,radio_browser,,f
Radio Caprice - Folk Death Metal,radio-caprice-folk-death-metal,,The Russian Federation,http://radcap.ru/folkdeathmetal.html,"[""death metal"", ""folk"", ""folk metal"", ""radcap"", ""radio caprice"", ""radio caprice; radcap""]","Радиоканал RADCAP (RADio CAPrice) - FOLK DEATH METAL - стабильный эфир, хороший звук, качественный контент.","{""top"": [{""count"": 36, ""genre"": ""folk metal""}, {""count"": 30, ""genre"": ""metal""}, {""count"": 27, ""genre"": ""rock""}, {""count"": 20, ""genre"": ""death metal""}, {""count"": 20, ""genre"": ""folk rock""}, {""count"": 20, ""genre"": ""melodic death metal""}, {""count"": 12, ""genre"": ""heavy metal""}, {""count"": 9, ""genre"": ""black metal""}], ""totalCount"": 258, ""unknownCount"": 210}","{""top"": [{""count"": 36, ""genre"": ""folk metal""}, {""count"": 30, ""genre"": ""metal""}, {""count"": 27, ""genre"": ""rock""}, {""count"": 20, ""genre"": ""death metal""}, {""count"": 20, ""genre"": ""folk rock""}, {""count"": 20, ""genre"": ""melodic death metal""}, {""count"": 12, ""genre"": ""heavy metal""}, {""count"": 9, ""genre"": ""black metal""}], ""updatedAt"": ""2026-09-16T19:23:26.056Z"", ""sampleSize"": 348, ""windowDays"": 90, ""latestSpinAt"": ""2026-07-26T01:04:43.616Z"", ""excludedCount"": 3, ""genreCoverage"": 0.1867704280155642, ""readinessTier"": ""insufficient"", ""resolvedCount"": 257, ""resolutionRate"": 0.7385057471264368, ""datedTrackCount"": 255, ""genreTaggedCount"": 48, ""uniqueTrackCount"": 226, ""uniqueArtistCount"": 72, ""unknownGenreCount"": 209, ""datedTrackCoverage"": 0.9922178988326849}",curated,radio_browser,,f
Radio Caprice - Folk Metal,radio-caprice-folk-metal,,The Russian Federation,http://radcap.ru/,"[""folk"", ""folk metal"", ""metal"", ""radio caprice""]","Слушайте музыку и поэзию на RADCAP (RADio CAPrice): коллекция стилей, жанров, направлений...","{""top"": [{""count"": 175, ""genre"": ""rock""}, {""count"": 167, ""genre"": ""folk metal""}, {""count"": 137, ""genre"": ""metal""}, {""count"": 116, ""genre"": ""folk rock""}, {""count"": 49, ""genre"": ""viking metal""}, {""count"": 47, ""genre"": ""heavy metal""}, {""count"": 35, ""genre"": ""black metal""}, {""count"": 27, ""genre"": ""folk""}], ""totalCount"": 1032, ""unknownCount"": 795}","{""top"": [{""count"": 175, ""genre"": ""rock""}, {""count"": 167, ""genre"": ""folk metal""}, {""count"": 137, ""genre"": ""metal""}, {""count"": 116, ""genre"": ""folk rock""}, {""count"": 49, ""genre"": ""viking metal""}, {""count"": 47, ""genre"": ""heavy metal""}, {""count"": 35, ""genre"": ""black metal""}, {""count"": 27, ""genre"": ""folk""}], ""updatedAt"": ""2026-09-16T19:24:01.667Z"", ""sampleSize"": 1868, ""windowDays"": 90, ""latestSpinAt"": ""2026-09-16T11:33:48.233Z"", ""excludedCount"": 16, ""genreCoverage"": 0.23121951219512196, ""readinessTier"": ""ready"", ""resolvedCount"": 1025, ""resolutionRate"": 0.5487152034261242, ""datedTrackCount"": 1001, ""genreTaggedCount"": 237, ""uniqueTrackCount"": 865, ""uniqueArtistCount"": 243, ""unknownGenreCount"": 788, ""datedTrackCoverage"": 0.9765853658536585}",curated,radio_browser,,f
Radio Caprice - Indian Spiritual Music,radio-caprice-indian-spiritual-music,,The Russian Federation,http://www.radcap.ru/mantras.html,"[""ethnic"", ""folk"", ""mantra"", ""spiritual""]",,"{""top"": [{""count"": 29, ""genre"": ""new age""}, {""count"": 5, ""genre"": ""folk""}, {""count"": 4, ""genre"": ""hindustani classical""}, {""count"": 3, ""genre"": ""ambient""}, {""count"": 3, ""genre"": ""chillout""}, {""count"": 3, ""genre"": ""electronic""}, {""count"": 3, ""genre"": ""non-music""}], ""totalCount"": 481, ""unknownCount"": 450}","{""top"": [{""count"": 29, ""genre"": ""new age""}, {""count"": 5, ""genre"": ""folk""}, {""count"": 4, ""genre"": ""hindustani classical""}, {""count"": 3, ""genre"": ""ambient""}, {""count"": 3, ""genre"": ""chillout""}, {""count"": 3, ""genre"": ""electronic""}, {""count"": 3, ""genre"": ""non-music""}], ""updatedAt"": ""2026-09-16T19:14:17.577Z"", ""sampleSize"": 4893, ""windowDays"": 90, ""latestSpinAt"": ""2026-09-16T19:08:30.849Z"", ""excludedCount"": 6, ""genreCoverage"": 0.06444906444906445, ""readinessTier"": ""ready"", ""resolvedCount"": 481, ""resolutionRate"": 0.09830369916206826, ""datedTrackCount"": 338, ""genreTaggedCount"": 31, ""uniqueTrackCount"": 342, ""uniqueArtistCount"": 138, ""unknownGenreCount"": 450, ""datedTrackCoverage"": 0.7027027027027027}",curated,radio_browser,,f
Radio Caprice - Post-rock,radio-caprice-post-rock,,The Russian Federation,http://radcap.ru/postrock.html,"[""post-rock""]",,"{""top"": [{""count"": 1451, ""genre"": ""post-rock""}, {""count"": 1320, ""genre"": ""rock""}, {""count"": 480, ""genre"": ""electronic""}, {""count"": 343, ""genre"": ""ambient""}, {""count"": 247, ""genre"": ""experimental""}, {""count"": 237, ""genre"": ""instrumental""}, {""count"": 151, ""genre"": ""indie rock""}, {""count"": 143, ""genre"": ""alternative rock""}], ""totalCount"": 4635, ""unknownCount"": 3013}","{""top"": [{""count"": 1449, ""genre"": ""post-rock""}, {""count"": 1318, ""genre"": ""rock""}, {""count"": 480, ""genre"": ""electronic""}, {""count"": 343, ""genre"": ""ambient""}, {""count"": 247, ""genre"": ""experimental""}, {""count"": 237, ""genre"": ""instrumental""}, {""count"": 151, ""genre"": ""indie rock""}, {""count"": 143, ""genre"": ""alternative rock""}], ""updatedAt"": ""2026-09-16T19:15:12.871Z"", ""sampleSize"": 6746, ""windowDays"": 90, ""latestSpinAt"": ""2026-09-16T19:09:56.630Z"", ""excludedCount"": 11, ""genreCoverage"": 0.34996759559300067, ""readinessTier"": ""ready"", ""resolvedCount"": 4629, ""resolutionRate"": 0.6861844055736733, ""datedTrackCount"": 4429, ""genreTaggedCount"": 1620, ""uniqueTrackCount"": 2879, ""uniqueArtistCount"": 728, ""unknownGenreCount"": 3009, ""datedTrackCoverage"": 0.9567941240008642}",curated,radio_browser,,f
Radio Caprice - Progressive Folk,radio-caprice-progressive-folk,,The Russian Federation,http://radcap.ru/progfolk.html,"[""folk"", ""progressive folk"", ""progressive rock""]","Радиоканал RADCAP (RADio CAPrice) - PROGRESSIVE FOLK - стабильный эфир, хороший звук, качественный контент.","{""top"": [{""count"": 87, ""genre"": ""rock""}, {""count"": 67, ""genre"": ""folk rock""}, {""count"": 44, ""genre"": ""progressive rock""}, {""count"": 32, ""genre"": ""folk""}, {""count"": 15, ""genre"": ""classic rock""}, {""count"": 11, ""genre"": ""filk""}, {""count"": 9, ""genre"": ""psychedelic rock""}, {""count"": 6, ""genre"": ""art rock""}], ""totalCount"": 1318, ""unknownCount"": 1203}","{""top"": [{""count"": 86, ""genre"": ""rock""}, {""count"": 67, ""genre"": ""folk rock""}, {""count"": 44, ""genre"": ""progressive rock""}, {""count"": 32, ""genre"": ""folk""}, {""count"": 14, ""genre"": ""classic rock""}, {""count"": 11, ""genre"": ""filk""}, {""count"": 9, ""genre"": ""psychedelic rock""}, {""count"": 6, ""genre"": ""art rock""}], ""updatedAt"": ""2026-09-16T19:16:41.676Z"", ""sampleSize"": 2030, ""windowDays"": 90, ""latestSpinAt"": ""2026-09-16T19:09:08.668Z"", ""excludedCount"": 19, ""genreCoverage"": 0.08695652173913043, ""readinessTier"": ""ready"", ""resolvedCount"": 1311, ""resolutionRate"": 0.6458128078817734, ""datedTrackCount"": 1252, ""genreTaggedCount"": 114, ""uniqueTrackCount"": 1173, ""uniqueArtistCount"": 367, ""unknownGenreCount"": 1197, ""datedTrackCoverage"": 0.9549961861174676}",curated,radio_browser,,f
Radio Caprice - Psychedelic Folk,radio-caprice-psychedelic-folk,,The Russian Federation,http://radcap.ru/psychfolk.html,"[""folk"", ""psychedelic"", ""psychedelic folk""]","Радиоканал RADCAP (RADio CAPrice) - PSYCHEDELIC FOLK - стабильный эфир, хороший звук, качественный контент.","{""top"": [{""count"": 153, ""genre"": ""rock""}, {""count"": 108, ""genre"": ""folk rock""}, {""count"": 69, ""genre"": ""folk""}, {""count"": 66, ""genre"": ""psychedelic rock""}, {""count"": 36, ""genre"": ""indie rock""}, {""count"": 32, ""genre"": ""pop""}, {""count"": 26, ""genre"": ""classic rock""}, {""count"": 20, ""genre"": ""acoustic rock""}], ""totalCount"": 1329, ""unknownCount"": 1116}","{""top"": [{""count"": 151, ""genre"": ""rock""}, {""count"": 108, ""genre"": ""folk rock""}, {""count"": 69, ""genre"": ""folk""}, {""count"": 65, ""genre"": ""psychedelic rock""}, {""count"": 36, ""genre"": ""indie rock""}, {""count"": 32, ""genre"": ""pop""}, {""count"": 24, ""genre"": ""classic rock""}, {""count"": 20, ""genre"": ""acoustic rock""}], ""updatedAt"": ""2026-09-16T19:14:44.683Z"", ""sampleSize"": 2148, ""windowDays"": 90, ""latestSpinAt"": ""2026-09-16T11:34:30.121Z"", ""excludedCount"": 9, ""genreCoverage"": 0.15948601662887377, ""readinessTier"": ""ready"", ""resolvedCount"": 1323, ""resolutionRate"": 0.6159217877094972, ""datedTrackCount"": 1196, ""genreTaggedCount"": 211, ""uniqueTrackCount"": 1162, ""uniqueArtistCount"": 325, ""unknownGenreCount"": 1112, ""datedTrackCoverage"": 0.9040060468631897}",curated,radio_browser,,f
Radio Caprice - Russian Folk Rock,radio-caprice-russian-folk-rock,,The Russian Federation,http://radcap.ru/folkrockru.html,"[""folk"", ""folk rock"", ""radcap"", ""radio caprice"", ""russian"", ""russian rock""]","Радиоканал RADCAP (RADio CAPrice) - RUSSIAN FOLK ROCK - стабильный эфир, хороший звук, качественный контент.","{""top"": [{""count"": 2, ""genre"": ""folk""}, {""count"": 1, ""genre"": ""alternative rock""}, {""count"": 1, ""genre"": ""celtic""}, {""count"": 1, ""genre"": ""progressive rock""}, {""count"": 1, ""genre"": ""rock""}], ""totalCount"": 152, ""unknownCount"": 149}","{""top"": [{""count"": 2, ""genre"": ""folk""}, {""count"": 1, ""genre"": ""alternative rock""}, {""count"": 1, ""genre"": ""celtic""}, {""count"": 1, ""genre"": ""progressive rock""}, {""count"": 1, ""genre"": ""rock""}], ""updatedAt"": ""2026-09-16T19:14:58.767Z"", ""sampleSize"": 1730, ""windowDays"": 90, ""latestSpinAt"": ""2026-09-16T19:08:46.593Z"", ""excludedCount"": 155, ""genreCoverage"": 0.043478260869565216, ""readinessTier"": ""provisional"", ""resolvedCount"": 69, ""resolutionRate"": 0.039884393063583816, ""datedTrackCount"": 33, ""genreTaggedCount"": 3, ""uniqueTrackCount"": 61, ""uniqueArtistCount"": 37, ""unknownGenreCount"": 66, ""datedTrackCoverage"": 0.4782608695652174}",curated,radio_browser,,f
Radio Caprice: Ambient,radio-caprice-ambient,,The Russian Federation,http://radcap.ru/ambient.html,"[""ambient""]","Радиоканал RADCAP (RADio CAPrice) - AMBIENT - стабильный эфир, хороший звук, качественный контент.","{""top"": [{""count"": 102, ""genre"": ""electronic""}, {""count"": 96, ""genre"": ""ambient""}, {""count"": 21, ""genre"": ""experimental""}, {""count"": 17, ""genre"": ""downtempo""}, {""count"": 13, ""genre"": ""drone""}, {""count"": 8, ""genre"": ""idm""}, {""count"": 7, ""genre"": ""berlin school""}, {""count"": 7, ""genre"": ""new age""}], ""totalCount"": 759, ""unknownCount"": 644}","{""top"": [{""count"": 102, ""genre"": ""electronic""}, {""count"": 96, ""genre"": ""ambient""}, {""count"": 21, ""genre"": ""experimental""}, {""count"": 17, ""genre"": ""downtempo""}, {""count"": 13, ""genre"": ""drone""}, {""count"": 8, ""genre"": ""idm""}, {""count"": 7, ""genre"": ""berlin school""}, {""count"": 7, ""genre"": ""new age""}], ""updatedAt"": ""2026-09-16T19:23:49.063Z"", ""sampleSize"": 1358, ""windowDays"": 90, ""latestSpinAt"": ""2026-09-16T19:16:33.056Z"", ""excludedCount"": 6, ""genreCoverage"": 0.152317880794702, ""readinessTier"": ""ready"", ""resolvedCount"": 755, ""resolutionRate"": 0.5559646539027983, ""datedTrackCount"": 731, ""genreTaggedCount"": 115, ""uniqueTrackCount"": 716, ""uniqueArtistCount"": 318, ""unknownGenreCount"": 640, ""datedTrackCoverage"": 0.9682119205298013}",curated,radio_browser,,f
Radio Centraal 106.7FM,radio-centraal-106-7fm,,Belgium,https://www.radiocentraal.be/,"[""avante-garde"", ""community"", ""experimental"", ""independent"", ""non-commercial"", ""situationist""]",,,"{""top"": [], ""updatedAt"": ""2026-09-16T19:15:29.462Z"", ""sampleSize"": 0, ""windowDays"": 90, ""latestSpinAt"": null, ""excludedCount"": 0, ""genreCoverage"": 0, ""readinessTier"": ""insufficient"", ""resolvedCount"": 0, ""resolutionRate"": 0, ""datedTrackCount"": 0, ""genreTaggedCount"": 0, ""uniqueTrackCount"": 0, ""uniqueArtistCount"": 0, ""unknownGenreCount"": 0, ""datedTrackCoverage"": 0}",curated,radio_browser,,f
Radio Centro y El Fonógrafo - 690 AM - XEN-AM - Grupo Radio Centro - Ciudad de México,radio-centro-y-el-fon-grafo-690-am-xen-am-grupo-radio-centro-ciudad-de-m-xico,,Mexico,https://www.radiocentroelfonografo.com/,"[""690"", ""690 am"", ""am"", ""americana"", ""ciudad de mexico"", ""ciudad de méxico"", ""ciudad mexico"", ""el fonógrafo"", ""español"", ""estación"", ""estado de mexico"", ""estado de méxico"", ""grupo radio centro"", ""latin music"", ""latin pop"", ""local music"", ""mex"", ""mexico"", ""mexico city"", ""music"", ""musica"", ""musica latina"", ""musica latinoamericana"", ""musica romantica"", ""mx"", ""méxico"", ""música"", ""música del recuerdo"", ""música en español"", ""música pop"", ""música variada"", ""pop"", ""pop music"", ""radio"", ""radio centro"", ""valle de méxico""]",,"{""top"": [{""count"": 34, ""genre"": ""latin""}, {""count"": 24, ""genre"": ""pop""}, {""count"": 23, ""genre"": ""latin pop""}, {""count"": 15, ""genre"": ""ballad""}, {""count"": 5, ""genre"": ""cumbia""}, {""count"": 4, ""genre"": ""electronic""}, {""count"": 4, ""genre"": ""latin rock""}, {""count"": 4, ""genre"": ""pop rock""}], ""totalCount"": 582, ""unknownCount"": 545}","{""top"": [{""count"": 34, ""genre"": ""latin""}, {""count"": 24, ""genre"": ""pop""}, {""count"": 23, ""genre"": ""latin pop""}, {""count"": 15, ""genre"": ""ballad""}, {""count"": 5, ""genre"": ""cumbia""}, {""count"": 4, ""genre"": ""electronic""}, {""count"": 4, ""genre"": ""latin rock""}, {""count"": 4, ""genre"": ""pop rock""}], ""updatedAt"": ""2026-09-16T19:29:00.995Z"", ""sampleSize"": 941, ""windowDays"": 90, ""latestSpinAt"": ""2026-09-03T05:39:20.866Z"", ""excludedCount"": 0, ""genreCoverage"": 0.06357388316151202, ""readinessTier"": ""ready"", ""resolvedCount"": 582, ""resolutionRate"": 0.6184909670563231, ""datedTrackCount"": 480, ""genreTaggedCount"": 37, ""uniqueTrackCount"": 465, ""uniqueArtistCount"": 273, ""unknownGenreCount"": 545, ""datedTrackCoverage"": 0.8247422680412371}",curated,radio_browser,,f
Radio Contigo,radio-contigo,,Chile,http://www.radiocontigo.cl/,"[""folk"", ""christian"", ""cueca"", ""religious"", ""talk""]","Radio Contigo 98.5 FM, con 25 años de experiencia. Desde San Carlos, Ñuble. Con 1,000 watts de potencia, entregando música, noticias y cultura.",,"{""top"": [], ""updatedAt"": ""2026-09-16T19:29:15.070Z"", ""sampleSize"": 0, ""windowDays"": 90, ""latestSpinAt"": null, ""excludedCount"": 0, ""genreCoverage"": 0, ""readinessTier"": ""insufficient"", ""resolvedCount"": 0, ""resolutionRate"": 0, ""datedTrackCount"": 0, ""genreTaggedCount"": 0, ""uniqueTrackCount"": 0, ""uniqueArtistCount"": 0, ""unknownGenreCount"": 0, ""datedTrackCoverage"": 0}",curated,radio_browser,,f
Radio Cyberfolk,radio-cyberfolk,,Bulgaria,https://radiocyberfolk.com/,"[""folk"", ""pop-folk""]",Saw.com has successfully helped thousands of buyers acquire the perfect domain name. Interested in radiocyberfolk.com? Let,"{""top"": [], ""totalCount"": 23, ""unknownCount"": 23}","{""top"": [], ""updatedAt"": ""2026-09-16T19:23:24.258Z"", ""sampleSize"": 759, ""windowDays"": 90, ""latestSpinAt"": ""2026-07-31T19:20:47.504Z"", ""excludedCount"": 365, ""genreCoverage"": 0, ""readinessTier"": ""insufficient"", ""resolvedCount"": 23, ""resolutionRate"": 0.030303030303030304, ""datedTrackCount"": 23, ""genreTaggedCount"": 0, ""uniqueTrackCount"": 10, ""uniqueArtistCount"": 8, ""unknownGenreCount"": 23, ""datedTrackCoverage"": 1}",curated,radio_browser,,f
Radio Danielka,radio-danielka,,Poland,http://radiodanielka.pl/,"[""folk"", ""aktorska"", ""cabaret"", ""kabaret"", ""poetry"", ""poezja"", ""polish"", ""szanty""]","Radio Danielka nadaje (z założenia) głównie polskie piosenki, ale zostawia sobie margines na eksplorowanie innych obszarów językowych. Stawia przede wszystkim na piosenki z sensem. Lubi piosenkę poetycką, choć nie stroni od piosenki kabaretowej, żeglarskiej czy aktorskiej. Uwielb","{""top"": [{""count"": 3, ""genre"": ""blues""}, {""count"": 3, ""genre"": ""country blues""}, {""count"": 3, ""genre"": ""pop""}, {""count"": 3, ""genre"": ""rock""}, {""count"": 2, ""genre"": ""ballad""}, {""count"": 2, ""genre"": ""singer-songwriter""}, {""count"": 1, ""genre"": ""folk""}, {""count"": 1, ""genre"": ""jazz""}], ""totalCount"": 475, ""unknownCount"": 467}","{""top"": [{""count"": 3, ""genre"": ""blues""}, {""count"": 3, ""genre"": ""country blues""}, {""count"": 3, ""genre"": ""pop""}, {""count"": 3, ""genre"": ""rock""}, {""count"": 2, ""genre"": ""ballad""}, {""count"": 2, ""genre"": ""singer-songwriter""}, {""count"": 1, ""genre"": ""folk""}, {""count"": 1, ""genre"": ""jazz""}], ""updatedAt"": ""2026-09-16T19:27:23.059Z"", ""sampleSize"": 2436, ""windowDays"": 90, ""latestSpinAt"": ""2026-09-16T11:08:34.213Z"", ""excludedCount"": 1, ""genreCoverage"": 0.016877637130801686, ""readinessTier"": ""provisional"", ""resolvedCount"": 474, ""resolutionRate"": 0.19458128078817735, ""datedTrackCount"": 406, ""genreTaggedCount"": 8, ""uniqueTrackCount"": 406, ""uniqueArtistCount"": 125, ""unknownGenreCount"": 466, ""datedTrackCoverage"": 0.8565400843881856}",curated,radio_browser,,f
Radio Energy Cugir,radio-energy-cugir,,Romania,https://radioenergycugir.ro/,"[""folk"", ""00s"", ""2000s"", ""70s"", ""80s"", ""90s"", ""chillout"", ""classic rock"", ""club"", ""country"", ""dance"", ""folclor"", ""hits"", ""latino"", ""lounge"", ""muzică populară"", ""muzică românească"", ""oldies"", ""pop"", ""relax"", ""retro"", ""rock"", ""romanian"", ""slow"", ""top40""]",Radio Energy Cugir &#8211; Cu noi&#8230; sunetul are sens!,,"{""top"": [], ""updatedAt"": ""2026-09-16T19:23:24.973Z"", ""sampleSize"": 0, ""windowDays"": 90, ""latestSpinAt"": null, ""excludedCount"": 0, ""genreCoverage"": 0, ""readinessTier"": ""insufficient"", ""resolvedCount"": 0, ""resolutionRate"": 0, ""datedTrackCount"": 0, ""genreTaggedCount"": 0, ""uniqueTrackCount"": 0, ""uniqueArtistCount"": 0, ""unknownGenreCount"": 0, ""datedTrackCoverage"": 0}",curated,radio_browser,,f
Radio FM,radio-fm,,Slovakia,https://fm.rtvs.sk/,"[""alternative"", ""local music"", ""multicultural"", ""world"", ""world music""]",Slovenská televízia a rozhlas,"{""top"": [{""count"": 33, ""genre"": ""electronic""}, {""count"": 28, ""genre"": ""rock""}, {""count"": 20, ""genre"": ""pop""}, {""count"": 19, ""genre"": ""indie rock""}, {""count"": 17, ""genre"": ""alternative rock""}, {""count"": 11, ""genre"": ""dance""}, {""count"": 11, ""genre"": ""electro""}, {""count"": 10, ""genre"": ""house""}], ""totalCount"": 967, ""unknownCount"": 864}","{""top"": [{""count"": 33, ""genre"": ""electronic""}, {""count"": 28, ""genre"": ""rock""}, {""count"": 20, ""genre"": ""pop""}, {""count"": 19, ""genre"": ""indie rock""}, {""count"": 17, ""genre"": ""alternative rock""}, {""count"": 11, ""genre"": ""dance""}, {""count"": 11, ""genre"": ""electro""}, {""count"": 10, ""genre"": ""house""}], ""updatedAt"": ""2026-09-16T19:19:15.760Z"", ""sampleSize"": 2452, ""windowDays"": 90, ""latestSpinAt"": ""2026-09-16T11:33:42.482Z"", ""excludedCount"": 699, ""genreCoverage"": 0.10729166666666666, ""readinessTier"": ""ready"", ""resolvedCount"": 960, ""resolutionRate"": 0.3915171288743883, ""datedTrackCount"": 898, ""genreTaggedCount"": 103, ""uniqueTrackCount"": 777, ""uniqueArtistCount"": 650, ""unknownGenreCount"": 857, ""datedTrackCoverage"": 0.9354166666666667}",curated,radio_browser,,f
Radio Favorit,radio-favorit,,Bulgaria,,"[""folk""]",,"{""top"": [{""count"": 1, ""genre"": ""house""}], ""totalCount"": 106, ""unknownCount"": 105}","{""top"": [{""count"": 1, ""genre"": ""house""}], ""updatedAt"": ""2026-09-16T19:22:57.861Z"", ""sampleSize"": 4192, ""windowDays"": 90, ""latestSpinAt"": ""2026-09-16T11:26:55.581Z"", ""excludedCount"": 15, ""genreCoverage"": 0.009708737864077669, ""readinessTier"": ""provisional"", ""resolvedCount"": 103, ""resolutionRate"": 0.0245706106870229, ""datedTrackCount"": 45, ""genreTaggedCount"": 1, ""uniqueTrackCount"": 34, ""uniqueArtistCount"": 31, ""unknownGenreCount"": 102, ""datedTrackCoverage"": 0.4368932038834951}",curated,radio_browser,,f
Radio Folclor,radio-folclor,,Romania,https://radiofolclor.ro/,"[""folclor"", ""folk"", ""muzică de petrecere"", ""muzică populară"", ""muzică românească"", ""petrecere"", ""populară"", ""romanian"", ""romanian music""]",Radio Folclor Romania &#8211; Muzica Populara Traditionala,"{""top"": [], ""totalCount"": 30, ""unknownCount"": 30}","{""top"": [], ""updatedAt"": ""2026-09-16T19:24:00.282Z"", ""sampleSize"": 4487, ""windowDays"": 90, ""latestSpinAt"": ""2026-09-16T19:21:16.557Z"", ""excludedCount"": 29, ""genreCoverage"": 0, ""readinessTier"": ""provisional"", ""resolvedCount"": 30, ""resolutionRate"": 0.006685981724983285, ""datedTrackCount"": 0, ""genreTaggedCount"": 0, ""uniqueTrackCount"": 16, ""uniqueArtistCount"": 16, ""unknownGenreCount"": 30, ""datedTrackCoverage"": 0}",curated,radio_browser,,f
Radio Folklorica Uyuni,radio-folklorica-uyuni,,Bolivia,https://www.uyuni.org/,"[""bolivia"", ""folk"", ""folklore"", ""música""]",,"{""top"": [], ""totalCount"": 11, ""unknownCount"": 11}","{""top"": [], ""updatedAt"": ""2026-09-16T19:22:29.372Z"", ""sampleSize"": 650, ""windowDays"": 90, ""latestSpinAt"": ""2026-08-19T08:59:06.167Z"", ""excludedCount"": 3, ""genreCoverage"": 0, ""readinessTier"": ""insufficient"", ""resolvedCount"": 10, ""resolutionRate"": 0.015384615384615385, ""datedTrackCount"": 2, ""genreTaggedCount"": 0, ""uniqueTrackCount"": 8, ""uniqueArtistCount"": 6, ""unknownGenreCount"": 10, ""datedTrackCoverage"": 0.2}",curated,radio_browser,,f
Radio Free Texas,radio-free-texas,,The United States Of America,https://radiofreetexas.com/,"[""americana"", ""country""]",Welcome to Radio Free Texas! The online of home of Texas Music since 2005. Proudly bringing Texas to the world and independence to your ears.,"{""top"": [{""count"": 3, ""genre"": ""country""}, {""count"": 3, ""genre"": ""country pop""}, {""count"": 2, ""genre"": ""alternative country""}, {""count"": 1, ""genre"": ""americana""}, {""count"": 1, ""genre"": ""rock""}, {""count"": 1, ""genre"": ""texas country""}], ""totalCount"": 93, ""unknownCount"": 86}","{""top"": [{""count"": 3, ""genre"": ""country""}, {""count"": 3, ""genre"": ""country pop""}, {""count"": 2, ""genre"": ""alternative country""}, {""count"": 1, ""genre"": ""americana""}, {""count"": 1, ""genre"": ""rock""}, {""count"": 1, ""genre"": ""texas country""}], ""updatedAt"": ""2026-09-16T19:21:46.458Z"", ""sampleSize"": 440, ""windowDays"": 90, ""latestSpinAt"": ""2026-07-26T01:05:46.160Z"", ""excludedCount"": 20, ""genreCoverage"": 0.07865168539325842, ""readinessTier"": ""insufficient"", ""resolvedCount"": 89, ""resolutionRate"": 0.20227272727272727, ""datedTrackCount"": 77, ""genreTaggedCount"": 7, ""uniqueTrackCount"": 71, ""uniqueArtistCount"": 57, ""unknownGenreCount"": 82, ""datedTrackCoverage"": 0.8651685393258427}",curated,radio_browser,mixed,f
Radio Gigante Bolivia,radio-gigante-bolivia,,Bolivia,https://radiogigantebolivia.com.bo/,"[""cumbia"", ""folk"", ""folklore"", ""música"", ""nacional"", ""tropical""]",,,"{""top"": [], ""updatedAt"": ""2026-09-16T19:14:25.162Z"", ""sampleSize"": 0, ""windowDays"": 90, ""latestSpinAt"": null, ""excludedCount"": 0, ""genreCoverage"": 0, ""readinessTier"": ""insufficient"", ""resolvedCount"": 0, ""resolutionRate"": 0, ""datedTrackCount"": 0, ""genreTaggedCount"": 0, ""uniqueTrackCount"": 0, ""uniqueArtistCount"": 0, ""unknownGenreCount"": 0, ""datedTrackCoverage"": 0}",curated,radio_browser,,f
Radio Heimatmelodie,radio-heimatmelodie,,Germany,http://www.radio-heimatmelodie.de/,"[""folk"", ""schlager"", ""volksmusik""]",Wir feiern Geburtstag! Seit 2008 Volksmusik & Schlager nonstop. Jetzt live hören.,"{""top"": [{""count"": 5, ""genre"": ""pop""}, {""count"": 3, ""genre"": ""schlager""}, {""count"": 2, ""genre"": ""country""}, {""count"": 1, ""genre"": ""folk""}], ""totalCount"": 352, ""unknownCount"": 341}","{""top"": [{""count"": 5, ""genre"": ""pop""}, {""count"": 3, ""genre"": ""schlager""}, {""count"": 2, ""genre"": ""country""}, {""count"": 1, ""genre"": ""folk""}], ""updatedAt"": ""2026-09-16T19:16:43.471Z"", ""sampleSize"": 2757, ""windowDays"": 90, ""latestSpinAt"": ""2026-09-16T11:33:46.894Z"", ""excludedCount"": 17, ""genreCoverage"": 0.03188405797101449, ""readinessTier"": ""ready"", ""resolvedCount"": 345, ""resolutionRate"": 0.1251360174102285, ""datedTrackCount"": 281, ""genreTaggedCount"": 11, ""uniqueTrackCount"": 269, ""uniqueArtistCount"": 168, ""unknownGenreCount"": 334, ""datedTrackCoverage"": 0.8144927536231884}",curated,radio_browser,,f
Radio Horo Plus,radio-horo-plus,,Bulgaria,,"[""folk""]",,,"{""top"": [], ""updatedAt"": ""2026-09-16T19:24:19.164Z"", ""sampleSize"": 3, ""windowDays"": 90, ""latestSpinAt"": ""2026-09-15T07:24:53.613Z"", ""excludedCount"": 0, ""genreCoverage"": 0, ""readinessTier"": ""insufficient"", ""resolvedCount"": 0, ""resolutionRate"": 0, ""datedTrackCount"": 0, ""genreTaggedCount"": 0, ""uniqueTrackCount"": 0, ""uniqueArtistCount"": 0, ""unknownGenreCount"": 0, ""datedTrackCoverage"": 0}",curated,radio_browser,,f
Radio Hushove,radio-hushove,,Bulgaria,,"[""folk""]",,"{""top"": [{""count"": 2, ""genre"": ""electronic""}, {""count"": 1, ""genre"": ""eurodance""}, {""count"": 1, ""genre"": ""hi-nrg""}, {""count"": 1, ""genre"": ""house""}, {""count"": 1, ""genre"": ""vocal trance""}], ""totalCount"": 14, ""unknownCount"": 12}","{""top"": [{""count"": 2, ""genre"": ""electronic""}, {""count"": 1, ""genre"": ""eurodance""}, {""count"": 1, ""genre"": ""hi-nrg""}, {""count"": 1, ""genre"": ""house""}, {""count"": 1, ""genre"": ""vocal trance""}], ""updatedAt"": ""2026-09-16T19:14:59.755Z"", ""sampleSize"": 2990, ""windowDays"": 90, ""latestSpinAt"": ""2026-09-16T11:32:04.024Z"", ""excludedCount"": 85, ""genreCoverage"": 0.15384615384615385, ""readinessTier"": ""insufficient"", ""resolvedCount"": 13, ""resolutionRate"": 0.004347826086956522, ""datedTrackCount"": 3, ""genreTaggedCount"": 2, ""uniqueTrackCount"": 11, ""uniqueArtistCount"": 11, ""unknownGenreCount"": 11, ""datedTrackCoverage"": 0.23076923076923078}",curated,radio_browser,,f
Radio JIH Cimbalka,radio-jih-cimbalka,,Czechia,https://naladit.radiocimbalka.cz/,"[""folk"", ""folk music""]","Poslouchejte Rádio Jih Cimbálka online na počítači, mobilu i tabletu.",,"{""top"": [], ""updatedAt"": ""2026-09-16T19:25:29.074Z"", ""sampleSize"": 0, ""windowDays"": 90, ""latestSpinAt"": null, ""excludedCount"": 0, ""genreCoverage"": 0, ""readinessTier"": ""insufficient"", ""resolvedCount"": 0, ""resolutionRate"": 0, ""datedTrackCount"": 0, ""genreTaggedCount"": 0, ""uniqueTrackCount"": 0, ""uniqueArtistCount"": 0, ""unknownGenreCount"": 0, ""datedTrackCoverage"": 0}",curated,radio_browser,,f
Radio Jam,radio-jam,,Coted Ivoire,http://www.radiojam.biz/,"[""african music"", ""folk"", ""folk music""]","Ecoute JAM, la radio la + Originale de Côte d",,"{""top"": [], ""updatedAt"": ""2026-09-16T19:22:10.384Z"", ""sampleSize"": 1, ""windowDays"": 90, ""latestSpinAt"": ""2026-07-09T12:45:51.609Z"", ""excludedCount"": 0, ""genreCoverage"": 0, ""readinessTier"": ""insufficient"", ""resolvedCount"": 0, ""resolutionRate"": 0, ""datedTrackCount"": 0, ""genreTaggedCount"": 0, ""uniqueTrackCount"": 0, ""uniqueArtistCount"": 0, ""unknownGenreCount"": 0, ""datedTrackCoverage"": 0}",curated,radio_browser,,f
Radio Jega,radio-jega,,Bulgaria,,"[""folk""]",,"{""top"": [], ""totalCount"": 1, ""unknownCount"": 1}","{""top"": [], ""updatedAt"": ""2026-09-16T19:24:19.155Z"", ""sampleSize"": 3, ""windowDays"": 90, ""latestSpinAt"": ""2026-09-15T07:25:39.012Z"", ""excludedCount"": 0, ""genreCoverage"": 0, ""readinessTier"": ""insufficient"", ""resolvedCount"": 1, ""resolutionRate"": 0.3333333333333333, ""datedTrackCount"": 0, ""genreTaggedCount"": 0, ""uniqueTrackCount"": 1, ""uniqueArtistCount"": 1, ""unknownGenreCount"": 1, ""datedTrackCoverage"": 0}",curated,radio_browser,,f
Radio Jugomania,radio-jugomania,,Bulgaria,,"[""folk""]",,"{""top"": [{""count"": 9, ""genre"": ""electronic""}, {""count"": 9, ""genre"": ""euro house""}], ""totalCount"": 1963, ""unknownCount"": 1954}","{""top"": [{""count"": 9, ""genre"": ""electronic""}, {""count"": 9, ""genre"": ""euro house""}], ""updatedAt"": ""2026-09-16T19:16:45.030Z"", ""sampleSize"": 7474, ""windowDays"": 90, ""latestSpinAt"": ""2026-09-16T19:15:14.659Z"", ""excludedCount"": 6, ""genreCoverage"": 0.004584819154355578, ""readinessTier"": ""provisional"", ""resolvedCount"": 1963, ""resolutionRate"": 0.26264383195076263, ""datedTrackCount"": 1742, ""genreTaggedCount"": 9, ""uniqueTrackCount"": 345, ""uniqueArtistCount"": 117, ""unknownGenreCount"": 1954, ""datedTrackCoverage"": 0.8874172185430463}",curated,radio_browser,,f
Radio K (KUOM),radio-k,University of Minnesota,US,https://radiok.org/,"[""college"", ""discovery"", ""indie""]",Homepage | Radio K,,"{""top"": [], ""updatedAt"": ""2026-09-16T19:30:56.469Z"", ""sampleSize"": 0, ""windowDays"": 90, ""latestSpinAt"": null, ""excludedCount"": 0, ""genreCoverage"": 0, ""readinessTier"": ""insufficient"", ""resolvedCount"": 0, ""resolutionRate"": 0, ""datedTrackCount"": 0, ""genreTaggedCount"": 0, ""uniqueTrackCount"": 0, ""uniqueArtistCount"": 0, ""unknownGenreCount"": 0, ""datedTrackCoverage"": 0}",community,curated,human,t
Radio Križevci,radio-kri-evci,,Croatia,https://radiokrizevci.hr/,"[""folk"", ""local news"", ""pop""]",Početna - Radio Križevci 96.6 FM,,"{""top"": [], ""updatedAt"": ""2026-09-16T19:24:30.056Z"", ""sampleSize"": 0, ""windowDays"": 90, ""latestSpinAt"": null, ""excludedCount"": 0, ""genreCoverage"": 0, ""readinessTier"": ""insufficient"", ""resolvedCount"": 0, ""resolutionRate"": 0, ""datedTrackCount"": 0, ""genreTaggedCount"": 0, ""uniqueTrackCount"": 0, ""uniqueArtistCount"": 0, ""unknownGenreCount"": 0, ""datedTrackCoverage"": 0}",curated,radio_browser,,f
Radio Lăutaru,radio-l-utaru,,Romania,https://radiolautaru.ro/,"[""etno"", ""folk"", ""muzică de petrecere"", ""muzică populară"", ""petrecere"", ""populară"", ""romanian folk""]",Cel mai ascultat radio de Manele.Poti asculta Radio Taraf Romania GRATIS pe mobil sau in winamp.MANELE noi si vechi non-stop/,,"{""top"": [], ""updatedAt"": ""2026-09-16T19:14:58.262Z"", ""sampleSize"": 1, ""windowDays"": 90, ""latestSpinAt"": ""2026-07-09T22:29:33.574Z"", ""excludedCount"": 0, ""genreCoverage"": 0, ""readinessTier"": ""insufficient"", ""resolvedCount"": 0, ""resolutionRate"": 0, ""datedTrackCount"": 0, ""genreTaggedCount"": 0, ""uniqueTrackCount"": 0, ""uniqueArtistCount"": 0, ""unknownGenreCount"": 0, ""datedTrackCoverage"": 0}",curated,radio_browser,,f
Radio MANELE,radio-manele,,Romania,,"[""folk""]",,"{""top"": [], ""totalCount"": 424, ""unknownCount"": 424}","{""top"": [], ""updatedAt"": ""2026-09-16T19:13:54.557Z"", ""sampleSize"": 7243, ""windowDays"": 90, ""latestSpinAt"": ""2026-09-16T11:33:21.060Z"", ""excludedCount"": 48, ""genreCoverage"": 0, ""readinessTier"": ""provisional"", ""resolvedCount"": 423, ""resolutionRate"": 0.05840121496617424, ""datedTrackCount"": 295, ""genreTaggedCount"": 0, ""uniqueTrackCount"": 38, ""uniqueArtistCount"": 22, ""unknownGenreCount"": 423, ""datedTrackCoverage"": 0.6973995271867612}",curated,radio_browser,,f
Radio Manele FM,radio-manele-fm,,Romania,https://fmradiomanele.ro/,"[""folk"", ""folk music""]","Radio Manele &#8211; Manele și Petrecere: Ascultă Cele Mai Noi Hit-uri, Bucură-te în Fiecare Moment!","{""top"": [], ""totalCount"": 70, ""unknownCount"": 70}","{""top"": [], ""updatedAt"": ""2026-09-16T19:13:41.769Z"", ""sampleSize"": 3576, ""windowDays"": 90, ""latestSpinAt"": ""2026-09-16T11:20:35.315Z"", ""excludedCount"": 178, ""genreCoverage"": 0, ""readinessTier"": ""provisional"", ""resolvedCount"": 66, ""resolutionRate"": 0.018456375838926176, ""datedTrackCount"": 9, ""genreTaggedCount"": 0, ""uniqueTrackCount"": 16, ""uniqueArtistCount"": 15, ""unknownGenreCount"": 66, ""datedTrackCoverage"": 0.13636363636363635}",curated,radio_browser,,f
Radio Mas 99.7 FM,radio-mas-99-7-fm,,Curacao,https://www.mas99.cw/,"[""music"", ""pop"", ""top40"", ""world""]",Radio Mas99,"{""top"": [{""count"": 6, ""genre"": ""pop""}, {""count"": 3, ""genre"": ""classic rock""}, {""count"": 3, ""genre"": ""contemporary christian""}, {""count"": 3, ""genre"": ""gospel""}, {""count"": 3, ""genre"": ""latin""}, {""count"": 2, ""genre"": ""bachata""}, {""count"": 2, ""genre"": ""ballad""}, {""count"": 2, ""genre"": ""dub""}], ""totalCount"": 181, ""unknownCount"": 166}","{""top"": [{""count"": 6, ""genre"": ""pop""}, {""count"": 3, ""genre"": ""classic rock""}, {""count"": 3, ""genre"": ""contemporary christian""}, {""count"": 3, ""genre"": ""gospel""}, {""count"": 3, ""genre"": ""latin""}, {""count"": 2, ""genre"": ""bachata""}, {""count"": 2, ""genre"": ""ballad""}, {""count"": 2, ""genre"": ""dub""}], ""updatedAt"": ""2026-09-16T19:22:25.076Z"", ""sampleSize"": 2054, ""windowDays"": 90, ""latestSpinAt"": ""2026-09-16T10:59:22.291Z"", ""excludedCount"": 3783, ""genreCoverage"": 0.11965811965811966, ""readinessTier"": ""insufficient"", ""resolvedCount"": 117, ""resolutionRate"": 0.056962025316455694, ""datedTrackCount"": 90, ""genreTaggedCount"": 14, ""uniqueTrackCount"": 71, ""uniqueArtistCount"": 63, ""unknownGenreCount"": 103, ""datedTrackCoverage"": 0.7692307692307693}",curated,radio_browser,,f
Radio Mela,radio-mela,,Italy,http://www.radiomela.it/,"[""80s"", ""90s"", ""italo disco"", ""new wave"", ""pop""]",Musica anni 80 90 - Vintage Radio Streaming,"{""top"": [{""count"": 124, ""genre"": ""pop""}, {""count"": 68, ""genre"": ""electronic""}, {""count"": 63, ""genre"": ""rock""}, {""count"": 41, ""genre"": ""disco""}, {""count"": 38, ""genre"": ""new wave""}, {""count"": 31, ""genre"": ""pop rock""}, {""count"": 24, ""genre"": ""synth-pop""}, {""count"": 20, ""genre"": ""dance-pop""}], ""totalCount"": 1669, ""unknownCount"": 1472}","{""top"": [{""count"": 124, ""genre"": ""pop""}, {""count"": 68, ""genre"": ""electronic""}, {""count"": 63, ""genre"": ""rock""}, {""count"": 41, ""genre"": ""disco""}, {""count"": 38, ""genre"": ""new wave""}, {""count"": 31, ""genre"": ""pop rock""}, {""count"": 24, ""genre"": ""synth-pop""}, {""count"": 20, ""genre"": ""dance-pop""}], ""updatedAt"": ""2026-09-16T19:17:53.171Z"", ""sampleSize"": 5055, ""windowDays"": 90, ""latestSpinAt"": ""2026-09-16T11:25:05.605Z"", ""excludedCount"": 974, ""genreCoverage"": 0.11867469879518072, ""readinessTier"": ""ready"", ""resolvedCount"": 1660, ""resolutionRate"": 0.3283877349159248, ""datedTrackCount"": 1435, ""genreTaggedCount"": 197, ""uniqueTrackCount"": 811, ""uniqueArtistCount"": 521, ""unknownGenreCount"": 1463, ""datedTrackCoverage"": 0.8644578313253012}",curated,radio_browser,mixed,f
Radio Mojdeh - Iranian Farsi/Persian Christian music and talk,radio-mojdeh-iranian-farsi-persian-christian-music-and-talk,,Islamic Republic Of Iran,https://radiomojdeh.com/,"[""christian"", ""music"", ""talk"", ""world""]",https://youtu.be/PrMA9f2fNqg,"{""top"": [], ""totalCount"": 24, ""unknownCount"": 24}","{""top"": [], ""updatedAt"": ""2026-09-16T19:18:52.070Z"", ""sampleSize"": 1436, ""windowDays"": 90, ""latestSpinAt"": ""2026-09-16T11:14:35.276Z"", ""excludedCount"": 1451, ""genreCoverage"": 0, ""readinessTier"": ""insufficient"", ""resolvedCount"": 15, ""resolutionRate"": 0.010445682451253482, ""datedTrackCount"": 1, ""genreTaggedCount"": 0, ""uniqueTrackCount"": 10, ""uniqueArtistCount"": 9, ""unknownGenreCount"": 15, ""datedTrackCoverage"": 0.06666666666666667}",curated,radio_browser,,f
Radio Nacional Folklorica 98.7,radio-nacional-folklorica-98-7,,Argentina,http://www.nacionalfolklorica.com.ar/,"[""buenos aires"", ""folk"", ""public radio""]",,,"{""top"": [], ""updatedAt"": ""2026-09-16T19:14:13.265Z"", ""sampleSize"": 0, ""windowDays"": 90, ""latestSpinAt"": null, ""excludedCount"": 0, ""genreCoverage"": 0, ""readinessTier"": ""insufficient"", ""resolvedCount"": 0, ""resolutionRate"": 0, ""datedTrackCount"": 0, ""genreTaggedCount"": 0, ""uniqueTrackCount"": 0, ""uniqueArtistCount"": 0, ""unknownGenreCount"": 0, ""datedTrackCoverage"": 0}",curated,radio_browser,,f
Radio Napoli,radio-napoli,,Italy,https://www.radionapoli.it/,"[""folk"", ""folk music"", ""local music"", ""napoli""]","Non categorizzato C&rsquo;era una volta&hellip; Scugnizzi, torna il musical dei talenti Storia Mia Martini e la canzone napoletana Curiosit&agrave; La grande sete di Erica Cassano e &lsquo;O sole mio Curiosit&agrave; Perdonaci la Pace, la preghiera in musica di don Mimmo Battagli",,"{""top"": [], ""updatedAt"": ""2026-09-16T19:28:47.614Z"", ""sampleSize"": 0, ""windowDays"": 90, ""latestSpinAt"": null, ""excludedCount"": 0, ""genreCoverage"": 0, ""readinessTier"": ""insufficient"", ""resolvedCount"": 0, ""resolutionRate"": 0, ""datedTrackCount"": 0, ""genreTaggedCount"": 0, ""uniqueTrackCount"": 0, ""uniqueArtistCount"": 0, ""unknownGenreCount"": 0, ""datedTrackCoverage"": 0}",curated,radio_browser,,f
Radio Nostalgia,radio-nostalgia,,Greece,http://www.radio-nostalgia.gr/,"[""folk"", ""greek"", ""greek traditional"", ""nostalgia""]",Ράδιο Νοσταλγία - Τραγούδια από το παρελθόν,"{""top"": [], ""totalCount"": 22, ""unknownCount"": 22}","{""top"": [], ""updatedAt"": ""2026-09-16T19:23:25.556Z"", ""sampleSize"": 856, ""windowDays"": 90, ""latestSpinAt"": ""2026-09-16T11:30:32.724Z"", ""excludedCount"": 329, ""genreCoverage"": 0, ""readinessTier"": ""insufficient"", ""resolvedCount"": 5, ""resolutionRate"": 0.005841121495327103, ""datedTrackCount"": 0, ""genreTaggedCount"": 0, ""uniqueTrackCount"": 4, ""uniqueArtistCount"": 4, ""unknownGenreCount"": 5, ""datedTrackCoverage"": 0}",curated,radio_browser,,f
Radio Nuova San Giorgio,radio-nuova-san-giorgio,,Italy,http://www.radionuovasangiorgio.com/,"[""folk"", ""folk music"", ""local music""]",Radio Nuova San Giorgio | La radio di Napoli,"{""top"": [{""count"": 2, ""genre"": ""classical""}, {""count"": 2, ""genre"": ""opera""}], ""totalCount"": 293, ""unknownCount"": 291}","{""top"": [{""count"": 2, ""genre"": ""classical""}, {""count"": 2, ""genre"": ""opera""}], ""updatedAt"": ""2026-09-16T19:18:44.857Z"", ""sampleSize"": 3040, ""windowDays"": 90, ""latestSpinAt"": ""2026-09-16T11:29:51.760Z"", ""excludedCount"": 552, ""genreCoverage"": 0.007380073800738007, ""readinessTier"": ""provisional"", ""resolvedCount"": 271, ""resolutionRate"": 0.08914473684210526, ""datedTrackCount"": 208, ""genreTaggedCount"": 2, ""uniqueTrackCount"": 207, ""uniqueArtistCount"": 66, ""unknownGenreCount"": 269, ""datedTrackCoverage"": 0.7675276752767528}",curated,radio_browser,,f
Radio Ozora,radio-ozora,,Hungary,https://radiozora.fm/,"[""goa"", ""psychedelic""]",We are connected to the same frequency,"{""top"": [], ""totalCount"": 5, ""unknownCount"": 5}","{""top"": [], ""updatedAt"": ""2026-09-16T19:29:02.908Z"", ""sampleSize"": 194, ""windowDays"": 90, ""latestSpinAt"": ""2026-09-16T11:04:04.643Z"", ""excludedCount"": 0, ""genreCoverage"": 0, ""readinessTier"": ""insufficient"", ""resolvedCount"": 5, ""resolutionRate"": 0.02577319587628866, ""datedTrackCount"": 0, ""genreTaggedCount"": 0, ""uniqueTrackCount"": 3, ""uniqueArtistCount"": 3, ""unknownGenreCount"": 5, ""datedTrackCoverage"": 0}",curated,radio_browser,,f
Radio Paradise World/ETC Mix 192k MP3,radio-paradise-world-etc-mix-192k-mp3,,The United States Of America,https://radioparadise.com/,"[""world"", ""california"", ""eclectic"", ""world music"", ""free"", ""internet"", ""non-commercial""]","Radio Paradise streams highly curated, eclectic mixes of music -- chosen by real humans -- with unparalleled audio quality.","{""top"": [{""count"": 274, ""genre"": ""electronic""}, {""count"": 216, ""genre"": ""latin""}, {""count"": 202, ""genre"": ""jazz""}, {""count"": 142, ""genre"": ""rock""}, {""count"": 128, ""genre"": ""downtempo""}, {""count"": 110, ""genre"": ""folk""}, {""count"": 87, ""genre"": ""pop""}, {""count"": 83, ""genre"": ""blues""}], ""totalCount"": 5735, ""unknownCount"": 4681}","{""top"": [{""count"": 274, ""genre"": ""electronic""}, {""count"": 216, ""genre"": ""latin""}, {""count"": 202, ""genre"": ""jazz""}, {""count"": 142, ""genre"": ""rock""}, {""count"": 128, ""genre"": ""downtempo""}, {""count"": 110, ""genre"": ""folk""}, {""count"": 87, ""genre"": ""pop""}, {""count"": 83, ""genre"": ""blues""}], ""updatedAt"": ""2026-09-16T19:25:25.560Z"", ""sampleSize"": 10583, ""windowDays"": 90, ""latestSpinAt"": ""2026-09-16T19:24:22.962Z"", ""excludedCount"": 157, ""genreCoverage"": 0.1839301310043668, ""readinessTier"": ""ready"", ""resolvedCount"": 5725, ""resolutionRate"": 0.5409619200604744, ""datedTrackCount"": 5472, ""genreTaggedCount"": 1053, ""uniqueTrackCount"": 1136, ""uniqueArtistCount"": 713, ""unknownGenreCount"": 4672, ""datedTrackCoverage"": 0.9558078602620087}",curated,radio_browser,,f
Radio Paradise World/Etc Mix 320k AAC,radio-paradise-world-etc-mix-320k-aac,,The United States Of America,https://radioparadise.com/,"[""california"", ""eclectic"", ""free"", ""internet"", ""non-commercial"", ""world"", ""world music""]","Radio Paradise streams highly curated, eclectic mixes of music -- chosen by real humans -- with unparalleled audio quality.","{""top"": [{""count"": 296, ""genre"": ""electronic""}, {""count"": 223, ""genre"": ""latin""}, {""count"": 204, ""genre"": ""jazz""}, {""count"": 153, ""genre"": ""rock""}, {""count"": 132, ""genre"": ""downtempo""}, {""count"": 124, ""genre"": ""folk""}, {""count"": 96, ""genre"": ""pop""}, {""count"": 89, ""genre"": ""blues""}], ""totalCount"": 5963, ""unknownCount"": 4857}","{""top"": [{""count"": 296, ""genre"": ""electronic""}, {""count"": 223, ""genre"": ""latin""}, {""count"": 204, ""genre"": ""jazz""}, {""count"": 153, ""genre"": ""rock""}, {""count"": 132, ""genre"": ""downtempo""}, {""count"": 124, ""genre"": ""folk""}, {""count"": 96, ""genre"": ""pop""}, {""count"": 89, ""genre"": ""blues""}], ""updatedAt"": ""2026-09-16T19:19:18.463Z"", ""sampleSize"": 10939, ""windowDays"": 90, ""latestSpinAt"": ""2026-09-16T19:11:05.062Z"", ""excludedCount"": 163, ""genreCoverage"": 0.18554621848739497, ""readinessTier"": ""ready"", ""resolvedCount"": 5950, ""resolutionRate"": 0.5439254045159521, ""datedTrackCount"": 5689, ""genreTaggedCount"": 1104, ""uniqueTrackCount"": 1144, ""uniqueArtistCount"": 718, ""unknownGenreCount"": 4846, ""datedTrackCoverage"": 0.9561344537815126}",curated,radio_browser,,f
Radio Paradise World/Etc Mix FLAC,radio-paradise-world-etc-mix-flac,,The United States Of America,https://radioparadise.com/,"[""california"", ""eclectic"", ""free"", ""internet"", ""non-commercial"", ""world"", ""world music""]","Radio Paradise streams highly curated, eclectic mixes of music -- chosen by real humans -- with unparalleled audio quality.",,"{""top"": [], ""updatedAt"": ""2026-09-16T19:21:00.656Z"", ""sampleSize"": 0, ""windowDays"": 90, ""latestSpinAt"": null, ""excludedCount"": 0, ""genreCoverage"": 0, ""readinessTier"": ""insufficient"", ""resolvedCount"": 0, ""resolutionRate"": 0, ""datedTrackCount"": 0, ""genreTaggedCount"": 0, ""uniqueTrackCount"": 0, ""uniqueArtistCount"": 0, ""unknownGenreCount"": 0, ""datedTrackCoverage"": 0}",curated,radio_browser,,f
Radio Paradise World/etc FLAC+meta,radio-paradise-world-etc-flac-meta,,The United States Of America,http://radioparadise.com/,"[""california"", ""eclectic"", ""free"", ""internet"", ""non-commercial"", ""world"", ""world music""]","Radio Paradise streams highly curated, eclectic mixes of music -- chosen by real humans -- with unparalleled audio quality.","{""top"": [{""count"": 286, ""genre"": ""electronic""}, {""count"": 214, ""genre"": ""latin""}, {""count"": 202, ""genre"": ""jazz""}, {""count"": 148, ""genre"": ""rock""}, {""count"": 128, ""genre"": ""downtempo""}, {""count"": 119, ""genre"": ""folk""}, {""count"": 92, ""genre"": ""pop""}, {""count"": 90, ""genre"": ""blues""}], ""totalCount"": 5830, ""unknownCount"": 4739}","{""top"": [{""count"": 286, ""genre"": ""electronic""}, {""count"": 214, ""genre"": ""latin""}, {""count"": 202, ""genre"": ""jazz""}, {""count"": 148, ""genre"": ""rock""}, {""count"": 128, ""genre"": ""downtempo""}, {""count"": 119, ""genre"": ""folk""}, {""count"": 92, ""genre"": ""pop""}, {""count"": 90, ""genre"": ""blues""}], ""updatedAt"": ""2026-09-16T19:23:06.962Z"", ""sampleSize"": 10717, ""windowDays"": 90, ""latestSpinAt"": ""2026-09-16T19:19:50.569Z"", ""excludedCount"": 163, ""genreCoverage"": 0.18720990201134605, ""readinessTier"": ""ready"", ""resolvedCount"": 5817, ""resolutionRate"": 0.542782495101241, ""datedTrackCount"": 5563, ""genreTaggedCount"": 1089, ""uniqueTrackCount"": 1115, ""uniqueArtistCount"": 702, ""unknownGenreCount"": 4728, ""datedTrackCoverage"": 0.9563348805226062}",curated,radio_browser,,f
Radio Party Mix,radio-party-mix,,Bulgaria,https://pozdravite.net/,"[""folk""]",Радио Парти Микс - да празнуваме заедно!,"{""top"": [], ""totalCount"": 65, ""unknownCount"": 65}","{""top"": [], ""updatedAt"": ""2026-09-16T19:14:31.966Z"", ""sampleSize"": 878, ""windowDays"": 90, ""latestSpinAt"": ""2026-09-09T13:52:44.066Z"", ""excludedCount"": 235, ""genreCoverage"": 0, ""readinessTier"": ""provisional"", ""resolvedCount"": 65, ""resolutionRate"": 0.07403189066059225, ""datedTrackCount"": 58, ""genreTaggedCount"": 0, ""uniqueTrackCount"": 40, ""uniqueArtistCount"": 33, ""unknownGenreCount"": 65, ""datedTrackCoverage"": 0.8923076923076924}",curated,radio_browser,,f
Radio Petrecăretzu,radio-petrec-retzu,,Romania,https://www.radiopetrecaretzu.ro/,"[""etno"", ""folk"", ""muzică de petrecere"", ""muzică populară"", ""petrecere"", ""romanian"", ""romanian folk""]",RadioPetrecaretzu &#8211; Petrece Romaneste! Cea mai adevarata muzica de petrecere 100% live !,"{""top"": [], ""totalCount"": 16, ""unknownCount"": 16}","{""top"": [], ""updatedAt"": ""2026-09-16T19:14:45.476Z"", ""sampleSize"": 288, ""windowDays"": 90, ""latestSpinAt"": ""2026-09-16T10:29:44.625Z"", ""excludedCount"": 448, ""genreCoverage"": 0, ""readinessTier"": ""insufficient"", ""resolvedCount"": 16, ""resolutionRate"": 0.05555555555555555, ""datedTrackCount"": 0, ""genreTaggedCount"": 0, ""uniqueTrackCount"": 1, ""uniqueArtistCount"": 1, ""unknownGenreCount"": 16, ""datedTrackCoverage"": 0}",curated,radio_browser,,f
Radio Poland,radio-poland,,Poland,http://external.polskieradio.pl/,"[""news"", ""poland"", ""talk"", ""world"", ""world news""]",,,"{""top"": [], ""updatedAt"": ""2026-09-16T19:22:57.666Z"", ""sampleSize"": 0, ""windowDays"": 90, ""latestSpinAt"": null, ""excludedCount"": 0, ""genreCoverage"": 0, ""readinessTier"": ""insufficient"", ""resolvedCount"": 0, ""resolutionRate"": 0, ""datedTrackCount"": 0, ""genreTaggedCount"": 0, ""uniqueTrackCount"": 0, ""uniqueArtistCount"": 0, ""unknownGenreCount"": 0, ""datedTrackCoverage"": 0}",curated,radio_browser,,f
Radio Pop 93.3 FM,radio-pop-93-3-fm,,Paraguay,http://radiopop.com.py/,"[""latino"", ""music"", ""pop"", ""world""]",,,"{""top"": [], ""updatedAt"": ""2026-09-16T19:27:51.768Z"", ""sampleSize"": 0, ""windowDays"": 90, ""latestSpinAt"": null, ""excludedCount"": 0, ""genreCoverage"": 0, ""readinessTier"": ""insufficient"", ""resolvedCount"": 0, ""resolutionRate"": 0, ""datedTrackCount"": 0, ""genreTaggedCount"": 0, ""uniqueTrackCount"": 0, ""uniqueArtistCount"": 0, ""unknownGenreCount"": 0, ""datedTrackCoverage"": 0}",curated,radio_browser,,f
Radio Posavina Zagreb,radio-posavina-zagreb,,Bosnia And Herzegovina,https://radioposavina.com/,"[""folk""]",Radio Posavina,"{""top"": [{""count"": 4, ""genre"": ""dance-pop""}], ""totalCount"": 579, ""unknownCount"": 575}","{""top"": [{""count"": 4, ""genre"": ""dance-pop""}], ""updatedAt"": ""2026-09-16T19:14:30.757Z"", ""sampleSize"": 2737, ""windowDays"": 90, ""latestSpinAt"": ""2026-09-16T10:42:11.615Z"", ""excludedCount"": 1, ""genreCoverage"": 0.0069084628670120895, ""readinessTier"": ""provisional"", ""resolvedCount"": 579, ""resolutionRate"": 0.21154548776032153, ""datedTrackCount"": 554, ""genreTaggedCount"": 4, ""uniqueTrackCount"": 87, ""uniqueArtistCount"": 41, ""unknownGenreCount"": 575, ""datedTrackCoverage"": 0.9568221070811744}",curated,radio_browser,,f
Radio Québec International  -- RQI1: Yesterday and Today,radio-qu-bec-international-rqi1-yesterday-and-today,,Canada,http://radioquebecinternational.com/,"[""ethnic"", ""folk"", ""pop""]","Musique québécoise : Radio Québec International diffuse gratuitement en streaming, 100 ans de musique et de chansons du Québec, 24/7",,"{""top"": [], ""updatedAt"": ""2026-09-16T19:29:15.556Z"", ""sampleSize"": 0, ""windowDays"": 90, ""latestSpinAt"": null, ""excludedCount"": 0, ""genreCoverage"": 0, ""readinessTier"": ""insufficient"", ""resolvedCount"": 0, ""resolutionRate"": 0, ""datedTrackCount"": 0, ""genreTaggedCount"": 0, ""uniqueTrackCount"": 0, ""uniqueArtistCount"": 0, ""unknownGenreCount"": 0, ""datedTrackCoverage"": 0}",curated,radio_browser,,f
Radio RBS,radio-rbs,,France,https://www.radiorbs.com/,"[""electro"", ""funk"", ""hiphop"", ""house"", ""world"", ""world music""]","Fondée en 1980, Radio Bienvenue Strasbourg émet 24h/24 en modulation de fréquence et en streaming sur Internet. La programmation est composée d&#039;émissions musicales à tendance urbaines et d&#039;éditoriaux de proximité axés sur la culture, des questions de citoyenneté et plus",,"{""top"": [], ""updatedAt"": ""2026-09-16T19:21:22.457Z"", ""sampleSize"": 0, ""windowDays"": 90, ""latestSpinAt"": null, ""excludedCount"": 0, ""genreCoverage"": 0, ""readinessTier"": ""insufficient"", ""resolvedCount"": 0, ""resolutionRate"": 0, ""datedTrackCount"": 0, ""genreTaggedCount"": 0, ""uniqueTrackCount"": 0, ""uniqueArtistCount"": 0, ""unknownGenreCount"": 0, ""datedTrackCoverage"": 0}",curated,radio_browser,,f
Radio Rabenwind,radio-rabenwind,,Germany,https://laut.fm/rabenwind,"[""celtic"", ""folk"", ""gothic"", ""medieval"", ""mittelalter""]",,,"{""top"": [], ""updatedAt"": ""2026-09-16T19:28:18.066Z"", ""sampleSize"": 0, ""windowDays"": 90, ""latestSpinAt"": null, ""excludedCount"": 0, ""genreCoverage"": 0, ""readinessTier"": ""insufficient"", ""resolvedCount"": 0, ""resolutionRate"": 0, ""datedTrackCount"": 0, ""genreTaggedCount"": 0, ""uniqueTrackCount"": 0, ""uniqueArtistCount"": 0, ""unknownGenreCount"": 0, ""datedTrackCoverage"": 0}",curated,radio_browser,,f
Radio Retro Folk,radio-retro-folk,,Bulgaria,,"[""folk""]",,"{""top"": [], ""totalCount"": 5, ""unknownCount"": 5}","{""top"": [], ""updatedAt"": ""2026-09-16T19:14:47.776Z"", ""sampleSize"": 48, ""windowDays"": 90, ""latestSpinAt"": ""2026-07-26T00:45:36.458Z"", ""excludedCount"": 7, ""genreCoverage"": 0, ""readinessTier"": ""insufficient"", ""resolvedCount"": 5, ""resolutionRate"": 0.10416666666666667, ""datedTrackCount"": 5, ""genreTaggedCount"": 0, ""uniqueTrackCount"": 5, ""uniqueArtistCount"": 5, ""unknownGenreCount"": 5, ""datedTrackCoverage"": 1}",curated,radio_browser,,f
Radio Ritmo 97.3 FM,radio-ritmo-97-3-fm,,Bolivia,https://radioritmobolivia.com/,"[""80s"", ""90s"", ""classic hits"", ""classic rock"", ""clásicos en español"", ""culture"", ""entertainment"", ""entretenimiento"", ""folclore"", ""folk"", ""folklore"", ""interviews"", ""latin music"", ""latin pop"", ""música en español"", ""música en español e inglés"", ""news"", ""podcast"", ""pop"", ""pop en español e inglés"", ""rock"", ""rock en español"", ""sports""]","Escucha Radio Ritmo 97.3 FM.... Donde toca tu música. Cochabamba - Bolivia, Descarga nuestra aplicación para Android. Misión EDUCAR, INFORMAR Y ENTRETENER","{""top"": [], ""totalCount"": 3, ""unknownCount"": 3}","{""top"": [], ""updatedAt"": ""2026-09-16T19:24:30.757Z"", ""sampleSize"": 0, ""windowDays"": 90, ""latestSpinAt"": null, ""excludedCount"": 251, ""genreCoverage"": 0, ""readinessTier"": ""insufficient"", ""resolvedCount"": 0, ""resolutionRate"": 0, ""datedTrackCount"": 0, ""genreTaggedCount"": 0, ""uniqueTrackCount"": 0, ""uniqueArtistCount"": 0, ""unknownGenreCount"": 0, ""datedTrackCoverage"": 0}",curated,radio_browser,,f
Radio Romania Actualități,radio-romania-actualit-i,,Romania,http://www.romania-actualitati.ro/,"[""folk"", ""news"", ""pop"", ""talk""]",Radio Romania Actualitati site oficial,,"{""top"": [], ""updatedAt"": ""2026-09-16T19:13:21.962Z"", ""sampleSize"": 3, ""windowDays"": 90, ""latestSpinAt"": ""2026-07-09T19:18:37.350Z"", ""excludedCount"": 0, ""genreCoverage"": 0, ""readinessTier"": ""insufficient"", ""resolvedCount"": 0, ""resolutionRate"": 0, ""datedTrackCount"": 0, ""genreTaggedCount"": 0, ""uniqueTrackCount"": 0, ""uniqueArtistCount"": 0, ""unknownGenreCount"": 0, ""datedTrackCoverage"": 0}",curated,radio_browser,,f
Radio SAR - Studencka Agencja Radiowa,radio-sar-studencka-agencja-radiowa,,Poland,https://radiosar.pl/,"[""blues"", ""gdansk"", ""jazz"", ""metal"", ""poland"", ""polish"", ""politechnika gdanska"", ""pop"", ""rock"", ""student"", ""student radio"", ""world"", ""world music""]",Radio SAR &#8211; Rozgrzewamy łącza od 1962 roku!,"{""top"": [{""count"": 317, ""genre"": ""electronic""}, {""count"": 297, ""genre"": ""ambient""}, {""count"": 257, ""genre"": ""classical""}, {""count"": 175, ""genre"": ""rock""}, {""count"": 162, ""genre"": ""modern classical""}, {""count"": 135, ""genre"": ""pop""}, {""count"": 134, ""genre"": ""classical crossover""}, {""count"": 87, ""genre"": ""dark ambient""}], ""totalCount"": 5076, ""unknownCount"": 4229}","{""top"": [{""count"": 317, ""genre"": ""electronic""}, {""count"": 297, ""genre"": ""ambient""}, {""count"": 257, ""genre"": ""classical""}, {""count"": 175, ""genre"": ""rock""}, {""count"": 162, ""genre"": ""modern classical""}, {""count"": 135, ""genre"": ""pop""}, {""count"": 134, ""genre"": ""classical crossover""}, {""count"": 87, ""genre"": ""dark ambient""}], ""updatedAt"": ""2026-09-16T19:19:48.775Z"", ""sampleSize"": 6491, ""windowDays"": 90, ""latestSpinAt"": ""2026-09-16T19:18:41.881Z"", ""excludedCount"": 174, ""genreCoverage"": 0.16709410140067074, ""readinessTier"": ""ready"", ""resolvedCount"": 5069, ""resolutionRate"": 0.7809274379910646, ""datedTrackCount"": 4722, ""genreTaggedCount"": 847, ""uniqueTrackCount"": 780, ""uniqueArtistCount"": 180, ""unknownGenreCount"": 4222, ""datedTrackCoverage"": 0.9315446833695009}",curated,radio_browser,,f
Radio Samobor,radio-samobor,,Croatia,http://www.radiosamobor.hr/,"[""folk"", ""local news"", ""pop""]",Aktualno edit post Vijesti Nova školska zgrada i dvorana koju će uskoro ispuniti 400 učenika Autor Zrinka Planinčić Gošić 31.,"{""top"": [], ""totalCount"": 46, ""unknownCount"": 46}","{""top"": [], ""updatedAt"": ""2026-09-16T19:25:20.066Z"", ""sampleSize"": 2949, ""windowDays"": 90, ""latestSpinAt"": ""2026-09-16T19:22:58.959Z"", ""excludedCount"": 3, ""genreCoverage"": 0, ""readinessTier"": ""provisional"", ""resolvedCount"": 46, ""resolutionRate"": 0.015598507968802983, ""datedTrackCount"": 0, ""genreTaggedCount"": 0, ""uniqueTrackCount"": 37, ""uniqueArtistCount"": 37, ""unknownGenreCount"": 46, ""datedTrackCoverage"": 0}",curated,radio_browser,,f
Radio Sehara,radio-sehara,,Bosnia And Herzegovina,https://radiosehara.net/,"[""bosnia"", ""folk"", ""zabavna - narodna""]",Radio Sehara - Slušajte najbolju narodnu i zabavnu muziku uživo. Vaš radio broj 1 na internetu.,"{""top"": [], ""totalCount"": 590, ""unknownCount"": 590}","{""top"": [], ""updatedAt"": ""2026-09-16T19:22:07.756Z"", ""sampleSize"": 2451, ""windowDays"": 90, ""latestSpinAt"": ""2026-09-16T11:32:30.921Z"", ""excludedCount"": 1, ""genreCoverage"": 0, ""readinessTier"": ""provisional"", ""resolvedCount"": 590, ""resolutionRate"": 0.24071807425540595, ""datedTrackCount"": 542, ""genreTaggedCount"": 0, ""uniqueTrackCount"": 469, ""uniqueArtistCount"": 148, ""unknownGenreCount"": 590, ""datedTrackCoverage"": 0.9186440677966101}",curated,radio_browser,,f
Radio Sladko Izkushenie,radio-sladko-izkushenie,,Bulgaria,,"[""folk""]",,,"{""top"": [], ""updatedAt"": ""2026-09-16T19:23:19.470Z"", ""sampleSize"": 1101, ""windowDays"": 90, ""latestSpinAt"": ""2026-09-16T11:32:31.330Z"", ""excludedCount"": 1430, ""genreCoverage"": 0, ""readinessTier"": ""insufficient"", ""resolvedCount"": 0, ""resolutionRate"": 0, ""datedTrackCount"": 0, ""genreTaggedCount"": 0, ""uniqueTrackCount"": 0, ""uniqueArtistCount"": 0, ""unknownGenreCount"": 0, ""datedTrackCoverage"": 0}",curated,radio_browser,,f
Radio Tell,radio-tell,,Switzerland,http://www.radiotell.ch/,"[""folk"", ""folklore"", ""volksmusik""]",,"{""top"": [], ""totalCount"": 146, ""unknownCount"": 146}","{""top"": [], ""updatedAt"": ""2026-09-16T19:14:15.059Z"", ""sampleSize"": 3704, ""windowDays"": 90, ""latestSpinAt"": ""2026-09-16T19:11:40.456Z"", ""excludedCount"": 263, ""genreCoverage"": 0, ""readinessTier"": ""provisional"", ""resolvedCount"": 127, ""resolutionRate"": 0.034287257019438445, ""datedTrackCount"": 53, ""genreTaggedCount"": 0, ""uniqueTrackCount"": 121, ""uniqueArtistCount"": 106, ""unknownGenreCount"": 127, ""datedTrackCoverage"": 0.41732283464566927}",curated,radio_browser,,f
Radio Underground,radio-underground,,Poland,http://www.radiounderground.org/,"[""independent music"", ""metal"", ""polska"", ""post-punk"", ""punk"", ""punk rock"", ""punkowe radio"", ""radio underground"", ""reggae"", ""ska""]",PUNKOWE RADIO UNDERGROUND. Muzyka Punk z lat,"{""top"": [{""count"": 124, ""genre"": ""punk""}, {""count"": 124, ""genre"": ""rock""}, {""count"": 15, ""genre"": ""alternative rock""}, {""count"": 14, ""genre"": ""reggae""}, {""count"": 13, ""genre"": ""punk rock""}, {""count"": 8, ""genre"": ""ska""}, {""count"": 6, ""genre"": ""new wave""}, {""count"": 5, ""genre"": ""hardcore punk""}], ""totalCount"": 1649, ""unknownCount"": 1516}","{""top"": [{""count"": 124, ""genre"": ""punk""}, {""count"": 124, ""genre"": ""rock""}, {""count"": 15, ""genre"": ""alternative rock""}, {""count"": 14, ""genre"": ""reggae""}, {""count"": 13, ""genre"": ""punk rock""}, {""count"": 8, ""genre"": ""ska""}, {""count"": 6, ""genre"": ""new wave""}, {""count"": 5, ""genre"": ""hardcore punk""}], ""updatedAt"": ""2026-09-16T19:17:25.060Z"", ""sampleSize"": 4646, ""windowDays"": 90, ""latestSpinAt"": ""2026-09-16T19:15:28.607Z"", ""excludedCount"": 34, ""genreCoverage"": 0.07982937233394272, ""readinessTier"": ""ready"", ""resolvedCount"": 1641, ""resolutionRate"": 0.3532070598364184, ""datedTrackCount"": 1538, ""genreTaggedCount"": 131, ""uniqueTrackCount"": 1013, ""uniqueArtistCount"": 524, ""unknownGenreCount"": 1510, ""datedTrackCoverage"": 0.9372333942717855}",curated,radio_browser,,f
Radio Veronika,radio-veronika,,Bulgaria,https://www.radioveronika.bg/,"[""etno"", ""folk"", ""pop-folk"", ""етно"", ""поп-фолк""]","Радио Вероника излъчва в музикален формат хитове с етно насоченост. Интересното в радиомрежата е, че поставя музиката от Балканския регион, Близкия...","{""top"": [{""count"": 27, ""genre"": ""pop""}, {""count"": 22, ""genre"": ""dance""}, {""count"": 18, ""genre"": ""club""}, {""count"": 18, ""genre"": ""eurodance""}, {""count"": 12, ""genre"": ""latin""}, {""count"": 11, ""genre"": ""electronic""}, {""count"": 11, ""genre"": ""europop""}, {""count"": 11, ""genre"": ""hard rock""}], ""totalCount"": 1910, ""unknownCount"": 1851}","{""top"": [{""count"": 27, ""genre"": ""pop""}, {""count"": 22, ""genre"": ""dance""}, {""count"": 18, ""genre"": ""club""}, {""count"": 18, ""genre"": ""eurodance""}, {""count"": 12, ""genre"": ""latin""}, {""count"": 11, ""genre"": ""electronic""}, {""count"": 11, ""genre"": ""europop""}, {""count"": 11, ""genre"": ""hard rock""}], ""updatedAt"": ""2026-09-16T19:13:52.976Z"", ""sampleSize"": 5758, ""windowDays"": 90, ""latestSpinAt"": ""2026-09-16T19:12:48.468Z"", ""excludedCount"": 1949, ""genreCoverage"": 0.03123345685547909, ""readinessTier"": ""ready"", ""resolvedCount"": 1889, ""resolutionRate"": 0.3280653004515457, ""datedTrackCount"": 1811, ""genreTaggedCount"": 59, ""uniqueTrackCount"": 169, ""uniqueArtistCount"": 95, ""unknownGenreCount"": 1830, ""datedTrackCoverage"": 0.9587083112758074}",curated,radio_browser,,f
Radio Zica,radio-zica,,Slovenia,http://radiozica.eu/,"[""alternative"", ""ambiental"", ""blues"", ""classic rock"", ""funk"", ""psychedelic"", ""psychedelic rock"", ""rock""]",Radio Žica &#8211; &#8230; je špica!,,"{""top"": [], ""updatedAt"": ""2026-09-16T19:16:20.581Z"", ""sampleSize"": 0, ""windowDays"": 90, ""latestSpinAt"": null, ""excludedCount"": 0, ""genreCoverage"": 0, ""readinessTier"": ""insufficient"", ""resolvedCount"": 0, ""resolutionRate"": 0, ""datedTrackCount"": 0, ""genreTaggedCount"": 0, ""uniqueTrackCount"": 0, ""uniqueArtistCount"": 0, ""unknownGenreCount"": 0, ""datedTrackCoverage"": 0}",curated,radio_browser,,f
Radio Znin FM,radio-znin-fm,,Poland,http://www.radioznin.fm/,"[""world"", ""world music""]","Radio Żnin FM - wiadomości, audycje, muzyka, reklama. Słuchaj nas na 96 FM.",,"{""top"": [], ""updatedAt"": ""2026-09-16T19:27:26.466Z"", ""sampleSize"": 0, ""windowDays"": 90, ""latestSpinAt"": null, ""excludedCount"": 0, ""genreCoverage"": 0, ""readinessTier"": ""insufficient"", ""resolvedCount"": 0, ""resolutionRate"": 0, ""datedTrackCount"": 0, ""genreTaggedCount"": 0, ""uniqueTrackCount"": 0, ""uniqueArtistCount"": 0, ""unknownGenreCount"": 0, ""datedTrackCoverage"": 0}",curated,radio_browser,,f
Radio Zodiac Ireland,radio-zodiac-ireland,,Ireland,http://www.radiozodiac.com/,"[""60s"", ""70s"", ""80s"", ""90s"", ""alternative"", ""indie"", ""music"", ""new wave"", ""punk"", ""reggae"", ""rock""]",,,"{""top"": [], ""updatedAt"": ""2026-09-16T19:18:24.666Z"", ""sampleSize"": 0, ""windowDays"": 90, ""latestSpinAt"": null, ""excludedCount"": 0, ""genreCoverage"": 0, ""readinessTier"": ""insufficient"", ""resolvedCount"": 0, ""resolutionRate"": 0, ""datedTrackCount"": 0, ""genreTaggedCount"": 0, ""uniqueTrackCount"": 0, ""uniqueArtistCount"": 0, ""unknownGenreCount"": 0, ""datedTrackCoverage"": 0}",curated,radio_browser,,f
Radio stubica,radio-stubica,,Croatia,https://radio-stubica.hr/,"[""folk"", ""folklore"", ""pop music""]","Dobrodošli Radio Stubica Slušaj uživo Gledaj uživo Vijesti Pogledajte više Sport Pogledajte više Život Pogledajte više Tvoj radio, tvoj ritam. Od jutarnjih vijesti do večernje glazbe – uvijek smo uz tebe. Slušaj uživo Gledaj uživo Oglasi Mali oglasi060 606-707 cijena poziva:fiksn",,"{""top"": [], ""updatedAt"": ""2026-09-16T19:14:58.559Z"", ""sampleSize"": 0, ""windowDays"": 90, ""latestSpinAt"": null, ""excludedCount"": 0, ""genreCoverage"": 0, ""readinessTier"": ""insufficient"", ""resolvedCount"": 0, ""resolutionRate"": 0, ""datedTrackCount"": 0, ""genreTaggedCount"": 0, ""uniqueTrackCount"": 0, ""uniqueArtistCount"": 0, ""unknownGenreCount"": 0, ""datedTrackCoverage"": 0}",curated,radio_browser,,f
RadioActive,radioactive,,Greece,https://radioactivefm.gr/,"[""eclectic"", ""electronic"", ""rock"", ""world"", ""world music""]",RadioActive Official &#8211; A Small Radio Station &#8230; A Huge Fan Club,"{""top"": [{""count"": 52, ""genre"": ""electronic""}, {""count"": 44, ""genre"": ""jazz""}, {""count"": 38, ""genre"": ""rock""}, {""count"": 35, ""genre"": ""soul""}, {""count"": 33, ""genre"": ""pop""}, {""count"": 22, ""genre"": ""downtempo""}, {""count"": 19, ""genre"": ""alternative rock""}, {""count"": 16, ""genre"": ""classic rock""}], ""totalCount"": 1690, ""unknownCount"": 1494}","{""top"": [{""count"": 52, ""genre"": ""electronic""}, {""count"": 44, ""genre"": ""jazz""}, {""count"": 37, ""genre"": ""rock""}, {""count"": 35, ""genre"": ""soul""}, {""count"": 33, ""genre"": ""pop""}, {""count"": 22, ""genre"": ""downtempo""}, {""count"": 19, ""genre"": ""alternative rock""}, {""count"": 16, ""genre"": ""funk""}], ""updatedAt"": ""2026-09-16T19:24:17.069Z"", ""sampleSize"": 3460, ""windowDays"": 90, ""latestSpinAt"": ""2026-09-16T19:20:32.540Z"", ""excludedCount"": 63, ""genreCoverage"": 0.11614055985705778, ""readinessTier"": ""ready"", ""resolvedCount"": 1679, ""resolutionRate"": 0.48526011560693644, ""datedTrackCount"": 1348, ""genreTaggedCount"": 195, ""uniqueTrackCount"": 1348, ""uniqueArtistCount"": 1109, ""unknownGenreCount"": 1484, ""datedTrackCoverage"": 0.8028588445503275}",curated,radio_browser,,f
"RadioMás (Orizaba) - 105.5 FM - XHOBA-FM - RTV (Radio Televisión de Veracruz) - La Perla / Orizaba, VE",radiom-s-orizaba-105-5-fm-xhoba-fm-rtv-radio-televisi-n-de-veracruz-la-perla-orizaba-ve,,Mexico,http://radiomas.mx/,"[""world"", ""105.5"", ""105.5 fm"", ""cordoba"", ""córdoba"", ""estación"", ""fm"", ""fortín de las flores"", ""gobierno del estado de veracruz"", ""ixhuatlancillo"", ""mex"", ""mexico"", ""music"", ""musica"", ""musica del mundo"", ""musica variada"", ""mx"", ""méxico"", ""música"", ""música variada"", ""orizaba"", ""radio"", ""radio televisión de veracruz"", ""radiomás"", ""rtv radio televisión de veracruz"", ""san rafael"", ""variada"", ""variado"", ""variados"", ""variedad"", ""variety"", ""varios"", ""various"", ""veracruz"", ""world music""]","Mantente enterado de nuestra programación, conoce nuestros programas, locutores, enterate de las últimas noticias de cada programa, albums fotográficos, escucha en línea la radio de los veracruzanos.",,"{""top"": [], ""updatedAt"": ""2026-09-16T19:28:06.356Z"", ""sampleSize"": 0, ""windowDays"": 90, ""latestSpinAt"": null, ""excludedCount"": 0, ""genreCoverage"": 0, ""readinessTier"": ""insufficient"", ""resolvedCount"": 0, ""resolutionRate"": 0, ""datedTrackCount"": 0, ""genreTaggedCount"": 0, ""uniqueTrackCount"": 0, ""uniqueArtistCount"": 0, ""unknownGenreCount"": 0, ""datedTrackCoverage"": 0}",curated,radio_browser,,f
Radyo A (Radyo Anadolu Üniversitesi),radyo-a-radyo-anadolu-niversitesi,,Türkiye,http://www.radyoa.anadolu.edu.tr/,"[""blues"", ""folk"", ""pop rock"", ""university radio""]",,"{""top"": [{""count"": 247, ""genre"": ""pop""}, {""count"": 165, ""genre"": ""rock""}, {""count"": 81, ""genre"": ""alternative rock""}, {""count"": 69, ""genre"": ""indie rock""}, {""count"": 58, ""genre"": ""electronic""}, {""count"": 53, ""genre"": ""pop rock""}, {""count"": 46, ""genre"": ""indie pop""}, {""count"": 41, ""genre"": ""dance""}], ""totalCount"": 3060, ""unknownCount"": 2509}","{""top"": [{""count"": 246, ""genre"": ""pop""}, {""count"": 165, ""genre"": ""rock""}, {""count"": 81, ""genre"": ""alternative rock""}, {""count"": 69, ""genre"": ""indie rock""}, {""count"": 57, ""genre"": ""electronic""}, {""count"": 53, ""genre"": ""pop rock""}, {""count"": 45, ""genre"": ""indie pop""}, {""count"": 41, ""genre"": ""dance""}], ""updatedAt"": ""2026-09-16T19:13:17.057Z"", ""sampleSize"": 4293, ""windowDays"": 90, ""latestSpinAt"": ""2026-09-16T19:09:30.758Z"", ""excludedCount"": 16, ""genreCoverage"": 0.1802687643395608, ""readinessTier"": ""ready"", ""resolvedCount"": 3051, ""resolutionRate"": 0.710691823899371, ""datedTrackCount"": 2879, ""genreTaggedCount"": 550, ""uniqueTrackCount"": 1828, ""uniqueArtistCount"": 1331, ""unknownGenreCount"": 2501, ""datedTrackCoverage"": 0.9436250409701737}",curated,radio_browser,,f
Radyo Tipiti,radyo-tipiti,,Haiti,https://tipiti.biz/,"[""world"", ""world music""]",Hommage à Kerl Pétion EN DIRECT Radyo Tipiti Écoute en haute qualité Votre navigateur ne&#8230;,"{""top"": [{""count"": 10, ""genre"": ""latin""}, {""count"": 7, ""genre"": ""jazz""}, {""count"": 3, ""genre"": ""electronic""}, {""count"": 3, ""genre"": ""pop rock""}, {""count"": 3, ""genre"": ""punk""}, {""count"": 3, ""genre"": ""rock""}], ""totalCount"": 512, ""unknownCount"": 499}","{""top"": [{""count"": 10, ""genre"": ""latin""}, {""count"": 7, ""genre"": ""jazz""}, {""count"": 3, ""genre"": ""electronic""}, {""count"": 3, ""genre"": ""pop rock""}, {""count"": 3, ""genre"": ""punk""}, {""count"": 3, ""genre"": ""rock""}], ""updatedAt"": ""2026-09-16T19:21:20.157Z"", ""sampleSize"": 3866, ""windowDays"": 90, ""latestSpinAt"": ""2026-09-16T19:17:53.168Z"", ""excludedCount"": 236, ""genreCoverage"": 0.025440313111545987, ""readinessTier"": ""ready"", ""resolvedCount"": 511, ""resolutionRate"": 0.1321779617175375, ""datedTrackCount"": 386, ""genreTaggedCount"": 13, ""uniqueTrackCount"": 125, ""uniqueArtistCount"": 62, ""unknownGenreCount"": 498, ""datedTrackCoverage"": 0.7553816046966731}",curated,radio_browser,,f
Radyo Şiran,radyo-iran,,Türkiye,https://live.radyositesihazir.com/8078/stream,"[""folk""]",,"{""top"": [], ""totalCount"": 123, ""unknownCount"": 123}","{""top"": [], ""updatedAt"": ""2026-09-16T19:14:13.864Z"", ""sampleSize"": 2618, ""windowDays"": 90, ""latestSpinAt"": ""2026-09-16T11:32:49.717Z"", ""excludedCount"": 171, ""genreCoverage"": 0, ""readinessTier"": ""provisional"", ""resolvedCount"": 123, ""resolutionRate"": 0.046982429335370515, ""datedTrackCount"": 91, ""genreTaggedCount"": 0, ""uniqueTrackCount"": 81, ""uniqueArtistCount"": 46, ""unknownGenreCount"": 123, ""datedTrackCoverage"": 0.7398373983739838}",curated,radio_browser,,f
Rap House | NTS,rap-house-nts,,,https://www.nts.live/infinite-mixtapes/rap-house,"[""drill"", ""experimental"", ""rap"", ""trap""]",808s and champagne.,,"{""top"": [], ""updatedAt"": ""2026-09-16T19:15:17.956Z"", ""sampleSize"": 0, ""windowDays"": 90, ""latestSpinAt"": null, ""excludedCount"": 0, ""genreCoverage"": 0, ""readinessTier"": ""insufficient"", ""resolvedCount"": 0, ""resolutionRate"": 0, ""datedTrackCount"": 0, ""genreTaggedCount"": 0, ""uniqueTrackCount"": 0, ""uniqueArtistCount"": 0, ""unknownGenreCount"": 0, ""datedTrackCoverage"": 0}",curated,radio_browser,,f
RauteMusik K-POP,rautemusik-k-pop,,Germany,https://rm.fm/k-pop,"[""#"", ""#charts"", ""asian"", ""asian pop"", ""charts"", ""hits"", ""k-pop"", ""korean"", ""korean music"", ""música pop"", ""pop"", ""pop music"", ""top charts"", ""world"", ""world music""]",Webradio - Internetradio - RauteMusik,,"{""top"": [], ""updatedAt"": ""2026-09-16T19:22:20.958Z"", ""sampleSize"": 0, ""windowDays"": 90, ""latestSpinAt"": null, ""excludedCount"": 0, ""genreCoverage"": 0, ""readinessTier"": ""insufficient"", ""resolvedCount"": 0, ""resolutionRate"": 0, ""datedTrackCount"": 0, ""genreTaggedCount"": 0, ""uniqueTrackCount"": 0, ""uniqueArtistCount"": 0, ""unknownGenreCount"": 0, ""datedTrackCoverage"": 0}",curated,radio_browser,,f
RauteMusik Lounge,rautemusik-lounge,,Germany,http://www.rautemusik.fm/lounge/,"[""ambient"", ""chillout"", ""jazz""]",Webradio - Internetradio - RauteMusik,,"{""top"": [], ""updatedAt"": ""2026-09-16T19:24:48.156Z"", ""sampleSize"": 0, ""windowDays"": 90, ""latestSpinAt"": null, ""excludedCount"": 0, ""genreCoverage"": 0, ""readinessTier"": ""insufficient"", ""resolvedCount"": 0, ""resolutionRate"": 0, ""datedTrackCount"": 0, ""genreTaggedCount"": 0, ""uniqueTrackCount"": 0, ""uniqueArtistCount"": 0, ""unknownGenreCount"": 0, ""datedTrackCoverage"": 0}",curated,radio_browser,,f
Real World Sounds,real-world-sounds,,The United Kingdom Of Great Britain And Northern Ireland,https://www.internet-radio.com/,"[""internetradiodotcom"", ""melatonin"", ""realworld"", ""seashellradio"", ""sleepingpill"", ""soundscape"", ""thimbleradio"", ""world""]",Listen to music from thousands of internet radio stations streaming live right now. Search or browse all your favourite music genres.,"{""top"": [], ""totalCount"": 1, ""unknownCount"": 1}","{""top"": [], ""updatedAt"": ""2026-09-16T19:25:20.767Z"", ""sampleSize"": 0, ""windowDays"": 90, ""latestSpinAt"": null, ""excludedCount"": 1, ""genreCoverage"": 0, ""readinessTier"": ""insufficient"", ""resolvedCount"": 0, ""resolutionRate"": 0, ""datedTrackCount"": 0, ""genreTaggedCount"": 0, ""uniqueTrackCount"": 0, ""uniqueArtistCount"": 0, ""unknownGenreCount"": 0, ""datedTrackCoverage"": 0}",curated,radio_browser,,f
Refuge Worldwide,refuge-worldwide,Refuge Worldwide,DE,https://refugeworldwide.com,"[""indie"", ""specialist""]",Refuge Worldwide is a community radio station and fundraising platform based in Berlin.,"{""top"": [], ""totalCount"": 11, ""unknownCount"": 11}","{""top"": [], ""updatedAt"": ""2026-09-16T19:24:47.560Z"", ""sampleSize"": 555, ""windowDays"": 90, ""latestSpinAt"": ""2026-09-16T08:05:52.922Z"", ""excludedCount"": 40, ""genreCoverage"": 0, ""readinessTier"": ""insufficient"", ""resolvedCount"": 11, ""resolutionRate"": 0.01981981981981982, ""datedTrackCount"": 0, ""genreTaggedCount"": 0, ""uniqueTrackCount"": 8, ""uniqueArtistCount"": 8, ""unknownGenreCount"": 11, ""datedTrackCoverage"": 0}",community,curated,,f
Relevant Radio,relevant-radio,,The United States Of America,https://relevantradio.com/,"[""bible"", ""bible teaching"", ""books"", ""catholic"", ""catholic radio"", ""catholic talk"", ""christian"", ""christian talk"", ""church"", ""cultural news"", ""god"", ""hope"", ""international news"", ""local news"", ""news"", ""news talk"", ""orthodox"", ""orthodox christian"", ""orthodox church"", ""religion"", ""religious"", ""spiritual"", ""talk"", ""talk radio"", ""world"", ""world news""]","Relevant Radio, Drew Mariani, Patrick Madrid, Fr. Simon, Family Rosary Across America, Cale Clarke, Timmerie Geagea, John Morales, Glen Lewerenz.",,"{""top"": [], ""updatedAt"": ""2026-09-16T19:22:41.759Z"", ""sampleSize"": 0, ""windowDays"": 90, ""latestSpinAt"": null, ""excludedCount"": 0, ""genreCoverage"": 0, ""readinessTier"": ""insufficient"", ""resolvedCount"": 0, ""resolutionRate"": 0, ""datedTrackCount"": 0, ""genreTaggedCount"": 0, ""uniqueTrackCount"": 0, ""uniqueArtistCount"": 0, ""unknownGenreCount"": 0, ""datedTrackCoverage"": 0}",curated,radio_browser,mixed,f
Replay News,replay-news,,France,https://www.replaynews.net/,"[""economic news"", ""information"", ""news talk"", ""world"", ""world news""]",REPLAY NEWS - La radio de l'info toutes les 5 minutes,,"{""top"": [], ""updatedAt"": ""2026-09-16T19:21:18.560Z"", ""sampleSize"": 0, ""windowDays"": 90, ""latestSpinAt"": null, ""excludedCount"": 0, ""genreCoverage"": 0, ""readinessTier"": ""insufficient"", ""resolvedCount"": 0, ""resolutionRate"": 0, ""datedTrackCount"": 0, ""genreTaggedCount"": 0, ""uniqueTrackCount"": 0, ""uniqueArtistCount"": 0, ""unknownGenreCount"": 0, ""datedTrackCoverage"": 0}",curated,radio_browser,,f
Resonance Extra,resonance-extra,,The United Kingdom Of Great Britain And Northern Ireland,https://extra.resonance.fm/,"[""experimental"", ""global"", ""sound art""]","Resonance Extra is a 24/7 digital broadcasting platform dedicated to global music, sound art and radio art based at Resonance, London",,"{""top"": [], ""updatedAt"": ""2026-09-16T19:15:29.158Z"", ""sampleSize"": 0, ""windowDays"": 90, ""latestSpinAt"": null, ""excludedCount"": 0, ""genreCoverage"": 0, ""readinessTier"": ""insufficient"", ""resolvedCount"": 0, ""resolutionRate"": 0, ""datedTrackCount"": 0, ""genreTaggedCount"": 0, ""uniqueTrackCount"": 0, ""uniqueArtistCount"": 0, ""unknownGenreCount"": 0, ""datedTrackCoverage"": 0}",curated,radio_browser,,f
Resonance FM 104.4 - London,resonance-fm-104-4-london,,The United Kingdom Of Great Britain And Northern Ireland,https://www.resonancefm.com/,"[""community radio"", ""experimental"", ""london""]","Resonance is a groundbreaking 24/7 radio station which broadcasts on 104.4 FM to central London, DAB to Greater London, nationally on Radioplayer and live streamed to the rest of the world",,"{""top"": [], ""updatedAt"": ""2026-09-16T19:15:18.656Z"", ""sampleSize"": 0, ""windowDays"": 90, ""latestSpinAt"": null, ""excludedCount"": 0, ""genreCoverage"": 0, ""readinessTier"": ""insufficient"", ""resolvedCount"": 0, ""resolutionRate"": 0, ""datedTrackCount"": 0, ""genreTaggedCount"": 0, ""uniqueTrackCount"": 0, ""uniqueArtistCount"": 0, ""unknownGenreCount"": 0, ""datedTrackCoverage"": 0}",curated,radio_browser,mixed,f
Rinse FM,rinse-fm,Rinse FM,GB,https://rinse.fm,"[""anchor"", ""specialist""]",Rinse has dominated London’s radio airwaves for 30 years as a hub of the capital’s thriving urban music community,,"{""top"": [], ""updatedAt"": ""2026-09-16T19:24:47.259Z"", ""sampleSize"": 0, ""windowDays"": 90, ""latestSpinAt"": null, ""excludedCount"": 6, ""genreCoverage"": 0, ""readinessTier"": ""insufficient"", ""resolvedCount"": 0, ""resolutionRate"": 0, ""datedTrackCount"": 0, ""genreTaggedCount"": 0, ""uniqueTrackCount"": 0, ""uniqueArtistCount"": 0, ""unknownGenreCount"": 0, ""datedTrackCoverage"": 0}",community,curated,mixed,f
Russia Today Germany,russia-today-germany,,Germany,https://de.rt.com/,"[""ard"", ""bbc world news"", ""deutsche welle"", ""deutschland"", ""dw deutsch"", ""dw english"", ""germany"", ""iptv"", ""livestream"", ""rt de"", ""rt deutsch"", ""russia today"", ""world"", ""zdf""]",Aktuelle Nachrichten des Tages auf der RT DE Webseite. Tägliche Updates der wichtigsten Nachrichten aus aller Welt – rund um die Uhr.,,"{""top"": [], ""updatedAt"": ""2026-09-16T19:24:18.261Z"", ""sampleSize"": 0, ""windowDays"": 90, ""latestSpinAt"": null, ""excludedCount"": 0, ""genreCoverage"": 0, ""readinessTier"": ""insufficient"", ""resolvedCount"": 0, ""resolutionRate"": 0, ""datedTrackCount"": 0, ""genreTaggedCount"": 0, ""uniqueTrackCount"": 0, ""uniqueArtistCount"": 0, ""unknownGenreCount"": 0, ""datedTrackCoverage"": 0}",curated,radio_browser,,f
Rusyn FM,rusyn-fm,,Slovakia,https://www.rusyn.fm/play/,"[""ethnic programming"", ""folk""]",rusyn FM - live :),,"{""top"": [], ""updatedAt"": ""2026-09-16T19:27:41.079Z"", ""sampleSize"": 0, ""windowDays"": 90, ""latestSpinAt"": null, ""excludedCount"": 0, ""genreCoverage"": 0, ""readinessTier"": ""insufficient"", ""resolvedCount"": 0, ""resolutionRate"": 0, ""datedTrackCount"": 0, ""genreTaggedCount"": 0, ""uniqueTrackCount"": 0, ""uniqueArtistCount"": 0, ""unknownGenreCount"": 0, ""datedTrackCoverage"": 0}",curated,radio_browser,,f
Rádio Amália,r-dio-am-lia,,Portugal,http://www.amalia.fm/,"[""fado"", ""folk"", ""folklore"", ""local music""]",Rádio Amália | Lisboa 92.0 &#8211; Setúbal 100.6 &#8211; Porto 91.0,,"{""top"": [], ""updatedAt"": ""2026-09-16T19:13:41.388Z"", ""sampleSize"": 0, ""windowDays"": 90, ""latestSpinAt"": null, ""excludedCount"": 0, ""genreCoverage"": 0, ""readinessTier"": ""insufficient"", ""resolvedCount"": 0, ""resolutionRate"": 0, ""datedTrackCount"": 0, ""genreTaggedCount"": 0, ""uniqueTrackCount"": 0, ""uniqueArtistCount"": 0, ""unknownGenreCount"": 0, ""datedTrackCoverage"": 0}",curated,radio_browser,mixed,f
Rádio Antena Minho,r-dio-antena-minho,,Portugal,http://www.antena-minho.pt/,"[""news"", ""sport"", ""world"", ""world music""]",antena-minho.pt,,"{""top"": [], ""updatedAt"": ""2026-09-16T19:22:23.679Z"", ""sampleSize"": 0, ""windowDays"": 90, ""latestSpinAt"": null, ""excludedCount"": 0, ""genreCoverage"": 0, ""readinessTier"": ""insufficient"", ""resolvedCount"": 0, ""resolutionRate"": 0, ""datedTrackCount"": 0, ""genreTaggedCount"": 0, ""uniqueTrackCount"": 0, ""uniqueArtistCount"": 0, ""unknownGenreCount"": 0, ""datedTrackCoverage"": 0}",curated,radio_browser,,f
Rádio Barcelos,r-dio-barcelos,,Portugal,http://radiobarcelos.com.pt/,"[""news"", ""sport"", ""world"", ""world music""]",,,"{""top"": [], ""updatedAt"": ""2026-09-16T19:23:19.469Z"", ""sampleSize"": 0, ""windowDays"": 90, ""latestSpinAt"": null, ""excludedCount"": 0, ""genreCoverage"": 0, ""readinessTier"": ""insufficient"", ""resolvedCount"": 0, ""resolutionRate"": 0, ""datedTrackCount"": 0, ""genreTaggedCount"": 0, ""uniqueTrackCount"": 0, ""uniqueArtistCount"": 0, ""unknownGenreCount"": 0, ""datedTrackCoverage"": 0}",curated,radio_browser,,f
Rádio Horizonte Algarve,r-dio-horizonte-algarve,,Portugal,http://www.radiohorizonte.com/,"[""world"", ""house"", ""top 40"", ""world music""]",Põe mais som na tua vida!,,"{""top"": [], ""updatedAt"": ""2026-09-16T19:24:06.762Z"", ""sampleSize"": 0, ""windowDays"": 90, ""latestSpinAt"": null, ""excludedCount"": 0, ""genreCoverage"": 0, ""readinessTier"": ""insufficient"", ""resolvedCount"": 0, ""resolutionRate"": 0, ""datedTrackCount"": 0, ""genreTaggedCount"": 0, ""uniqueTrackCount"": 0, ""uniqueArtistCount"": 0, ""unknownGenreCount"": 0, ""datedTrackCoverage"": 0}",curated,radio_browser,,f
Rádio Regional de Arouca,r-dio-regional-de-arouca,,Portugal,http://www.radioregionaldearouca.com/site/,"[""fado"", ""folk"", ""folklore"", ""local music""]",,,"{""top"": [], ""updatedAt"": ""2026-09-16T19:23:46.859Z"", ""sampleSize"": 0, ""windowDays"": 90, ""latestSpinAt"": null, ""excludedCount"": 0, ""genreCoverage"": 0, ""readinessTier"": ""insufficient"", ""resolvedCount"": 0, ""resolutionRate"": 0, ""datedTrackCount"": 0, ""genreTaggedCount"": 0, ""uniqueTrackCount"": 0, ""uniqueArtistCount"": 0, ""unknownGenreCount"": 0, ""datedTrackCoverage"": 0}",curated,radio_browser,,f
Rádio Samson,r-dio-samson,,Czechia,http://www.radiosamson.cz/content/text/cz/,"[""country"", ""folk"", ""rock""]",Rádio Samson - šťastné rádio. Samsonovy štafle - šance pro nové kapely a muzikanty. Na trampu s Béďou Šedifkou - po stopách toulavých písniček. 40 tun - náklaďák plný country.,,"{""top"": [], ""updatedAt"": ""2026-09-16T19:24:47.965Z"", ""sampleSize"": 0, ""windowDays"": 90, ""latestSpinAt"": null, ""excludedCount"": 0, ""genreCoverage"": 0, ""readinessTier"": ""insufficient"", ""resolvedCount"": 0, ""resolutionRate"": 0, ""datedTrackCount"": 0, ""genreTaggedCount"": 0, ""uniqueTrackCount"": 0, ""uniqueArtistCount"": 0, ""unknownGenreCount"": 0, ""datedTrackCoverage"": 0}",curated,radio_browser,,f
Rádio Universitária do Minho,r-dio-universit-ria-do-minho,,Portugal,http://www.rum.pt/,"[""college"", ""local music"", ""world"", ""world music""]",Página inicial,,"{""top"": [], ""updatedAt"": ""2026-09-16T19:25:01.371Z"", ""sampleSize"": 0, ""windowDays"": 90, ""latestSpinAt"": null, ""excludedCount"": 0, ""genreCoverage"": 0, ""readinessTier"": ""insufficient"", ""resolvedCount"": 0, ""resolutionRate"": 0, ""datedTrackCount"": 0, ""genreTaggedCount"": 0, ""uniqueTrackCount"": 0, ""uniqueArtistCount"": 0, ""unknownGenreCount"": 0, ""datedTrackCoverage"": 0}",curated,radio_browser,,f
Rádio Vidigueira,r-dio-vidigueira,,Portugal,http://www.radiovidigueira.com/,"[""local music"", ""world"", ""world music""]",,,"{""top"": [], ""updatedAt"": ""2026-09-16T19:24:30.463Z"", ""sampleSize"": 0, ""windowDays"": 90, ""latestSpinAt"": null, ""excludedCount"": 0, ""genreCoverage"": 0, ""readinessTier"": ""insufficient"", ""resolvedCount"": 0, ""resolutionRate"": 0, ""datedTrackCount"": 0, ""genreTaggedCount"": 0, ""uniqueTrackCount"": 0, ""uniqueArtistCount"": 0, ""unknownGenreCount"": 0, ""datedTrackCoverage"": 0}",curated,radio_browser,,f
SENSUAL LOUNGE RADIO,sensual-lounge-radio,,Canada,https://radiosuitenetwork.torontocast.stream/sensual-lounge,"[""ambient"", ""ambient lounge"", ""canada"", ""chillout"", ""chillout+lounge"", ""deep ambient"", ""easy listening"", ""erotic"", ""jazz"", ""jazz lounge"", ""lounge"", ""lounge music"", ""lounge radio"", ""sensual"", ""sensuale"", ""smooth jazz"", ""smooth lounge"", ""soft music"", ""toronto"", ""vocal lounge""]",SENSUAL LOUNGE &#8211; Radio Suite Network,,"{""top"": [], ""updatedAt"": ""2026-09-16T19:11:03.256Z"", ""sampleSize"": 0, ""windowDays"": 90, ""latestSpinAt"": null, ""excludedCount"": 0, ""genreCoverage"": 0, ""readinessTier"": ""insufficient"", ""resolvedCount"": 0, ""resolutionRate"": 0, ""datedTrackCount"": 0, ""genreTaggedCount"": 0, ""uniqueTrackCount"": 0, ""uniqueArtistCount"": 0, ""unknownGenreCount"": 0, ""datedTrackCoverage"": 0}",curated,radio_browser,,f
SL Station A 1240863d,test-sl-sta-1240863d,,,,,,,"{""top"": [], ""updatedAt"": ""2026-09-16T19:29:41.967Z"", ""sampleSize"": 0, ""windowDays"": 90, ""latestSpinAt"": null, ""excludedCount"": 0, ""genreCoverage"": 0, ""readinessTier"": ""insufficient"", ""resolvedCount"": 0, ""resolutionRate"": 0, ""datedTrackCount"": 0, ""genreTaggedCount"": 0, ""uniqueTrackCount"": 0, ""uniqueArtistCount"": 0, ""unknownGenreCount"": 0, ""datedTrackCoverage"": 0}",curated,curated,,f
SL Station A 86d61503,test-sl-sta-86d61503,,,,,,,"{""top"": [], ""updatedAt"": ""2026-09-16T19:28:05.464Z"", ""sampleSize"": 0, ""windowDays"": 90, ""latestSpinAt"": null, ""excludedCount"": 0, ""genreCoverage"": 0, ""readinessTier"": ""insufficient"", ""resolvedCount"": 0, ""resolutionRate"": 0, ""datedTrackCount"": 0, ""genreTaggedCount"": 0, ""uniqueTrackCount"": 0, ""uniqueArtistCount"": 0, ""unknownGenreCount"": 0, ""datedTrackCoverage"": 0}",curated,curated,,f
SL Station A c6db728f,test-sl-sta-c6db728f,,,,,,,"{""top"": [], ""updatedAt"": ""2026-09-16T19:29:16.156Z"", ""sampleSize"": 0, ""windowDays"": 90, ""latestSpinAt"": null, ""excludedCount"": 0, ""genreCoverage"": 0, ""readinessTier"": ""insufficient"", ""resolvedCount"": 0, ""resolutionRate"": 0, ""datedTrackCount"": 0, ""genreTaggedCount"": 0, ""uniqueTrackCount"": 0, ""uniqueArtistCount"": 0, ""unknownGenreCount"": 0, ""datedTrackCoverage"": 0}",curated,curated,,f
SL Station B 1240863d,test-sl-stb-1240863d,,,,,,,"{""top"": [], ""updatedAt"": ""2026-09-16T19:29:42.364Z"", ""sampleSize"": 0, ""windowDays"": 90, ""latestSpinAt"": null, ""excludedCount"": 0, ""genreCoverage"": 0, ""readinessTier"": ""insufficient"", ""resolvedCount"": 0, ""resolutionRate"": 0, ""datedTrackCount"": 0, ""genreTaggedCount"": 0, ""uniqueTrackCount"": 0, ""uniqueArtistCount"": 0, ""unknownGenreCount"": 0, ""datedTrackCoverage"": 0}",curated,curated,,f
SL Station B 86d61503,test-sl-stb-86d61503,,,,,,,"{""top"": [], ""updatedAt"": ""2026-09-16T19:28:05.764Z"", ""sampleSize"": 0, ""windowDays"": 90, ""latestSpinAt"": null, ""excludedCount"": 0, ""genreCoverage"": 0, ""readinessTier"": ""insufficient"", ""resolvedCount"": 0, ""resolutionRate"": 0, ""datedTrackCount"": 0, ""genreTaggedCount"": 0, ""uniqueTrackCount"": 0, ""uniqueArtistCount"": 0, ""unknownGenreCount"": 0, ""datedTrackCoverage"": 0}",curated,curated,,f
SL Station B c6db728f,test-sl-stb-c6db728f,,,,,,,"{""top"": [], ""updatedAt"": ""2026-09-16T19:29:16.356Z"", ""sampleSize"": 0, ""windowDays"": 90, ""latestSpinAt"": null, ""excludedCount"": 0, ""genreCoverage"": 0, ""readinessTier"": ""insufficient"", ""resolvedCount"": 0, ""resolutionRate"": 0, ""datedTrackCount"": 0, ""genreTaggedCount"": 0, ""uniqueTrackCount"": 0, ""uniqueArtistCount"": 0, ""unknownGenreCount"": 0, ""datedTrackCoverage"": 0}",curated,curated,,f
SL Station C 1240863d,test-sl-stc-1240863d,,,,,,,"{""top"": [], ""updatedAt"": ""2026-09-16T19:29:42.661Z"", ""sampleSize"": 0, ""windowDays"": 90, ""latestSpinAt"": null, ""excludedCount"": 0, ""genreCoverage"": 0, ""readinessTier"": ""insufficient"", ""resolvedCount"": 0, ""resolutionRate"": 0, ""datedTrackCount"": 0, ""genreTaggedCount"": 0, ""uniqueTrackCount"": 0, ""uniqueArtistCount"": 0, ""unknownGenreCount"": 0, ""datedTrackCoverage"": 0}",curated,curated,,f
SL Station C 3939bae8,test-sl-stc-3939bae8,,,,,,"{""top"": [], ""totalCount"": 2, ""unknownCount"": 2}","{""top"": [], ""updatedAt"": ""2026-09-16T19:28:16.872Z"", ""sampleSize"": 2, ""windowDays"": 90, ""latestSpinAt"": ""2026-08-06T05:30:49.229Z"", ""excludedCount"": 0, ""genreCoverage"": 0, ""readinessTier"": ""insufficient"", ""resolvedCount"": 2, ""resolutionRate"": 1, ""datedTrackCount"": 0, ""genreTaggedCount"": 0, ""uniqueTrackCount"": 1, ""uniqueArtistCount"": 1, ""unknownGenreCount"": 2, ""datedTrackCoverage"": 0}",curated,curated,mixed,f
SL Station C 7605251f,test-sl-stc-7605251f,,,,,,"{""top"": [], ""totalCount"": 2, ""unknownCount"": 2}","{""top"": [], ""updatedAt"": ""2026-09-16T19:29:04.564Z"", ""sampleSize"": 2, ""windowDays"": 90, ""latestSpinAt"": ""2026-08-23T09:13:10.523Z"", ""excludedCount"": 0, ""genreCoverage"": 0, ""readinessTier"": ""insufficient"", ""resolvedCount"": 2, ""resolutionRate"": 1, ""datedTrackCount"": 0, ""genreTaggedCount"": 0, ""uniqueTrackCount"": 1, ""uniqueArtistCount"": 1, ""unknownGenreCount"": 2, ""datedTrackCoverage"": 0}",curated,curated,mixed,f
SL Station C 86d61503,test-sl-stc-86d61503,,,,,,,"{""top"": [], ""updatedAt"": ""2026-09-16T19:28:05.956Z"", ""sampleSize"": 0, ""windowDays"": 90, ""latestSpinAt"": null, ""excludedCount"": 0, ""genreCoverage"": 0, ""readinessTier"": ""insufficient"", ""resolvedCount"": 0, ""resolutionRate"": 0, ""datedTrackCount"": 0, ""genreTaggedCount"": 0, ""uniqueTrackCount"": 0, ""uniqueArtistCount"": 0, ""unknownGenreCount"": 0, ""datedTrackCoverage"": 0}",curated,curated,,f
SL Station C 8e3a4a80,test-sl-stc-8e3a4a80,,,,,,,"{""top"": [], ""updatedAt"": ""2026-09-16T19:28:03.964Z"", ""sampleSize"": 0, ""windowDays"": 90, ""latestSpinAt"": null, ""excludedCount"": 0, ""genreCoverage"": 0, ""readinessTier"": ""insufficient"", ""resolvedCount"": 0, ""resolutionRate"": 0, ""datedTrackCount"": 0, ""genreTaggedCount"": 0, ""uniqueTrackCount"": 0, ""uniqueArtistCount"": 0, ""unknownGenreCount"": 0, ""datedTrackCoverage"": 0}",curated,curated,,f
SL Station C c6db728f,test-sl-stc-c6db728f,,,,,,,"{""top"": [], ""updatedAt"": ""2026-09-16T19:29:16.656Z"", ""sampleSize"": 0, ""windowDays"": 90, ""latestSpinAt"": null, ""excludedCount"": 0, ""genreCoverage"": 0, ""readinessTier"": ""insufficient"", ""resolvedCount"": 0, ""resolutionRate"": 0, ""datedTrackCount"": 0, ""genreTaggedCount"": 0, ""uniqueTrackCount"": 0, ""uniqueArtistCount"": 0, ""unknownGenreCount"": 0, ""datedTrackCoverage"": 0}",curated,curated,,f
SL Station D 1240863d,test-sl-std-1240863d,,,,,,,"{""top"": [], ""updatedAt"": ""2026-09-16T19:29:42.769Z"", ""sampleSize"": 0, ""windowDays"": 90, ""latestSpinAt"": null, ""excludedCount"": 0, ""genreCoverage"": 0, ""readinessTier"": ""insufficient"", ""resolvedCount"": 0, ""resolutionRate"": 0, ""datedTrackCount"": 0, ""genreTaggedCount"": 0, ""uniqueTrackCount"": 0, ""uniqueArtistCount"": 0, ""unknownGenreCount"": 0, ""datedTrackCoverage"": 0}",curated,curated,,f
SL Station D 3939bae8,test-sl-std-3939bae8,,,,,,"{""top"": [], ""totalCount"": 2, ""unknownCount"": 2}","{""top"": [], ""updatedAt"": ""2026-09-16T19:28:17.367Z"", ""sampleSize"": 2, ""windowDays"": 90, ""latestSpinAt"": ""2026-08-07T17:20:49.642Z"", ""excludedCount"": 0, ""genreCoverage"": 0, ""readinessTier"": ""insufficient"", ""resolvedCount"": 2, ""resolutionRate"": 1, ""datedTrackCount"": 0, ""genreTaggedCount"": 0, ""uniqueTrackCount"": 1, ""uniqueArtistCount"": 1, ""unknownGenreCount"": 2, ""datedTrackCoverage"": 0}",curated,curated,mixed,f
SL Station D 7605251f,test-sl-std-7605251f,,,,,,"{""top"": [], ""totalCount"": 2, ""unknownCount"": 2}","{""top"": [], ""updatedAt"": ""2026-09-16T19:29:04.758Z"", ""sampleSize"": 2, ""windowDays"": 90, ""latestSpinAt"": ""2026-08-24T21:03:13.035Z"", ""excludedCount"": 0, ""genreCoverage"": 0, ""readinessTier"": ""insufficient"", ""resolvedCount"": 2, ""resolutionRate"": 1, ""datedTrackCount"": 0, ""genreTaggedCount"": 0, ""uniqueTrackCount"": 1, ""uniqueArtistCount"": 1, ""unknownGenreCount"": 2, ""datedTrackCoverage"": 0}",curated,curated,mixed,f
SL Station D 86d61503,test-sl-std-86d61503,,,,,,,"{""top"": [], ""updatedAt"": ""2026-09-16T19:28:06.155Z"", ""sampleSize"": 0, ""windowDays"": 90, ""latestSpinAt"": null, ""excludedCount"": 0, ""genreCoverage"": 0, ""readinessTier"": ""insufficient"", ""resolvedCount"": 0, ""resolutionRate"": 0, ""datedTrackCount"": 0, ""genreTaggedCount"": 0, ""uniqueTrackCount"": 0, ""uniqueArtistCount"": 0, ""unknownGenreCount"": 0, ""datedTrackCoverage"": 0}",curated,curated,,f
SL Station D 8e3a4a80,test-sl-std-8e3a4a80,,,,,,,"{""top"": [], ""updatedAt"": ""2026-09-16T19:28:04.459Z"", ""sampleSize"": 0, ""windowDays"": 90, ""latestSpinAt"": null, ""excludedCount"": 0, ""genreCoverage"": 0, ""readinessTier"": ""insufficient"", ""resolvedCount"": 0, ""resolutionRate"": 0, ""datedTrackCount"": 0, ""genreTaggedCount"": 0, ""uniqueTrackCount"": 0, ""uniqueArtistCount"": 0, ""unknownGenreCount"": 0, ""datedTrackCoverage"": 0}",curated,curated,,f
SL Station D c6db728f,test-sl-std-c6db728f,,,,,,,"{""top"": [], ""updatedAt"": ""2026-09-16T19:29:16.983Z"", ""sampleSize"": 0, ""windowDays"": 90, ""latestSpinAt"": null, ""excludedCount"": 0, ""genreCoverage"": 0, ""readinessTier"": ""insufficient"", ""resolvedCount"": 0, ""resolutionRate"": 0, ""datedTrackCount"": 0, ""genreTaggedCount"": 0, ""uniqueTrackCount"": 0, ""uniqueArtistCount"": 0, ""unknownGenreCount"": 0, ""datedTrackCoverage"": 0}",curated,curated,,f
SLOWLY RADIO,slowly-radio,,Canada,https://slowlyradio.com/,"[""ambient"", ""cool music seduction"", ""easy listening"", ""love"", ""love songs"", ""slow"", ""slow radio"", ""slowly musics"", ""soft adult contemporary""]","Écoutez Slowly Radio, Musique Douce et Slows de Légende en ligne. Des slows des années 80, Rnb 90s, Lounge et d&#039;autres genres apaisants.",,"{""top"": [], ""updatedAt"": ""2026-09-16T19:25:04.367Z"", ""sampleSize"": 0, ""windowDays"": 90, ""latestSpinAt"": null, ""excludedCount"": 0, ""genreCoverage"": 0, ""readinessTier"": ""insufficient"", ""resolvedCount"": 0, ""resolutionRate"": 0, ""datedTrackCount"": 0, ""genreTaggedCount"": 0, ""uniqueTrackCount"": 0, ""uniqueArtistCount"": 0, ""unknownGenreCount"": 0, ""datedTrackCoverage"": 0}",curated,radio_browser,,f
SRF Musikwelle,srf-musikwelle,,Switzerland,http://www.srf.ch/radio-srf-musikwelle,"[""folk"", ""folklore"", ""public radio"", ""srg ssr"", ""volksmusik""]",Das Radio mit den schönsten Melodien für Sie!,"{""top"": [{""count"": 57, ""genre"": ""pop""}, {""count"": 56, ""genre"": ""schlager""}, {""count"": 10, ""genre"": ""rock""}, {""count"": 4, ""genre"": ""dance-pop""}, {""count"": 4, ""genre"": ""electronic""}, {""count"": 3, ""genre"": ""indie pop""}, {""count"": 3, ""genre"": ""indie rock""}, {""count"": 2, ""genre"": ""blues""}], ""totalCount"": 779, ""unknownCount"": 674}","{""top"": [{""count"": 57, ""genre"": ""pop""}, {""count"": 56, ""genre"": ""schlager""}, {""count"": 10, ""genre"": ""rock""}, {""count"": 4, ""genre"": ""dance-pop""}, {""count"": 4, ""genre"": ""electronic""}, {""count"": 3, ""genre"": ""indie pop""}, {""count"": 3, ""genre"": ""indie rock""}, {""count"": 2, ""genre"": ""blues""}], ""updatedAt"": ""2026-09-16T19:13:34.556Z"", ""sampleSize"": 6574, ""windowDays"": 90, ""latestSpinAt"": ""2026-09-16T11:34:32.319Z"", ""excludedCount"": 0, ""genreCoverage"": 0.13478818998716302, ""readinessTier"": ""ready"", ""resolvedCount"": 779, ""resolutionRate"": 0.11849710982658959, ""datedTrackCount"": 713, ""genreTaggedCount"": 105, ""uniqueTrackCount"": 541, ""uniqueArtistCount"": 413, ""unknownGenreCount"": 674, ""datedTrackCoverage"": 0.9152759948652118}",curated,radio_browser,,f
STIL RADIO,stil-radio,,Republic Of North Macedonia,https://stilradio.com/,"[""folk""]",Stil Radio,"{""top"": [], ""totalCount"": 53, ""unknownCount"": 53}","{""top"": [], ""updatedAt"": ""2026-09-16T19:25:28.356Z"", ""sampleSize"": 981, ""windowDays"": 90, ""latestSpinAt"": ""2026-08-19T08:57:06.387Z"", ""excludedCount"": 40, ""genreCoverage"": 0, ""readinessTier"": ""provisional"", ""resolvedCount"": 52, ""resolutionRate"": 0.053007135575942915, ""datedTrackCount"": 34, ""genreTaggedCount"": 0, ""uniqueTrackCount"": 20, ""uniqueArtistCount"": 14, ""unknownGenreCount"": 52, ""datedTrackCoverage"": 0.6538461538461539}",curated,radio_browser,,f
SWISS GROOVE,swiss-groove,,Switzerland,https://swissgroove.ch/,"[""funk"", ""jazz"", ""latin"", ""lounge"", ""nu grooves"", ""soul"", ""world""]",SwissGroove Web Radio,"{""top"": [{""count"": 122, ""genre"": ""jazz""}, {""count"": 45, ""genre"": ""smooth jazz""}, {""count"": 36, ""genre"": ""soul""}, {""count"": 27, ""genre"": ""jazz-funk""}, {""count"": 26, ""genre"": ""electronic""}, {""count"": 22, ""genre"": ""funk""}, {""count"": 22, ""genre"": ""r&b""}, {""count"": 18, ""genre"": ""downtempo""}], ""totalCount"": 1495, ""unknownCount"": 1316}","{""top"": [{""count"": 122, ""genre"": ""jazz""}, {""count"": 45, ""genre"": ""smooth jazz""}, {""count"": 36, ""genre"": ""soul""}, {""count"": 27, ""genre"": ""jazz-funk""}, {""count"": 26, ""genre"": ""electronic""}, {""count"": 22, ""genre"": ""funk""}, {""count"": 22, ""genre"": ""r&b""}, {""count"": 18, ""genre"": ""downtempo""}], ""updatedAt"": ""2026-09-16T19:21:29.064Z"", ""sampleSize"": 3480, ""windowDays"": 90, ""latestSpinAt"": ""2026-09-16T11:31:11.717Z"", ""excludedCount"": 19, ""genreCoverage"": 0.12045760430686406, ""readinessTier"": ""ready"", ""resolvedCount"": 1486, ""resolutionRate"": 0.42701149425287355, ""datedTrackCount"": 1353, ""genreTaggedCount"": 179, ""uniqueTrackCount"": 1398, ""uniqueArtistCount"": 1046, ""unknownGenreCount"": 1307, ""datedTrackCoverage"": 0.9104979811574697}",curated,radio_browser,,f
Sanctuary Radio (Retro 80s Channel),sanctuary-radio-retro-80s-channel,,The United States Of America,https://www.sanctuaryradio.com/,"[""80s radio"", ""all 80s"", ""new wave"", ""retro music"", ""retrowave""]",=Sanctuary Radio=,"{""top"": [{""count"": 99, ""genre"": ""rock""}, {""count"": 94, ""genre"": ""new wave""}, {""count"": 90, ""genre"": ""electronic""}, {""count"": 81, ""genre"": ""pop""}, {""count"": 61, ""genre"": ""synth-pop""}, {""count"": 28, ""genre"": ""alternative rock""}, {""count"": 28, ""genre"": ""post-punk""}, {""count"": 27, ""genre"": ""pop rock""}], ""totalCount"": 1058, ""unknownCount"": 857}","{""top"": [{""count"": 99, ""genre"": ""rock""}, {""count"": 94, ""genre"": ""new wave""}, {""count"": 90, ""genre"": ""electronic""}, {""count"": 81, ""genre"": ""pop""}, {""count"": 61, ""genre"": ""synth-pop""}, {""count"": 28, ""genre"": ""alternative rock""}, {""count"": 28, ""genre"": ""post-punk""}, {""count"": 27, ""genre"": ""pop rock""}], ""updatedAt"": ""2026-09-16T19:17:49.776Z"", ""sampleSize"": 1547, ""windowDays"": 90, ""latestSpinAt"": ""2026-08-11T21:46:32.851Z"", ""excludedCount"": 80, ""genreCoverage"": 0.19571567672833495, ""readinessTier"": ""insufficient"", ""resolvedCount"": 1027, ""resolutionRate"": 0.6638655462184874, ""datedTrackCount"": 923, ""genreTaggedCount"": 201, ""uniqueTrackCount"": 752, ""uniqueArtistCount"": 356, ""unknownGenreCount"": 826, ""datedTrackCoverage"": 0.8987341772151899}",curated,radio_browser,,f
Seven Rays - 7rays,seven-rays-7rays,,Ukraine,https://7promeniv.com.ua/radio-en,"[""ambient"", ""chillout"", ""meditation"", ""new age"", ""relax""]",,"{""top"": [{""count"": 40, ""genre"": ""electronic""}, {""count"": 32, ""genre"": ""ambient""}, {""count"": 24, ""genre"": ""downtempo""}, {""count"": 15, ""genre"": ""electro""}, {""count"": 12, ""genre"": ""breakbeat""}, {""count"": 11, ""genre"": ""new age""}, {""count"": 4, ""genre"": ""berlin school""}, {""count"": 3, ""genre"": ""instrumental""}], ""totalCount"": 747, ""unknownCount"": 701}","{""top"": [{""count"": 40, ""genre"": ""electronic""}, {""count"": 32, ""genre"": ""ambient""}, {""count"": 24, ""genre"": ""downtempo""}, {""count"": 15, ""genre"": ""electro""}, {""count"": 12, ""genre"": ""breakbeat""}, {""count"": 11, ""genre"": ""new age""}, {""count"": 4, ""genre"": ""berlin school""}, {""count"": 3, ""genre"": ""instrumental""}], ""updatedAt"": ""2026-09-16T19:27:22.467Z"", ""sampleSize"": 2123, ""windowDays"": 90, ""latestSpinAt"": ""2026-09-16T19:24:52.964Z"", ""excludedCount"": 65, ""genreCoverage"": 0.06580829756795423, ""readinessTier"": ""ready"", ""resolvedCount"": 699, ""resolutionRate"": 0.329251059821008, ""datedTrackCount"": 656, ""genreTaggedCount"": 46, ""uniqueTrackCount"": 545, ""uniqueArtistCount"": 343, ""unknownGenreCount"": 653, ""datedTrackCoverage"": 0.9384835479256081}",curated,radio_browser,,f
Sfliny Alternative 80's,sfliny-alternative-80-s,,The United States Of America,http://www.sfliny.com/,"[""80's"", ""new wave""]",Tune in to our free streaming online radio station and explore a wide range of music genres. Enjoy a unique listening experience and join our community of music lovers today!,"{""top"": [{""count"": 30, ""genre"": ""rock""}, {""count"": 27, ""genre"": ""new wave""}, {""count"": 16, ""genre"": ""post-punk""}, {""count"": 15, ""genre"": ""electronic""}, {""count"": 14, ""genre"": ""pop""}, {""count"": 10, ""genre"": ""synth-pop""}, {""count"": 8, ""genre"": ""pop rock""}, {""count"": 7, ""genre"": ""classic rock""}], ""totalCount"": 373, ""unknownCount"": 340}","{""top"": [{""count"": 30, ""genre"": ""rock""}, {""count"": 27, ""genre"": ""new wave""}, {""count"": 16, ""genre"": ""post-punk""}, {""count"": 15, ""genre"": ""electronic""}, {""count"": 14, ""genre"": ""pop""}, {""count"": 10, ""genre"": ""synth-pop""}, {""count"": 8, ""genre"": ""pop rock""}, {""count"": 7, ""genre"": ""classic rock""}], ""updatedAt"": ""2026-09-16T19:18:25.356Z"", ""sampleSize"": 3669, ""windowDays"": 90, ""latestSpinAt"": ""2026-09-16T11:30:13.820Z"", ""excludedCount"": 28, ""genreCoverage"": 0.09016393442622951, ""readinessTier"": ""ready"", ""resolvedCount"": 366, ""resolutionRate"": 0.09975470155355683, ""datedTrackCount"": 212, ""genreTaggedCount"": 33, ""uniqueTrackCount"": 179, ""uniqueArtistCount"": 119, ""unknownGenreCount"": 333, ""datedTrackCoverage"": 0.5792349726775956}",curated,radio_browser,,f
Skylab Radio,skylab-radio,,Australia,http://skylab-radio.com/,"[""ambient"", ""eclectic"", ""experimental"", ""hip-hop"", ""house"", ""rock"", ""techno""]",Skylab | Home,"{""top"": [{""count"": 2, ""genre"": ""downtempo""}, {""count"": 2, ""genre"": ""dub""}, {""count"": 2, ""genre"": ""electronic""}, {""count"": 2, ""genre"": ""trip hop""}], ""totalCount"": 25, ""unknownCount"": 23}","{""top"": [{""count"": 2, ""genre"": ""downtempo""}, {""count"": 2, ""genre"": ""dub""}, {""count"": 2, ""genre"": ""electronic""}, {""count"": 2, ""genre"": ""trip hop""}], ""updatedAt"": ""2026-09-16T19:15:46.764Z"", ""sampleSize"": 583, ""windowDays"": 90, ""latestSpinAt"": ""2026-09-16T19:08:24.419Z"", ""excludedCount"": 34, ""genreCoverage"": 0.08, ""readinessTier"": ""insufficient"", ""resolvedCount"": 25, ""resolutionRate"": 0.04288164665523156, ""datedTrackCount"": 7, ""genreTaggedCount"": 2, ""uniqueTrackCount"": 9, ""uniqueArtistCount"": 9, ""unknownGenreCount"": 23, ""datedTrackCoverage"": 0.28}",curated,radio_browser,,f
Skylos 69,skylos-69,,Greece,https://skylos69.blogspot.com/,"[""folk"", ""greek""]",DESCRIPTION HERE,,"{""top"": [], ""updatedAt"": ""2026-09-16T19:29:15.959Z"", ""sampleSize"": 0, ""windowDays"": 90, ""latestSpinAt"": null, ""excludedCount"": 0, ""genreCoverage"": 0, ""readinessTier"": ""insufficient"", ""resolvedCount"": 0, ""resolutionRate"": 0, ""datedTrackCount"": 0, ""genreTaggedCount"": 0, ""uniqueTrackCount"": 0, ""uniqueArtistCount"": 0, ""unknownGenreCount"": 0, ""datedTrackCoverage"": 0}",curated,radio_browser,,f
Slow Focus | NTS,slow-focus-nts,,The United Kingdom Of Great Britain And Northern Ireland,https://www.nts.live/infinite-mixtapes/slow-focus,"[""ambient"", ""drone"", ""relaxing""]","Meditative, relaxing and beatless: ambient, drone and ragas.",,"{""top"": [], ""updatedAt"": ""2026-09-16T19:12:10.672Z"", ""sampleSize"": 0, ""windowDays"": 90, ""latestSpinAt"": null, ""excludedCount"": 0, ""genreCoverage"": 0, ""readinessTier"": ""insufficient"", ""resolvedCount"": 0, ""resolutionRate"": 0, ""datedTrackCount"": 0, ""genreTaggedCount"": 0, ""uniqueTrackCount"": 0, ""uniqueArtistCount"": 0, ""unknownGenreCount"": 0, ""datedTrackCoverage"": 0}",curated,radio_browser,,f
Soho Radio,soho-radio,Soho Radio,GB,https://sohoradio.com/,"[""community"", ""eclectic"", ""indie""]","Soho Radio is an online radio station broadcasting live from Soho and New York to the world, featuring two channels: Soho & NYC + Culture.",,"{""top"": [], ""updatedAt"": ""2026-09-16T19:30:57.537Z"", ""sampleSize"": 0, ""windowDays"": 90, ""latestSpinAt"": null, ""excludedCount"": 0, ""genreCoverage"": 0, ""readinessTier"": ""insufficient"", ""resolvedCount"": 0, ""resolutionRate"": 0, ""datedTrackCount"": 0, ""genreTaggedCount"": 0, ""uniqueTrackCount"": 0, ""uniqueArtistCount"": 0, ""unknownGenreCount"": 0, ""datedTrackCoverage"": 0}",community,curated,human,t
SomaFM Black Rock FM,somafm-black-rock-fm,,The United States Of America,http://somafm.com/brfm/,"[""burning man"", ""electronica"", ""playa"", ""world"", ""world music""]","From the Black Rock Desert playa to the world, year round!","{""top"": [{""count"": 38, ""genre"": ""electronic""}, {""count"": 32, ""genre"": ""downtempo""}, {""count"": 24, ""genre"": ""ambient""}, {""count"": 13, ""genre"": ""chillout""}, {""count"": 5, ""genre"": ""dubstep""}, {""count"": 4, ""genre"": ""dub""}, {""count"": 4, ""genre"": ""jazz""}, {""count"": 4, ""genre"": ""trip hop""}], ""totalCount"": 140, ""unknownCount"": 89}","{""top"": [{""count"": 38, ""genre"": ""electronic""}, {""count"": 32, ""genre"": ""downtempo""}, {""count"": 24, ""genre"": ""ambient""}, {""count"": 13, ""genre"": ""chillout""}, {""count"": 5, ""genre"": ""dubstep""}, {""count"": 4, ""genre"": ""dub""}, {""count"": 4, ""genre"": ""jazz""}, {""count"": 4, ""genre"": ""trip hop""}], ""updatedAt"": ""2026-09-16T19:20:57.971Z"", ""sampleSize"": 238, ""windowDays"": 90, ""latestSpinAt"": ""2026-07-26T01:04:37.306Z"", ""excludedCount"": 2, ""genreCoverage"": 0.36428571428571427, ""readinessTier"": ""insufficient"", ""resolvedCount"": 140, ""resolutionRate"": 0.5882352941176471, ""datedTrackCount"": 137, ""genreTaggedCount"": 51, ""uniqueTrackCount"": 130, ""uniqueArtistCount"": 120, ""unknownGenreCount"": 89, ""datedTrackCoverage"": 0.9785714285714285}",curated,radio_browser,,f
SomaFM Black Rock FM (128k AAC Non-SSL),somafm-black-rock-fm-128k-aac-non-ssl,,The United States Of America,http://somafm.com/brfm/,"[""burning man"", ""electronica"", ""playa"", ""world"", ""world music""]","From the Black Rock Desert playa to the world, year round!","{""top"": [{""count"": 505, ""genre"": ""electronic""}, {""count"": 381, ""genre"": ""downtempo""}, {""count"": 209, ""genre"": ""ambient""}, {""count"": 187, ""genre"": ""trip hop""}, {""count"": 134, ""genre"": ""chillout""}, {""count"": 126, ""genre"": ""dance""}, {""count"": 85, ""genre"": ""house""}, {""count"": 65, ""genre"": ""hip hop""}], ""totalCount"": 2313, ""unknownCount"": 1682}","{""top"": [{""count"": 505, ""genre"": ""electronic""}, {""count"": 381, ""genre"": ""downtempo""}, {""count"": 209, ""genre"": ""ambient""}, {""count"": 187, ""genre"": ""trip hop""}, {""count"": 134, ""genre"": ""chillout""}, {""count"": 126, ""genre"": ""dance""}, {""count"": 85, ""genre"": ""house""}, {""count"": 65, ""genre"": ""hip hop""}], ""updatedAt"": ""2026-09-16T19:22:41.980Z"", ""sampleSize"": 4478, ""windowDays"": 90, ""latestSpinAt"": ""2026-09-16T11:34:20.320Z"", ""excludedCount"": 32, ""genreCoverage"": 0.27339688041594457, ""readinessTier"": ""ready"", ""resolvedCount"": 2308, ""resolutionRate"": 0.5154086645824029, ""datedTrackCount"": 2184, ""genreTaggedCount"": 631, ""uniqueTrackCount"": 1736, ""uniqueArtistCount"": 778, ""unknownGenreCount"": 1677, ""datedTrackCoverage"": 0.9462738301559792}",curated,radio_browser,,f
SomaFM Boot Liquor (320k MP3),somafm-boot-liquor-320k-mp3,,The United States Of America,https://somafm.com/bootliquor/,"[""americana"", ""country""]","Americana Roots music for Cowhands, Cowpokes and Cowtippers","{""top"": [{""count"": 642, ""genre"": ""country""}, {""count"": 311, ""genre"": ""americana""}, {""count"": 277, ""genre"": ""rock""}, {""count"": 270, ""genre"": ""alternative country""}, {""count"": 220, ""genre"": ""country rock""}, {""count"": 158, ""genre"": ""bluegrass""}, {""count"": 156, ""genre"": ""folk""}, {""count"": 72, ""genre"": ""folk rock""}], ""totalCount"": 4308, ""unknownCount"": 3320}","{""top"": [{""count"": 642, ""genre"": ""country""}, {""count"": 311, ""genre"": ""americana""}, {""count"": 274, ""genre"": ""rock""}, {""count"": 270, ""genre"": ""alternative country""}, {""count"": 219, ""genre"": ""country rock""}, {""count"": 158, ""genre"": ""bluegrass""}, {""count"": 156, ""genre"": ""folk""}, {""count"": 71, ""genre"": ""folk rock""}], ""updatedAt"": ""2026-09-16T19:21:47.667Z"", ""sampleSize"": 7183, ""windowDays"": 90, ""latestSpinAt"": ""2026-09-16T11:34:39.332Z"", ""excludedCount"": 73, ""genreCoverage"": 0.22906976744186047, ""readinessTier"": ""ready"", ""resolvedCount"": 4300, ""resolutionRate"": 0.5986356675483782, ""datedTrackCount"": 3902, ""genreTaggedCount"": 985, ""uniqueTrackCount"": 1812, ""uniqueArtistCount"": 816, ""unknownGenreCount"": 3315, ""datedTrackCoverage"": 0.9074418604651163}",curated,radio_browser,,f
SomaFM CliqHop IDM (256k MP3),somafm-cliqhop-idm-256k-mp3,,The United States Of America,https://somafm.com/cliqhop/,"[""idm""]",Blips,"{""top"": [{""count"": 57, ""genre"": ""electronic""}, {""count"": 49, ""genre"": ""idm""}, {""count"": 35, ""genre"": ""ambient""}, {""count"": 26, ""genre"": ""downtempo""}, {""count"": 14, ""genre"": ""experimental""}, {""count"": 6, ""genre"": ""glitch""}, {""count"": 4, ""genre"": ""breakcore""}, {""count"": 4, ""genre"": ""breaks""}], ""totalCount"": 214, ""unknownCount"": 150}","{""top"": [{""count"": 57, ""genre"": ""electronic""}, {""count"": 49, ""genre"": ""idm""}, {""count"": 35, ""genre"": ""ambient""}, {""count"": 26, ""genre"": ""downtempo""}, {""count"": 14, ""genre"": ""experimental""}, {""count"": 6, ""genre"": ""glitch""}, {""count"": 4, ""genre"": ""breakcore""}, {""count"": 4, ""genre"": ""breaks""}], ""updatedAt"": ""2026-09-16T19:17:09.965Z"", ""sampleSize"": 350, ""windowDays"": 90, ""latestSpinAt"": ""2026-07-26T00:56:26.346Z"", ""excludedCount"": 3, ""genreCoverage"": 0.3004694835680751, ""readinessTier"": ""insufficient"", ""resolvedCount"": 213, ""resolutionRate"": 0.6085714285714285, ""datedTrackCount"": 207, ""genreTaggedCount"": 64, ""uniqueTrackCount"": 192, ""uniqueArtistCount"": 157, ""unknownGenreCount"": 149, ""datedTrackCoverage"": 0.971830985915493}",curated,radio_browser,,f
SomaFM DEF CON Radio (128k AAC),somafm-def-con-radio-128k-aac,,The United States Of America,https://somafm.com/defcon/,"[""ambient"", ""chill"", ""defcon"", ""electronic"", ""hacker"", ""non-commercial""]",Music for Hacking. The DEF CON Year-Round Channel.,"{""top"": [{""count"": 201, ""genre"": ""electronic""}, {""count"": 133, ""genre"": ""downtempo""}, {""count"": 109, ""genre"": ""ambient""}, {""count"": 54, ""genre"": ""idm""}, {""count"": 31, ""genre"": ""dubstep""}, {""count"": 24, ""genre"": ""hip hop""}, {""count"": 23, ""genre"": ""chillout""}, {""count"": 23, ""genre"": ""experimental""}], ""totalCount"": 1533, ""unknownCount"": 1275}","{""top"": [{""count"": 201, ""genre"": ""electronic""}, {""count"": 133, ""genre"": ""downtempo""}, {""count"": 109, ""genre"": ""ambient""}, {""count"": 54, ""genre"": ""idm""}, {""count"": 31, ""genre"": ""dubstep""}, {""count"": 24, ""genre"": ""hip hop""}, {""count"": 23, ""genre"": ""chillout""}, {""count"": 23, ""genre"": ""experimental""}], ""updatedAt"": ""2026-09-16T19:11:57.175Z"", ""sampleSize"": 3142, ""windowDays"": 90, ""latestSpinAt"": ""2026-09-16T11:32:15.470Z"", ""excludedCount"": 1, ""genreCoverage"": 0.16840731070496084, ""readinessTier"": ""ready"", ""resolvedCount"": 1532, ""resolutionRate"": 0.4875875238701464, ""datedTrackCount"": 1472, ""genreTaggedCount"": 258, ""uniqueTrackCount"": 1265, ""uniqueArtistCount"": 773, ""unknownGenreCount"": 1274, ""datedTrackCoverage"": 0.9608355091383812}",curated,radio_browser,,f
SomaFM Deep Space One (128k MP3),somafm-deep-space-one-128k-mp3,,The United States Of America,https://somafm.com/deepspaceone/,"[""ambient"", ""electronic"", ""space""]","Deep ambient electronic, experimental and space music. For inner and outer space exploration.","{""top"": [{""count"": 13, ""genre"": ""electronic""}, {""count"": 10, ""genre"": ""ambient""}, {""count"": 5, ""genre"": ""idm""}, {""count"": 4, ""genre"": ""downtempo""}, {""count"": 2, ""genre"": ""dark ambient""}, {""count"": 2, ""genre"": ""experimental""}, {""count"": 2, ""genre"": ""techno""}, {""count"": 1, ""genre"": ""ambient techno""}], ""totalCount"": 103, ""unknownCount"": 88}","{""top"": [{""count"": 13, ""genre"": ""electronic""}, {""count"": 10, ""genre"": ""ambient""}, {""count"": 5, ""genre"": ""idm""}, {""count"": 4, ""genre"": ""downtempo""}, {""count"": 2, ""genre"": ""dark ambient""}, {""count"": 2, ""genre"": ""experimental""}, {""count"": 2, ""genre"": ""techno""}, {""count"": 1, ""genre"": ""ambient techno""}], ""updatedAt"": ""2026-09-16T19:11:41.165Z"", ""sampleSize"": 192, ""windowDays"": 90, ""latestSpinAt"": ""2026-07-26T01:03:48.387Z"", ""excludedCount"": 1, ""genreCoverage"": 0.14563106796116504, ""readinessTier"": ""insufficient"", ""resolvedCount"": 103, ""resolutionRate"": 0.5364583333333334, ""datedTrackCount"": 101, ""genreTaggedCount"": 15, ""uniqueTrackCount"": 89, ""uniqueArtistCount"": 82, ""unknownGenreCount"": 88, ""datedTrackCoverage"": 0.9805825242718447}",curated,radio_browser,,f
SomaFM Doomed (256k MP3),somafm-doomed-256k-mp3,,The United States Of America,https://somafm.com/doomed/,"[""ambient"", ""dark"", ""industrial""]",Where every day is Halloween: Dark industrial/ambient music for tortured souls.,"{""top"": [{""count"": 90, ""genre"": ""electronic""}, {""count"": 72, ""genre"": ""dark ambient""}, {""count"": 69, ""genre"": ""industrial""}, {""count"": 26, ""genre"": ""experimental""}, {""count"": 22, ""genre"": ""electro""}, {""count"": 18, ""genre"": ""ambient""}, {""count"": 14, ""genre"": ""rock""}, {""count"": 13, ""genre"": ""ebm""}], ""totalCount"": 476, ""unknownCount"": 331}","{""top"": [{""count"": 90, ""genre"": ""electronic""}, {""count"": 72, ""genre"": ""dark ambient""}, {""count"": 69, ""genre"": ""industrial""}, {""count"": 26, ""genre"": ""experimental""}, {""count"": 22, ""genre"": ""electro""}, {""count"": 18, ""genre"": ""ambient""}, {""count"": 14, ""genre"": ""rock""}, {""count"": 13, ""genre"": ""ebm""}], ""updatedAt"": ""2026-09-16T19:24:18.759Z"", ""sampleSize"": 681, ""windowDays"": 90, ""latestSpinAt"": ""2026-07-31T13:23:20.549Z"", ""excludedCount"": 6, ""genreCoverage"": 0.30526315789473685, ""readinessTier"": ""insufficient"", ""resolvedCount"": 475, ""resolutionRate"": 0.697503671071953, ""datedTrackCount"": 453, ""genreTaggedCount"": 145, ""uniqueTrackCount"": 235, ""uniqueArtistCount"": 147, ""unknownGenreCount"": 330, ""datedTrackCoverage"": 0.9536842105263158}",curated,radio_browser,,f
SomaFM SF 10-33 (128k MP3),somafm-sf-10-33-128k-mp3,,The United States Of America,https://somafm.com/sf1033/,"[""ambient"", ""experimental"", ""fire scanner"", ""live"", ""mix""]",Ambient music mixed with the sounds of San Francisco public safety radio traffic.,"{""top"": [{""count"": 145, ""genre"": ""ambient""}, {""count"": 133, ""genre"": ""electronic""}, {""count"": 37, ""genre"": ""downtempo""}, {""count"": 34, ""genre"": ""idm""}, {""count"": 24, ""genre"": ""experimental""}, {""count"": 14, ""genre"": ""dark ambient""}, {""count"": 13, ""genre"": ""modern classical""}, {""count"": 10, ""genre"": ""rock""}], ""totalCount"": 1415, ""unknownCount"": 1232}","{""top"": [{""count"": 145, ""genre"": ""ambient""}, {""count"": 133, ""genre"": ""electronic""}, {""count"": 37, ""genre"": ""downtempo""}, {""count"": 34, ""genre"": ""idm""}, {""count"": 24, ""genre"": ""experimental""}, {""count"": 14, ""genre"": ""dark ambient""}, {""count"": 13, ""genre"": ""modern classical""}, {""count"": 10, ""genre"": ""rock""}], ""updatedAt"": ""2026-09-16T19:15:32.177Z"", ""sampleSize"": 2923, ""windowDays"": 90, ""latestSpinAt"": ""2026-09-16T11:33:05.012Z"", ""excludedCount"": 6, ""genreCoverage"": 0.12960339943342777, ""readinessTier"": ""ready"", ""resolvedCount"": 1412, ""resolutionRate"": 0.4830653438248375, ""datedTrackCount"": 1371, ""genreTaggedCount"": 183, ""uniqueTrackCount"": 1099, ""uniqueArtistCount"": 627, ""unknownGenreCount"": 1229, ""datedTrackCoverage"": 0.9709631728045326}",curated,radio_browser,,f
SomaFM Secret Agent (128k MP3),somafm-secret-agent-128k-mp3,,The United States Of America,https://somafm.com/secretagent/,"[""ambient"", ""downtempo"", ""jazz"", ""lounge"", ""samba"", ""sixties""]","The soundtrack for your stylish, mysterious, dangerous life. For Spies and PIs too!","{""top"": [{""count"": 27, ""genre"": ""electronic""}, {""count"": 14, ""genre"": ""downtempo""}, {""count"": 9, ""genre"": ""ambient""}, {""count"": 9, ""genre"": ""jazz""}, {""count"": 6, ""genre"": ""rock""}, {""count"": 6, ""genre"": ""trip hop""}, {""count"": 5, ""genre"": ""chillout""}, {""count"": 4, ""genre"": ""acid jazz""}], ""totalCount"": 191, ""unknownCount"": 149}","{""top"": [{""count"": 26, ""genre"": ""electronic""}, {""count"": 13, ""genre"": ""downtempo""}, {""count"": 9, ""genre"": ""ambient""}, {""count"": 9, ""genre"": ""jazz""}, {""count"": 6, ""genre"": ""rock""}, {""count"": 6, ""genre"": ""trip hop""}, {""count"": 5, ""genre"": ""chillout""}, {""count"": 4, ""genre"": ""acid jazz""}], ""updatedAt"": ""2026-09-16T19:10:44.273Z"", ""sampleSize"": 310, ""windowDays"": 90, ""latestSpinAt"": ""2026-07-26T01:04:44.174Z"", ""excludedCount"": 4, ""genreCoverage"": 0.21693121693121692, ""readinessTier"": ""insufficient"", ""resolvedCount"": 189, ""resolutionRate"": 0.6096774193548387, ""datedTrackCount"": 177, ""genreTaggedCount"": 41, ""uniqueTrackCount"": 181, ""uniqueArtistCount"": 155, ""unknownGenreCount"": 148, ""datedTrackCoverage"": 0.9365079365079365}",curated,radio_browser,,f
SomaFM Synphaera Radio,somafm-synphaera-radio,,The United States Of America,https://somafm.com/synphaera,"[""ambient"", ""electronic"", ""space""]",Featuring the music from an independent record label focused on modern electronic ambient and space music.,"{""top"": [{""count"": 1, ""genre"": ""ambient""}], ""totalCount"": 2065, ""unknownCount"": 2064}","{""top"": [{""count"": 1, ""genre"": ""ambient""}], ""updatedAt"": ""2026-09-16T19:27:39.759Z"", ""sampleSize"": 2567, ""windowDays"": 90, ""latestSpinAt"": ""2026-09-16T19:25:04.862Z"", ""excludedCount"": 0, ""genreCoverage"": 0.00048426150121065375, ""readinessTier"": ""provisional"", ""resolvedCount"": 2065, ""resolutionRate"": 0.8044409816906896, ""datedTrackCount"": 2053, ""genreTaggedCount"": 1, ""uniqueTrackCount"": 570, ""uniqueArtistCount"": 65, ""unknownGenreCount"": 2064, ""datedTrackCoverage"": 0.9941888619854722}",curated,radio_browser,,f
SomaFM ThistleRadio (128k MP3),somafm-thistleradio-128k-mp3,,The United States Of America,https://somafm.com/thistle/,"[""folk"", ""celtic""]",Exploring music from Celtic roots and branches,"{""top"": [{""count"": 194, ""genre"": ""folk""}, {""count"": 159, ""genre"": ""celtic""}, {""count"": 33, ""genre"": ""contemporary folk""}, {""count"": 22, ""genre"": ""folk rock""}, {""count"": 18, ""genre"": ""rock""}, {""count"": 16, ""genre"": ""irish folk""}, {""count"": 11, ""genre"": ""pop""}, {""count"": 11, ""genre"": ""singer-songwriter""}], ""totalCount"": 1358, ""unknownCount"": 1110}","{""top"": [{""count"": 194, ""genre"": ""folk""}, {""count"": 159, ""genre"": ""celtic""}, {""count"": 33, ""genre"": ""contemporary folk""}, {""count"": 22, ""genre"": ""folk rock""}, {""count"": 18, ""genre"": ""rock""}, {""count"": 16, ""genre"": ""irish folk""}, {""count"": 11, ""genre"": ""pop""}, {""count"": 11, ""genre"": ""singer-songwriter""}], ""updatedAt"": ""2026-09-16T19:25:21.164Z"", ""sampleSize"": 2778, ""windowDays"": 90, ""latestSpinAt"": ""2026-09-01T14:56:21.253Z"", ""excludedCount"": 29, ""genreCoverage"": 0.1831610044313146, ""readinessTier"": ""ready"", ""resolvedCount"": 1354, ""resolutionRate"": 0.48740100791936647, ""datedTrackCount"": 1279, ""genreTaggedCount"": 248, ""uniqueTrackCount"": 650, ""uniqueArtistCount"": 335, ""unknownGenreCount"": 1106, ""datedTrackCoverage"": 0.9446085672082718}",curated,radio_browser,,f
SomaFM Underground 80s (128k MP3),somafm-underground-80s-128k-mp3,,The United States Of America,https://somafm.com/u80s/,"[""80s"", ""new wave"", ""uk synthpop""]",Early 80s UK Synthpop and a bit of New Wave.,"{""top"": [{""count"": 450, ""genre"": ""new wave""}, {""count"": 439, ""genre"": ""electronic""}, {""count"": 367, ""genre"": ""rock""}, {""count"": 323, ""genre"": ""synth-pop""}, {""count"": 306, ""genre"": ""pop""}, {""count"": 80, ""genre"": ""alternative rock""}, {""count"": 73, ""genre"": ""new romantic""}, {""count"": 72, ""genre"": ""pop rock""}], ""totalCount"": 4317, ""unknownCount"": 3507}","{""top"": [{""count"": 450, ""genre"": ""new wave""}, {""count"": 439, ""genre"": ""electronic""}, {""count"": 367, ""genre"": ""rock""}, {""count"": 323, ""genre"": ""synth-pop""}, {""count"": 306, ""genre"": ""pop""}, {""count"": 80, ""genre"": ""alternative rock""}, {""count"": 73, ""genre"": ""new romantic""}, {""count"": 72, ""genre"": ""pop rock""}], ""updatedAt"": ""2026-09-16T19:17:26.375Z"", ""sampleSize"": 7049, ""windowDays"": 90, ""latestSpinAt"": ""2026-09-16T19:16:59.220Z"", ""excludedCount"": 57, ""genreCoverage"": 0.18824076225888914, ""readinessTier"": ""ready"", ""resolvedCount"": 4303, ""resolutionRate"": 0.610441197332955, ""datedTrackCount"": 3997, ""genreTaggedCount"": 810, ""uniqueTrackCount"": 1248, ""uniqueArtistCount"": 403, ""unknownGenreCount"": 3493, ""datedTrackCoverage"": 0.9288868231466418}",curated,radio_browser,,f
SomaFM Underground 80s (256k MP3),somafm-underground-80s-256k-mp3,,The United States Of America,https://somafm.com/u80s/,"[""80s"", ""new wave"", ""uk synthpop""]",Early 80s UK Synthpop and a bit of New Wave.,"{""top"": [{""count"": 445, ""genre"": ""new wave""}, {""count"": 440, ""genre"": ""electronic""}, {""count"": 366, ""genre"": ""rock""}, {""count"": 323, ""genre"": ""synth-pop""}, {""count"": 309, ""genre"": ""pop""}, {""count"": 80, ""genre"": ""alternative rock""}, {""count"": 76, ""genre"": ""new romantic""}, {""count"": 71, ""genre"": ""pop rock""}], ""totalCount"": 4284, ""unknownCount"": 3475}","{""top"": [{""count"": 445, ""genre"": ""new wave""}, {""count"": 440, ""genre"": ""electronic""}, {""count"": 366, ""genre"": ""rock""}, {""count"": 323, ""genre"": ""synth-pop""}, {""count"": 309, ""genre"": ""pop""}, {""count"": 80, ""genre"": ""alternative rock""}, {""count"": 76, ""genre"": ""new romantic""}, {""count"": 71, ""genre"": ""pop rock""}], ""updatedAt"": ""2026-09-16T19:17:46.179Z"", ""sampleSize"": 6980, ""windowDays"": 90, ""latestSpinAt"": ""2026-09-16T19:16:57.264Z"", ""excludedCount"": 56, ""genreCoverage"": 0.18946135831381733, ""readinessTier"": ""ready"", ""resolvedCount"": 4270, ""resolutionRate"": 0.6117478510028653, ""datedTrackCount"": 3972, ""genreTaggedCount"": 809, ""uniqueTrackCount"": 1252, ""uniqueArtistCount"": 409, ""unknownGenreCount"": 3461, ""datedTrackCoverage"": 0.9302107728337237}",curated,radio_browser,,f
SomaFM n5MD (128k AAC),somafm-n5md-128k-aac,,The United States Of America,https://somafm.com/n5md/,"[""ambient"", ""experimental"", ""experimental electronic music"", ""modern composition"", ""post-rock""]","Emotional Experiments in Music: Ambient, modern composition, post-rock, & experimental electronic music","{""top"": [{""count"": 39, ""genre"": ""electronic""}, {""count"": 37, ""genre"": ""ambient""}, {""count"": 24, ""genre"": ""idm""}, {""count"": 15, ""genre"": ""downtempo""}, {""count"": 10, ""genre"": ""post-rock""}, {""count"": 4, ""genre"": ""rock""}, {""count"": 3, ""genre"": ""experimental""}, {""count"": 3, ""genre"": ""modern classical""}], ""totalCount"": 259, ""unknownCount"": 211}","{""top"": [{""count"": 38, ""genre"": ""electronic""}, {""count"": 37, ""genre"": ""ambient""}, {""count"": 23, ""genre"": ""idm""}, {""count"": 15, ""genre"": ""downtempo""}, {""count"": 10, ""genre"": ""post-rock""}, {""count"": 4, ""genre"": ""rock""}, {""count"": 3, ""genre"": ""experimental""}, {""count"": 3, ""genre"": ""modern classical""}], ""updatedAt"": ""2026-09-16T19:12:41.663Z"", ""sampleSize"": 304, ""windowDays"": 90, ""latestSpinAt"": ""2026-07-26T01:02:05.610Z"", ""excludedCount"": 1, ""genreCoverage"": 0.1821705426356589, ""readinessTier"": ""insufficient"", ""resolvedCount"": 258, ""resolutionRate"": 0.8486842105263158, ""datedTrackCount"": 255, ""genreTaggedCount"": 47, ""uniqueTrackCount"": 217, ""uniqueArtistCount"": 83, ""unknownGenreCount"": 211, ""datedTrackCoverage"": 0.9883720930232558}",curated,radio_browser,,f
SomaFM — CliqHop IDM,somafm-cliqhop,SomaFM,US,https://somafm.com/cliqhop/,"[""experimental"", ""idm"", ""specialist""]",Blips,"{""top"": [{""count"": 145, ""genre"": ""electronic""}, {""count"": 135, ""genre"": ""idm""}, {""count"": 102, ""genre"": ""ambient""}, {""count"": 64, ""genre"": ""downtempo""}, {""count"": 34, ""genre"": ""experimental""}, {""count"": 18, ""genre"": ""glitch""}, {""count"": 16, ""genre"": ""techno""}, {""count"": 10, ""genre"": ""chillout""}], ""totalCount"": 749, ""unknownCount"": 562}","{""top"": [{""count"": 145, ""genre"": ""electronic""}, {""count"": 135, ""genre"": ""idm""}, {""count"": 102, ""genre"": ""ambient""}, {""count"": 64, ""genre"": ""downtempo""}, {""count"": 34, ""genre"": ""experimental""}, {""count"": 18, ""genre"": ""glitch""}, {""count"": 16, ""genre"": ""techno""}, {""count"": 10, ""genre"": ""chillout""}], ""updatedAt"": ""2026-09-16T19:29:29.072Z"", ""sampleSize"": 1788, ""windowDays"": 90, ""latestSpinAt"": ""2026-09-16T19:23:28.000Z"", ""excludedCount"": 0, ""genreCoverage"": 0.24966622162883845, ""readinessTier"": ""ready"", ""resolvedCount"": 749, ""resolutionRate"": 0.41890380313199105, ""datedTrackCount"": 679, ""genreTaggedCount"": 187, ""uniqueTrackCount"": 707, ""uniqueArtistCount"": 398, ""unknownGenreCount"": 562, ""datedTrackCoverage"": 0.9065420560747663}",curated,curated,automated,t
SomaFM — Lush,somafm-lush,SomaFM,US,https://somafm.com/lush/,"[""dream pop"", ""electronic"", ""specialist""]","Sensuous and mellow female vocals, many with an electronic influence.","{""top"": [{""count"": 715, ""genre"": ""electronic""}, {""count"": 483, ""genre"": ""downtempo""}, {""count"": 291, ""genre"": ""pop""}, {""count"": 265, ""genre"": ""trip hop""}, {""count"": 230, ""genre"": ""ambient""}, {""count"": 188, ""genre"": ""chillout""}, {""count"": 167, ""genre"": ""rock""}, {""count"": 112, ""genre"": ""indie pop""}], ""totalCount"": 3872, ""unknownCount"": 2925}","{""top"": [{""count"": 715, ""genre"": ""electronic""}, {""count"": 483, ""genre"": ""downtempo""}, {""count"": 291, ""genre"": ""pop""}, {""count"": 265, ""genre"": ""trip hop""}, {""count"": 230, ""genre"": ""ambient""}, {""count"": 188, ""genre"": ""chillout""}, {""count"": 167, ""genre"": ""rock""}, {""count"": 112, ""genre"": ""indie pop""}], ""updatedAt"": ""2026-09-16T19:09:25.334Z"", ""sampleSize"": 6162, ""windowDays"": 90, ""latestSpinAt"": ""2026-09-16T11:28:54.000Z"", ""excludedCount"": 5, ""genreCoverage"": 0.24470284237726098, ""readinessTier"": ""ready"", ""resolvedCount"": 3870, ""resolutionRate"": 0.6280428432327166, ""datedTrackCount"": 3702, ""genreTaggedCount"": 947, ""uniqueTrackCount"": 1781, ""uniqueArtistCount"": 757, ""unknownGenreCount"": 2923, ""datedTrackCoverage"": 0.9565891472868217}",curated,curated,automated,t
SomaFM — Sonic Universe,somafm-sonicuniverse,SomaFM,US,https://somafm.com/sonicuniverse/,"[""avant-garde"", ""jazz"", ""specialist""]","Transcending the world of jazz with eclectic, avant-garde takes on tradition.","{""top"": [{""count"": 618, ""genre"": ""jazz""}, {""count"": 333, ""genre"": ""contemporary jazz""}, {""count"": 249, ""genre"": ""electronic""}, {""count"": 126, ""genre"": ""jazz fusion""}, {""count"": 106, ""genre"": ""ambient""}, {""count"": 80, ""genre"": ""downtempo""}, {""count"": 66, ""genre"": ""experimental""}, {""count"": 54, ""genre"": ""nu jazz""}], ""totalCount"": 2798, ""unknownCount"": 2014}","{""top"": [{""count"": 618, ""genre"": ""jazz""}, {""count"": 333, ""genre"": ""contemporary jazz""}, {""count"": 249, ""genre"": ""electronic""}, {""count"": 126, ""genre"": ""jazz fusion""}, {""count"": 106, ""genre"": ""ambient""}, {""count"": 80, ""genre"": ""downtempo""}, {""count"": 66, ""genre"": ""experimental""}, {""count"": 54, ""genre"": ""nu jazz""}], ""updatedAt"": ""2026-09-16T19:09:27.096Z"", ""sampleSize"": 4644, ""windowDays"": 90, ""latestSpinAt"": ""2026-09-17T06:56:32.000Z"", ""excludedCount"": 21, ""genreCoverage"": 0.2811043384725708, ""readinessTier"": ""ready"", ""resolvedCount"": 2789, ""resolutionRate"": 0.6005598621877691, ""datedTrackCount"": 2681, ""genreTaggedCount"": 784, ""uniqueTrackCount"": 1453, ""uniqueArtistCount"": 430, ""unknownGenreCount"": 2005, ""datedTrackCoverage"": 0.9612764431695948}",curated,curated,automated,t
SomaFM — Suburbs of Goa,somafm-suburbsofgoa,SomaFM,US,https://somafm.com/suburbsofgoa/,"[""electronic"", ""specialist"", ""world""]",Desi-influenced Asian world beats and beyond.,"{""top"": [{""count"": 548, ""genre"": ""electronic""}, {""count"": 383, ""genre"": ""downtempo""}, {""count"": 355, ""genre"": ""ambient""}, {""count"": 160, ""genre"": ""dub""}, {""count"": 105, ""genre"": ""dance""}, {""count"": 86, ""genre"": ""chillout""}, {""count"": 71, ""genre"": ""drum and bass""}, {""count"": 68, ""genre"": ""folk""}], ""totalCount"": 3326, ""unknownCount"": 2699}","{""top"": [{""count"": 548, ""genre"": ""electronic""}, {""count"": 383, ""genre"": ""downtempo""}, {""count"": 355, ""genre"": ""ambient""}, {""count"": 160, ""genre"": ""dub""}, {""count"": 105, ""genre"": ""dance""}, {""count"": 86, ""genre"": ""chillout""}, {""count"": 71, ""genre"": ""drum and bass""}, {""count"": 68, ""genre"": ""folk""}], ""updatedAt"": ""2026-09-16T19:09:29.645Z"", ""sampleSize"": 5449, ""windowDays"": 90, ""latestSpinAt"": ""2026-09-17T06:56:18.000Z"", ""excludedCount"": 20, ""genreCoverage"": 0.18879855465221318, ""readinessTier"": ""ready"", ""resolvedCount"": 3321, ""resolutionRate"": 0.6094696274545788, ""datedTrackCount"": 3224, ""genreTaggedCount"": 627, ""uniqueTrackCount"": 866, ""uniqueArtistCount"": 286, ""unknownGenreCount"": 2694, ""datedTrackCoverage"": 0.9707919301415237}",curated,curated,automated,t
Star 88.8,star-88-8,,Greece,https://star888fm.gr/,"[""folk"", ""greek"", ""pop""]","Δημιουργήθηκε από ανθρώπους με μεράκι, για να είναι το ραδιόφωνο, όπως πρέπει! Το ραδιόφωνο όπως το θέλουμε!! Star 88.8 fm","{""top"": [{""count"": 1, ""genre"": ""classic rock""}, {""count"": 1, ""genre"": ""pop""}, {""count"": 1, ""genre"": ""pop rock""}, {""count"": 1, ""genre"": ""rock""}, {""count"": 1, ""genre"": ""soft rock""}], ""totalCount"": 357, ""unknownCount"": 356}","{""top"": [{""count"": 1, ""genre"": ""classic rock""}, {""count"": 1, ""genre"": ""pop""}, {""count"": 1, ""genre"": ""pop rock""}, {""count"": 1, ""genre"": ""rock""}, {""count"": 1, ""genre"": ""soft rock""}], ""updatedAt"": ""2026-09-16T19:27:52.558Z"", ""sampleSize"": 1033, ""windowDays"": 90, ""latestSpinAt"": ""2026-09-11T16:38:45.427Z"", ""excludedCount"": 0, ""genreCoverage"": 0.0028011204481792717, ""readinessTier"": ""provisional"", ""resolvedCount"": 357, ""resolutionRate"": 0.345595353339787, ""datedTrackCount"": 348, ""genreTaggedCount"": 1, ""uniqueTrackCount"": 318, ""uniqueArtistCount"": 122, ""unknownGenreCount"": 356, ""datedTrackCoverage"": 0.9747899159663865}",curated,radio_browser,,f
"Star Radio (MK Narodna) Skopje, Macedonia",star-radio-mk-narodna-skopje-macedonia,,Republic Of North Macedonia,https://radiostar.pro/radiochannel/mk-narodna/,"[""folk"", ""macedonian folk""]","Каналот „МК Народна“ започна со емитување на интернет на 8 октомври 2023 година и е специјализиран за изворна народна и новосоздадена македонска музика. Програмата опфаќа исклучиво македонска музика – односно, на овој канал ги емитуваме најдобрите македонски народни хитови што ос",,"{""top"": [], ""updatedAt"": ""2026-09-16T19:22:44.261Z"", ""sampleSize"": 0, ""windowDays"": 90, ""latestSpinAt"": null, ""excludedCount"": 0, ""genreCoverage"": 0, ""readinessTier"": ""insufficient"", ""resolvedCount"": 0, ""resolutionRate"": 0, ""datedTrackCount"": 0, ""genreTaggedCount"": 0, ""uniqueTrackCount"": 0, ""uniqueArtistCount"": 0, ""unknownGenreCount"": 0, ""datedTrackCoverage"": 0}",curated,radio_browser,,f
"Star Radio (Urban Folk) Skopje, Macedonia",star-radio-urban-folk-skopje-macedonia,,Republic Of North Macedonia,https://radiostar.pro/radiochannel/urban-folk/,"[""folk"", ""macedonian folk"", ""macedonian pop"", ""serbian folk"", ""serbian pop""]","Радио-каналот „Урбан Фолк“ започна со емитување на 1 август 2019 година под името „Стар Фолк“. Овој канал е посветен на балканската урбана фолк-музика. Нудиме посебен избор на урбана фолк-музика со побрз ритам, која е ведра и пријатна за слушање. Покрај тоа што тука претставуваме",,"{""top"": [], ""updatedAt"": ""2026-09-16T19:27:24.860Z"", ""sampleSize"": 0, ""windowDays"": 90, ""latestSpinAt"": null, ""excludedCount"": 0, ""genreCoverage"": 0, ""readinessTier"": ""insufficient"", ""resolvedCount"": 0, ""resolutionRate"": 0, ""datedTrackCount"": 0, ""genreTaggedCount"": 0, ""uniqueTrackCount"": 0, ""uniqueArtistCount"": 0, ""unknownGenreCount"": 0, ""datedTrackCoverage"": 0}",curated,radio_browser,,f
Station A 4941ffdf,test-fy-sta-4941ffdf,,,,,,"{""top"": [], ""totalCount"": 1, ""unknownCount"": 1}","{""top"": [], ""updatedAt"": ""2026-09-16T19:29:03.948Z"", ""sampleSize"": 1, ""windowDays"": 90, ""latestSpinAt"": ""2026-08-24T21:10:54.827Z"", ""excludedCount"": 0, ""genreCoverage"": 0, ""readinessTier"": ""insufficient"", ""resolvedCount"": 1, ""resolutionRate"": 1, ""datedTrackCount"": 0, ""genreTaggedCount"": 0, ""uniqueTrackCount"": 1, ""uniqueArtistCount"": 1, ""unknownGenreCount"": 1, ""datedTrackCoverage"": 0}",curated,curated,,f
Station A 84a94e00,test-fy-sta-84a94e00,,,,,,"{""top"": [], ""totalCount"": 1, ""unknownCount"": 1}","{""top"": [], ""updatedAt"": ""2026-09-16T19:29:53.663Z"", ""sampleSize"": 1, ""windowDays"": 90, ""latestSpinAt"": ""2026-09-09T00:48:01.941Z"", ""excludedCount"": 0, ""genreCoverage"": 0, ""readinessTier"": ""insufficient"", ""resolvedCount"": 1, ""resolutionRate"": 1, ""datedTrackCount"": 0, ""genreTaggedCount"": 0, ""uniqueTrackCount"": 1, ""uniqueArtistCount"": 1, ""unknownGenreCount"": 1, ""datedTrackCoverage"": 0}",curated,curated,,f
Station B 4941ffdf,test-fy-stb-4941ffdf,,,,,,,"{""top"": [], ""updatedAt"": ""2026-09-16T19:29:04.261Z"", ""sampleSize"": 0, ""windowDays"": 90, ""latestSpinAt"": null, ""excludedCount"": 0, ""genreCoverage"": 0, ""readinessTier"": ""insufficient"", ""resolvedCount"": 0, ""resolutionRate"": 0, ""datedTrackCount"": 0, ""genreTaggedCount"": 0, ""uniqueTrackCount"": 0, ""uniqueArtistCount"": 0, ""unknownGenreCount"": 0, ""datedTrackCoverage"": 0}",curated,curated,,f
Station B 84a94e00,test-fy-stb-84a94e00,,,,,,,"{""top"": [], ""updatedAt"": ""2026-09-16T19:29:54.270Z"", ""sampleSize"": 0, ""windowDays"": 90, ""latestSpinAt"": null, ""excludedCount"": 0, ""genreCoverage"": 0, ""readinessTier"": ""insufficient"", ""resolvedCount"": 0, ""resolutionRate"": 0, ""datedTrackCount"": 0, ""genreTaggedCount"": 0, ""uniqueTrackCount"": 0, ""uniqueArtistCount"": 0, ""unknownGenreCount"": 0, ""datedTrackCoverage"": 0}",curated,curated,,f
Station B b5cf167c,test-fy-stb-b5cf167c,,,,,,,"{""top"": [], ""updatedAt"": ""2026-09-16T19:29:43.258Z"", ""sampleSize"": 0, ""windowDays"": 90, ""latestSpinAt"": null, ""excludedCount"": 0, ""genreCoverage"": 0, ""readinessTier"": ""insufficient"", ""resolvedCount"": 0, ""resolutionRate"": 0, ""datedTrackCount"": 0, ""genreTaggedCount"": 0, ""uniqueTrackCount"": 0, ""uniqueArtistCount"": 0, ""unknownGenreCount"": 0, ""datedTrackCoverage"": 0}",curated,curated,,f
Station B b8d359aa,test-fy-stb-b8d359aa,,,,,,,"{""top"": [], ""updatedAt"": ""2026-09-16T19:29:55.870Z"", ""sampleSize"": 0, ""windowDays"": 90, ""latestSpinAt"": null, ""excludedCount"": 0, ""genreCoverage"": 0, ""readinessTier"": ""insufficient"", ""resolvedCount"": 0, ""resolutionRate"": 0, ""datedTrackCount"": 0, ""genreTaggedCount"": 0, ""uniqueTrackCount"": 0, ""uniqueArtistCount"": 0, ""unknownGenreCount"": 0, ""datedTrackCoverage"": 0}",curated,curated,,f
Station B bb0f3e29,test-fy-stb-bb0f3e29,,,,,,,"{""top"": [], ""updatedAt"": ""2026-09-16T19:30:14.347Z"", ""sampleSize"": 0, ""windowDays"": 90, ""latestSpinAt"": null, ""excludedCount"": 0, ""genreCoverage"": 0, ""readinessTier"": ""insufficient"", ""resolvedCount"": 0, ""resolutionRate"": 0, ""datedTrackCount"": 0, ""genreTaggedCount"": 0, ""uniqueTrackCount"": 0, ""uniqueArtistCount"": 0, ""unknownGenreCount"": 0, ""datedTrackCoverage"": 0}",curated,curated,,f
Station B ec8fbfd5,test-fy-stb-ec8fbfd5,,,,,,,"{""top"": [], ""updatedAt"": ""2026-09-16T19:29:15.283Z"", ""sampleSize"": 0, ""windowDays"": 90, ""latestSpinAt"": null, ""excludedCount"": 0, ""genreCoverage"": 0, ""readinessTier"": ""insufficient"", ""resolvedCount"": 0, ""resolutionRate"": 0, ""datedTrackCount"": 0, ""genreTaggedCount"": 0, ""uniqueTrackCount"": 0, ""uniqueArtistCount"": 0, ""unknownGenreCount"": 0, ""datedTrackCoverage"": 0}",curated,curated,,f
Super Radio,super-radio,,Croatia,https://superradio.hr/,"[""folk"", ""folk music"", ""local news"", ""pop""]",Super Radio &#8211; Najslušaniji Radio u BBŽ,,"{""top"": [], ""updatedAt"": ""2026-09-16T19:29:40.367Z"", ""sampleSize"": 0, ""windowDays"": 90, ""latestSpinAt"": null, ""excludedCount"": 0, ""genreCoverage"": 0, ""readinessTier"": ""insufficient"", ""resolvedCount"": 0, ""resolutionRate"": 0, ""datedTrackCount"": 0, ""genreTaggedCount"": 0, ""uniqueTrackCount"": 0, ""uniqueArtistCount"": 0, ""unknownGenreCount"": 0, ""datedTrackCoverage"": 0}",curated,radio_browser,,f
Super45.fm,super45-fm,,Chile,https://super45.fm/,"[""experimental"", ""indie""]",Radio online desde Santiago de Chile. Probablemente la mejor radio del mundo.,"{""top"": [{""count"": 672, ""genre"": ""rock""}, {""count"": 352, ""genre"": ""electronic""}, {""count"": 350, ""genre"": ""indie rock""}, {""count"": 254, ""genre"": ""alternative rock""}, {""count"": 208, ""genre"": ""pop""}, {""count"": 123, ""genre"": ""indie pop""}, {""count"": 100, ""genre"": ""ambient""}, {""count"": 82, ""genre"": ""punk""}], ""totalCount"": 5138, ""unknownCount"": 3991}","{""top"": [{""count"": 672, ""genre"": ""rock""}, {""count"": 352, ""genre"": ""electronic""}, {""count"": 350, ""genre"": ""indie rock""}, {""count"": 254, ""genre"": ""alternative rock""}, {""count"": 208, ""genre"": ""pop""}, {""count"": 123, ""genre"": ""indie pop""}, {""count"": 100, ""genre"": ""ambient""}, {""count"": 82, ""genre"": ""punk""}], ""updatedAt"": ""2026-09-16T19:16:48.183Z"", ""sampleSize"": 8153, ""windowDays"": 90, ""latestSpinAt"": ""2026-09-16T19:12:04.366Z"", ""excludedCount"": 211, ""genreCoverage"": 0.22529954822235318, ""readinessTier"": ""ready"", ""resolvedCount"": 5091, ""resolutionRate"": 0.6244327241506195, ""datedTrackCount"": 4506, ""genreTaggedCount"": 1147, ""uniqueTrackCount"": 2646, ""uniqueArtistCount"": 1370, ""unknownGenreCount"": 3944, ""datedTrackCoverage"": 0.8850913376546847}",curated,radio_browser,,f
Svensk Folkmusik - AkkA radio,svensk-folkmusik-akka-radio,,Sweden,http://www.svenskfolkmusik.nu/,"[""folk"", ""folk music"", ""folkmusik"", ""svensk"", ""svensk folkmusik"", ""swedish"", ""traditional""]",Lillan Amsterdam,"{""top"": [{""count"": 5, ""genre"": ""folk""}, {""count"": 1, ""genre"": ""christmas music""}, {""count"": 1, ""genre"": ""jazz""}], ""totalCount"": 268, ""unknownCount"": 263}","{""top"": [{""count"": 5, ""genre"": ""folk""}, {""count"": 1, ""genre"": ""christmas music""}, {""count"": 1, ""genre"": ""jazz""}], ""updatedAt"": ""2026-09-16T19:14:43.074Z"", ""sampleSize"": 3998, ""windowDays"": 90, ""latestSpinAt"": ""2026-09-16T11:33:16.447Z"", ""excludedCount"": 8, ""genreCoverage"": 0.01893939393939394, ""readinessTier"": ""provisional"", ""resolvedCount"": 264, ""resolutionRate"": 0.06603301650825413, ""datedTrackCount"": 197, ""genreTaggedCount"": 5, ""uniqueTrackCount"": 243, ""uniqueArtistCount"": 147, ""unknownGenreCount"": 259, ""datedTrackCoverage"": 0.7462121212121212}",curated,radio_browser,,f
Sveriges Radio P2 flac,sveriges-radio-p2-flac,,Sweden,https://www.sverigesradio/p2,"[""classical music"", ""folk"", ""jazz""]",,"{""top"": [], ""totalCount"": 18, ""unknownCount"": 18}","{""top"": [], ""updatedAt"": ""2026-09-16T19:18:45.757Z"", ""sampleSize"": 1503, ""windowDays"": 90, ""latestSpinAt"": ""2026-09-16T11:31:30.815Z"", ""excludedCount"": 111, ""genreCoverage"": 0, ""readinessTier"": ""insufficient"", ""resolvedCount"": 18, ""resolutionRate"": 0.011976047904191617, ""datedTrackCount"": 0, ""genreTaggedCount"": 0, ""uniqueTrackCount"": 18, ""uniqueArtistCount"": 18, ""unknownGenreCount"": 18, ""datedTrackCoverage"": 0}",curated,radio_browser,,f
Synthradio,synthradio,,The Russian Federation,http://synth-radio.ru/,"[""new wave"", ""synth"", ""synthesizer"", ""synthwave""]","Лучшая электронная музыка - Synthpop, Alternative, EBM, Futurepop и многое другое на Synth Radio! Круглосуточно!","{""top"": [{""count"": 1680, ""genre"": ""electronic""}, {""count"": 1247, ""genre"": ""synth-pop""}, {""count"": 556, ""genre"": ""pop""}, {""count"": 394, ""genre"": ""ebm""}, {""count"": 376, ""genre"": ""futurepop""}, {""count"": 332, ""genre"": ""electro""}, {""count"": 239, ""genre"": ""rock""}, {""count"": 195, ""genre"": ""industrial""}], ""totalCount"": 7799, ""unknownCount"": 5796}","{""top"": [{""count"": 1658, ""genre"": ""electronic""}, {""count"": 1237, ""genre"": ""synth-pop""}, {""count"": 556, ""genre"": ""pop""}, {""count"": 391, ""genre"": ""ebm""}, {""count"": 365, ""genre"": ""futurepop""}, {""count"": 322, ""genre"": ""electro""}, {""count"": 239, ""genre"": ""rock""}, {""count"": 187, ""genre"": ""electropop""}], ""updatedAt"": ""2026-09-16T19:17:47.467Z"", ""sampleSize"": 10335, ""windowDays"": 90, ""latestSpinAt"": ""2026-09-16T19:16:00.463Z"", ""excludedCount"": 76, ""genreCoverage"": 0.25567888487351575, ""readinessTier"": ""ready"", ""resolvedCount"": 7748, ""resolutionRate"": 0.7496855345911949, ""datedTrackCount"": 7402, ""genreTaggedCount"": 1981, ""uniqueTrackCount"": 2328, ""uniqueArtistCount"": 759, ""unknownGenreCount"": 5767, ""datedTrackCoverage"": 0.9553433144037171}",curated,radio_browser,,f
Systrum Sistum - SSR1,systrum-sistum-ssr1,,Australia,https://www.systrum.net/,"[""ambient"", ""drone"", ""electronica"", ""experimental""]",Ambient Radio | Radio Electronica,"{""top"": [{""count"": 28, ""genre"": ""ambient""}, {""count"": 22, ""genre"": ""electronic""}, {""count"": 10, ""genre"": ""experimental""}, {""count"": 8, ""genre"": ""drone""}, {""count"": 8, ""genre"": ""idm""}, {""count"": 3, ""genre"": ""dance""}, {""count"": 3, ""genre"": ""downtempo""}, {""count"": 3, ""genre"": ""glitch""}], ""totalCount"": 312, ""unknownCount"": 279}","{""top"": [{""count"": 28, ""genre"": ""ambient""}, {""count"": 22, ""genre"": ""electronic""}, {""count"": 10, ""genre"": ""experimental""}, {""count"": 8, ""genre"": ""drone""}, {""count"": 8, ""genre"": ""idm""}, {""count"": 3, ""genre"": ""dance""}, {""count"": 3, ""genre"": ""downtempo""}, {""count"": 3, ""genre"": ""glitch""}], ""updatedAt"": ""2026-09-16T19:29:58.458Z"", ""sampleSize"": 586, ""windowDays"": 90, ""latestSpinAt"": ""2026-09-16T19:25:38.665Z"", ""excludedCount"": 0, ""genreCoverage"": 0.10576923076923077, ""readinessTier"": ""ready"", ""resolvedCount"": 312, ""resolutionRate"": 0.5324232081911263, ""datedTrackCount"": 306, ""genreTaggedCount"": 33, ""uniqueTrackCount"": 282, ""uniqueArtistCount"": 232, ""unknownGenreCount"": 279, ""datedTrackCoverage"": 0.9807692307692307}",curated,radio_browser,,f
Systrum Sistum - SSR2,systrum-sistum-ssr2,,Australia,https://www.systrum.net/,"[""electro"", ""electronica"", ""idm"", ""techno""]",Ambient Radio | Radio Electronica,"{""top"": [{""count"": 226, ""genre"": ""electronic""}, {""count"": 154, ""genre"": ""idm""}, {""count"": 134, ""genre"": ""ambient""}, {""count"": 90, ""genre"": ""downtempo""}, {""count"": 55, ""genre"": ""techno""}, {""count"": 49, ""genre"": ""experimental""}, {""count"": 34, ""genre"": ""glitch""}, {""count"": 33, ""genre"": ""ambient techno""}], ""totalCount"": 3191, ""unknownCount"": 2835}","{""top"": [{""count"": 226, ""genre"": ""electronic""}, {""count"": 154, ""genre"": ""idm""}, {""count"": 134, ""genre"": ""ambient""}, {""count"": 90, ""genre"": ""downtempo""}, {""count"": 55, ""genre"": ""techno""}, {""count"": 49, ""genre"": ""experimental""}, {""count"": 34, ""genre"": ""glitch""}, {""count"": 33, ""genre"": ""ambient techno""}], ""updatedAt"": ""2026-09-16T19:17:06.959Z"", ""sampleSize"": 5644, ""windowDays"": 90, ""latestSpinAt"": ""2026-09-16T19:15:12.476Z"", ""excludedCount"": 630, ""genreCoverage"": 0.11226742352570167, ""readinessTier"": ""ready"", ""resolvedCount"": 3171, ""resolutionRate"": 0.5618355776045358, ""datedTrackCount"": 3113, ""genreTaggedCount"": 356, ""uniqueTrackCount"": 1700, ""uniqueArtistCount"": 1053, ""unknownGenreCount"": 2815, ""datedTrackCoverage"": 0.9817092399873857}",curated,radio_browser,,f
Teenage Kicks Radio,teenage-kicks-radio,,The United Kingdom Of Great Britain And Northern Ireland,https://teenagekicksradio.blogspot.com/,"[""new wave"", ""pop and electronic music from the late 70s and the 80s"", ""punk""]",Teenage Kicks Radio,,"{""top"": [], ""updatedAt"": ""2026-09-16T19:18:25.879Z"", ""sampleSize"": 0, ""windowDays"": 90, ""latestSpinAt"": null, ""excludedCount"": 0, ""genreCoverage"": 0, ""readinessTier"": ""insufficient"", ""resolvedCount"": 0, ""resolutionRate"": 0, ""datedTrackCount"": 0, ""genreTaggedCount"": 0, ""uniqueTrackCount"": 0, ""uniqueArtistCount"": 0, ""unknownGenreCount"": 0, ""datedTrackCoverage"": 0}",curated,radio_browser,,f
The Lot Radio,the-lot-radio,The Lot Radio,US,https://www.thelotradio.com,"[""indie"", ""specialist""]",THE LOT RADIO,"{""top"": [], ""totalCount"": 10, ""unknownCount"": 10}","{""top"": [], ""updatedAt"": ""2026-09-16T19:24:47.356Z"", ""sampleSize"": 284, ""windowDays"": 90, ""latestSpinAt"": ""2026-09-16T04:10:44.813Z"", ""excludedCount"": 0, ""genreCoverage"": 0, ""readinessTier"": ""insufficient"", ""resolvedCount"": 10, ""resolutionRate"": 0.035211267605633804, ""datedTrackCount"": 0, ""genreTaggedCount"": 0, ""uniqueTrackCount"": 10, ""uniqueArtistCount"": 10, ""unknownGenreCount"": 10, ""datedTrackCoverage"": 0}",community,curated,human,f
The Tube | NTS,the-tube-nts,,The United Kingdom Of Great Britain And Northern Ireland,https://www.nts.live/infinite-mixtapes/the-tube,"[""avant-garde"", ""industrial"", ""minimal wave"", ""post-punk""]","Oddball post-punk, industrial provocation, and minimal wave.",,"{""top"": [], ""updatedAt"": ""2026-09-16T19:17:24.676Z"", ""sampleSize"": 0, ""windowDays"": 90, ""latestSpinAt"": null, ""excludedCount"": 0, ""genreCoverage"": 0, ""readinessTier"": ""insufficient"", ""resolvedCount"": 0, ""resolutionRate"": 0, ""datedTrackCount"": 0, ""genreTaggedCount"": 0, ""uniqueTrackCount"": 0, ""uniqueArtistCount"": 0, ""unknownGenreCount"": 0, ""datedTrackCoverage"": 0}",curated,radio_browser,,f
Thin Enqueue Station,thin-enq-st-f3ab3835,,,,"[""rare-genre-f3ab3835""]",,"{""top"": [], ""totalCount"": 1, ""unknownCount"": 1}","{""top"": [], ""updatedAt"": ""2026-09-16T19:16:47.056Z"", ""sampleSize"": 1, ""windowDays"": 90, ""latestSpinAt"": ""2026-07-08T05:45:18.275Z"", ""excludedCount"": 0, ""genreCoverage"": 0, ""readinessTier"": ""insufficient"", ""resolvedCount"": 1, ""resolutionRate"": 1, ""datedTrackCount"": 0, ""genreTaggedCount"": 0, ""uniqueTrackCount"": 1, ""uniqueArtistCount"": 1, ""unknownGenreCount"": 1, ""datedTrackCoverage"": 0}",curated,curated,,f
Tinder Radio - Bollywood,tinder-radio-bollywood,,The United Arab Emirates,https://tinder.radio/,"[""bollywood"", ""world""]",,"{""top"": [{""count"": 18, ""genre"": ""pop""}, {""count"": 9, ""genre"": ""indian pop""}, {""count"": 8, ""genre"": ""dance""}, {""count"": 7, ""genre"": ""filmi""}, {""count"": 6, ""genre"": ""hindustani classical""}, {""count"": 6, ""genre"": ""qawwali""}, {""count"": 5, ""genre"": ""europop""}, {""count"": 5, ""genre"": ""soul""}], ""totalCount"": 1819, ""unknownCount"": 1774}","{""top"": [{""count"": 18, ""genre"": ""pop""}, {""count"": 9, ""genre"": ""indian pop""}, {""count"": 8, ""genre"": ""dance""}, {""count"": 7, ""genre"": ""filmi""}, {""count"": 6, ""genre"": ""hindustani classical""}, {""count"": 6, ""genre"": ""qawwali""}, {""count"": 5, ""genre"": ""europop""}, {""count"": 5, ""genre"": ""soul""}], ""updatedAt"": ""2026-09-16T19:21:25.259Z"", ""sampleSize"": 4497, ""windowDays"": 90, ""latestSpinAt"": ""2026-09-16T11:33:03.534Z"", ""excludedCount"": 3, ""genreCoverage"": 0.024752475247524754, ""readinessTier"": ""ready"", ""resolvedCount"": 1818, ""resolutionRate"": 0.4042695130086724, ""datedTrackCount"": 1741, ""genreTaggedCount"": 45, ""uniqueTrackCount"": 389, ""uniqueArtistCount"": 251, ""unknownGenreCount"": 1773, ""datedTrackCoverage"": 0.9576457645764577}",curated,radio_browser,,f
Total instrumental,total-instrumental,,Germany,http://www.radio-total-instrumental.de/,"[""ambient"", ""dance"", ""electronic"", ""instrumental""]",,,"{""top"": [], ""updatedAt"": ""2026-09-16T19:12:23.656Z"", ""sampleSize"": 0, ""windowDays"": 90, ""latestSpinAt"": null, ""excludedCount"": 0, ""genreCoverage"": 0, ""readinessTier"": ""insufficient"", ""resolvedCount"": 0, ""resolutionRate"": 0, ""datedTrackCount"": 0, ""genreTaggedCount"": 0, ""uniqueTrackCount"": 0, ""uniqueArtistCount"": 0, ""unknownGenreCount"": 0, ""datedTrackCoverage"": 0}",curated,radio_browser,,f
Traxx FM - Ambient,traxx-fm-ambient,,Switzerland,http://www.traxx.fm/,"[""ambient"", ""ambient and relaxation music"", ""chill"", ""chillout"", ""commercial-free"", ""no ads"", ""relax"", ""relaxation"", ""relaxation music"", ""relaxing""]",,"{""top"": [{""count"": 11, ""genre"": ""ambient""}, {""count"": 10, ""genre"": ""electronic""}, {""count"": 5, ""genre"": ""downtempo""}, {""count"": 2, ""genre"": ""dark ambient""}, {""count"": 2, ""genre"": ""experimental""}, {""count"": 1, ""genre"": ""drone""}, {""count"": 1, ""genre"": ""dub""}, {""count"": 1, ""genre"": ""dubstep""}], ""totalCount"": 33, ""unknownCount"": 22}","{""top"": [{""count"": 11, ""genre"": ""ambient""}, {""count"": 10, ""genre"": ""electronic""}, {""count"": 5, ""genre"": ""downtempo""}, {""count"": 2, ""genre"": ""dark ambient""}, {""count"": 2, ""genre"": ""experimental""}, {""count"": 1, ""genre"": ""drone""}, {""count"": 1, ""genre"": ""dub""}, {""count"": 1, ""genre"": ""dubstep""}], ""updatedAt"": ""2026-09-16T19:12:29.860Z"", ""sampleSize"": 77, ""windowDays"": 90, ""latestSpinAt"": ""2026-07-26T00:56:30.417Z"", ""excludedCount"": 1, ""genreCoverage"": 0.3333333333333333, ""readinessTier"": ""insufficient"", ""resolvedCount"": 33, ""resolutionRate"": 0.42857142857142855, ""datedTrackCount"": 32, ""genreTaggedCount"": 11, ""uniqueTrackCount"": 31, ""uniqueArtistCount"": 31, ""unknownGenreCount"": 22, ""datedTrackCoverage"": 0.9696969696969697}",curated,radio_browser,,f
Traxx FM - Cool Jam,traxx-fm-cool-jam,,Switzerland,http://www.traxx.fm/,"[""commercial-free"", ""jazz"", ""lounge"", ""no ads"", ""nu jazz"", ""nu-jazz"", ""relax"", ""relaxing"", ""smooth jazz""]",,"{""top"": [{""count"": 174, ""genre"": ""soul""}, {""count"": 139, ""genre"": ""r&b""}, {""count"": 135, ""genre"": ""jazz""}, {""count"": 133, ""genre"": ""electronic""}, {""count"": 98, ""genre"": ""pop""}, {""count"": 86, ""genre"": ""downtempo""}, {""count"": 69, ""genre"": ""contemporary r&b""}, {""count"": 57, ""genre"": ""smooth jazz""}], ""totalCount"": 2479, ""unknownCount"": 1985}","{""top"": [{""count"": 174, ""genre"": ""soul""}, {""count"": 139, ""genre"": ""r&b""}, {""count"": 135, ""genre"": ""jazz""}, {""count"": 133, ""genre"": ""electronic""}, {""count"": 98, ""genre"": ""pop""}, {""count"": 86, ""genre"": ""downtempo""}, {""count"": 69, ""genre"": ""contemporary r&b""}, {""count"": 57, ""genre"": ""smooth jazz""}], ""updatedAt"": ""2026-09-16T19:21:45.259Z"", ""sampleSize"": 4518, ""windowDays"": 90, ""latestSpinAt"": ""2026-09-16T19:17:08.461Z"", ""excludedCount"": 72, ""genreCoverage"": 0.20171498570845242, ""readinessTier"": ""ready"", ""resolvedCount"": 2449, ""resolutionRate"": 0.5420540061974325, ""datedTrackCount"": 2271, ""genreTaggedCount"": 494, ""uniqueTrackCount"": 1388, ""uniqueArtistCount"": 808, ""unknownGenreCount"": 1955, ""datedTrackCoverage"": 0.9273172723560636}",curated,radio_browser,,f
Tukker FM,tukker-fm,,The Netherlands,https://www.tukker.fm/,"[""folk"", ""oldies"", ""piratenhits""]","Tukker FM is hét radiostation voor piratenmuziek. Luister 24/7 naar de beste piratenplaten aller tijden, non-stop.","{""top"": [{""count"": 22, ""genre"": ""pop""}, {""count"": 15, ""genre"": ""schlager""}, {""count"": 13, ""genre"": ""rock""}, {""count"": 11, ""genre"": ""country""}, {""count"": 9, ""genre"": ""pop rock""}, {""count"": 7, ""genre"": ""classic country""}, {""count"": 7, ""genre"": ""classic rock""}, {""count"": 5, ""genre"": ""ballad""}], ""totalCount"": 2320, ""unknownCount"": 2262}","{""top"": [{""count"": 21, ""genre"": ""pop""}, {""count"": 15, ""genre"": ""schlager""}, {""count"": 13, ""genre"": ""rock""}, {""count"": 10, ""genre"": ""country""}, {""count"": 9, ""genre"": ""pop rock""}, {""count"": 7, ""genre"": ""classic country""}, {""count"": 7, ""genre"": ""classic rock""}, {""count"": 5, ""genre"": ""ballad""}], ""updatedAt"": ""2026-09-16T19:13:23.363Z"", ""sampleSize"": 4534, ""windowDays"": 90, ""latestSpinAt"": ""2026-09-16T11:34:30.618Z"", ""excludedCount"": 1027, ""genreCoverage"": 0.024956217162872153, ""readinessTier"": ""ready"", ""resolvedCount"": 2284, ""resolutionRate"": 0.5037494486104984, ""datedTrackCount"": 2074, ""genreTaggedCount"": 57, ""uniqueTrackCount"": 1373, ""uniqueArtistCount"": 806, ""unknownGenreCount"": 2227, ""datedTrackCoverage"": 0.9080560420315237}",curated,radio_browser,,f
UbuntuFM,ubuntufm,,South Africa,https://www.ubuntu.fm/radio,"[""afropop"", ""afrosoul"", ""dancehall"", ""folk"", ""funk"", ""hiphop"", ""jazz"", ""kwaito"", ""latin"", ""nu-jazz"", ""reggae"", ""rock"", ""soul""]",UbuntuFM | broadcasting the Ubuntu message,"{""top"": [], ""totalCount"": 98, ""unknownCount"": 98}","{""top"": [], ""updatedAt"": ""2026-09-16T19:11:22.855Z"", ""sampleSize"": 7, ""windowDays"": 90, ""latestSpinAt"": ""2026-09-11T07:51:09.305Z"", ""excludedCount"": 4334, ""genreCoverage"": 0, ""readinessTier"": ""insufficient"", ""resolvedCount"": 0, ""resolutionRate"": 0, ""datedTrackCount"": 0, ""genreTaggedCount"": 0, ""uniqueTrackCount"": 0, ""uniqueArtistCount"": 0, ""unknownGenreCount"": 0, ""datedTrackCoverage"": 0}",curated,radio_browser,,f
Ultra Dark Radio,ultra-dark-radio,,Germany,http://www.ultradarkradio.com/,"[""80s"", ""alternative"", ""crossover"", ""darkwave"", ""ebm"", ""gothic"", ""industrial"", ""metal"", ""new wave"", ""newcomer"", ""underground""]",,,"{""top"": [], ""updatedAt"": ""2026-09-16T19:18:12.468Z"", ""sampleSize"": 0, ""windowDays"": 90, ""latestSpinAt"": null, ""excludedCount"": 0, ""genreCoverage"": 0, ""readinessTier"": ""insufficient"", ""resolvedCount"": 0, ""resolutionRate"": 0, ""datedTrackCount"": 0, ""genreTaggedCount"": 0, ""uniqueTrackCount"": 0, ""uniqueArtistCount"": 0, ""unknownGenreCount"": 0, ""datedTrackCoverage"": 0}",curated,radio_browser,,f
Ultra Pernik,ultra-pernik,,Bulgaria,,"[""folk""]",,,"{""top"": [], ""updatedAt"": ""2026-09-16T19:15:00.575Z"", ""sampleSize"": 0, ""windowDays"": 90, ""latestSpinAt"": null, ""excludedCount"": 0, ""genreCoverage"": 0, ""readinessTier"": ""insufficient"", ""resolvedCount"": 0, ""resolutionRate"": 0, ""datedTrackCount"": 0, ""genreTaggedCount"": 0, ""uniqueTrackCount"": 0, ""uniqueArtistCount"": 0, ""unknownGenreCount"": 0, ""datedTrackCoverage"": 0}",curated,radio_browser,,f
VOA Macau,voa-macau,,Macao,https://www.voachinese.com/,"[""news"", ""world"", ""world news""]",&#x7F8E;&#x56FD;&#x4E4B;&#x97F3;&#x662F;&#x60A8;&#x7684;&#x53EF;&#x9760;&#x548C;&#x51C6;&#x786E;&#x7684;&#x6709;&#x5173;&#x4E2D;&#x56FD;&#x3001;&#x7F8E;&#x56FD;&#x548C;&#x56FD;&#x9645;&#x65B0;&#x95FB;&#x7684;&#x6765;&#x6E90;&#x3002;&#x6B22;&#x8FCE;&#x6D4F;&#x89C8;&#x7F8E;&#x56FD;,,"{""top"": [], ""updatedAt"": ""2026-09-16T19:19:23.276Z"", ""sampleSize"": 0, ""windowDays"": 90, ""latestSpinAt"": null, ""excludedCount"": 0, ""genreCoverage"": 0, ""readinessTier"": ""insufficient"", ""resolvedCount"": 0, ""resolutionRate"": 0, ""datedTrackCount"": 0, ""genreTaggedCount"": 0, ""uniqueTrackCount"": 0, ""uniqueArtistCount"": 0, ""unknownGenreCount"": 0, ""datedTrackCoverage"": 0}",curated,radio_browser,,f
Velkaton,velkaton,,Bosnia And Herzegovina,http://www.velkaton.ba/,"[""folk""]",107.00 MHz oko srca,,"{""top"": [], ""updatedAt"": ""2026-09-16T19:15:00.456Z"", ""sampleSize"": 0, ""windowDays"": 90, ""latestSpinAt"": null, ""excludedCount"": 0, ""genreCoverage"": 0, ""readinessTier"": ""insufficient"", ""resolvedCount"": 0, ""resolutionRate"": 0, ""datedTrackCount"": 0, ""genreTaggedCount"": 0, ""uniqueTrackCount"": 0, ""uniqueArtistCount"": 0, ""unknownGenreCount"": 0, ""datedTrackCoverage"": 0}",curated,radio_browser,,f
Verdure Station,verdure-station,,The Russian Federation,http://verdure.net/,"[""ambient"", ""deep ambient"", ""idm""]",Verdure station is a non-profit Internet radio station with atmosphere of comfort and peace of mind through music.,"{""top"": [], ""totalCount"": 36, ""unknownCount"": 36}","{""top"": [], ""updatedAt"": ""2026-09-16T19:16:29.476Z"", ""sampleSize"": 326, ""windowDays"": 90, ""latestSpinAt"": ""2026-08-19T08:57:10.961Z"", ""excludedCount"": 0, ""genreCoverage"": 0, ""readinessTier"": ""provisional"", ""resolvedCount"": 36, ""resolutionRate"": 0.11042944785276074, ""datedTrackCount"": 20, ""genreTaggedCount"": 0, ""uniqueTrackCount"": 20, ""uniqueArtistCount"": 20, ""unknownGenreCount"": 36, ""datedTrackCoverage"": 0.5555555555555556}",curated,radio_browser,,f
Voices Radio,voices-radio,Voices Radio,GB,https://www.voicesradio.co.uk/,"[""community"", ""indie"", ""talk""]","Voices - your local London Radio Station and Podcast Studio, streaming live from Coal Drops Yard in Kings Cross",,"{""top"": [], ""updatedAt"": ""2026-09-16T19:30:57.846Z"", ""sampleSize"": 0, ""windowDays"": 90, ""latestSpinAt"": null, ""excludedCount"": 0, ""genreCoverage"": 0, ""readinessTier"": ""insufficient"", ""resolvedCount"": 0, ""resolutionRate"": 0, ""datedTrackCount"": 0, ""genreTaggedCount"": 0, ""uniqueTrackCount"": 0, ""uniqueArtistCount"": 0, ""unknownGenreCount"": 0, ""datedTrackCoverage"": 0}",community,curated,human,t
WBAR 87.9 FM,wbar,Barnard College,US,https://spinitron.com/WBAR/,"[""college""]","student run radio from Barnard College, NYC -- streaming 6am-4am every day",,"{""top"": [], ""updatedAt"": ""2026-09-16T19:26:01.173Z"", ""sampleSize"": 1, ""windowDays"": 90, ""latestSpinAt"": ""2026-07-15T19:48:24.626Z"", ""excludedCount"": 0, ""genreCoverage"": 0, ""readinessTier"": ""insufficient"", ""resolvedCount"": 0, ""resolutionRate"": 0, ""datedTrackCount"": 0, ""genreTaggedCount"": 0, ""uniqueTrackCount"": 0, ""uniqueArtistCount"": 0, ""unknownGenreCount"": 0, ""datedTrackCoverage"": 0}",community,curated,human,f
"WBEZ-HD2 ""Vocalo Stream"" Chicago, IL",wbez-hd2-vocalo-stream-chicago-il,,US,http://vocalo.org/,"[""chicago"", ""community radio"", ""variety"", ""world"", ""world music""]",Vocalo Radio 91.1FM Chicago&#x27;s Urban Alternative + NPR Music - Vocalo Radio 91.1FM Chicago&#x27;s Urban Alternative + NPR Music,"{""top"": [{""count"": 112, ""genre"": ""soul""}, {""count"": 79, ""genre"": ""r&b""}, {""count"": 75, ""genre"": ""hip hop""}, {""count"": 48, ""genre"": ""contemporary r&b""}, {""count"": 39, ""genre"": ""afrobeat""}, {""count"": 38, ""genre"": ""neo soul""}, {""count"": 36, ""genre"": ""pop""}, {""count"": 31, ""genre"": ""alternative r&b""}], ""totalCount"": 3004, ""unknownCount"": 2714}","{""top"": [{""count"": 112, ""genre"": ""soul""}, {""count"": 79, ""genre"": ""r&b""}, {""count"": 75, ""genre"": ""hip hop""}, {""count"": 48, ""genre"": ""contemporary r&b""}, {""count"": 39, ""genre"": ""afrobeat""}, {""count"": 38, ""genre"": ""neo soul""}, {""count"": 36, ""genre"": ""pop""}, {""count"": 31, ""genre"": ""alternative r&b""}], ""updatedAt"": ""2026-09-16T19:21:14.959Z"", ""sampleSize"": 10898, ""windowDays"": 90, ""latestSpinAt"": ""2026-09-16T19:19:51.964Z"", ""excludedCount"": 44, ""genreCoverage"": 0.09695753928452022, ""readinessTier"": ""ready"", ""resolvedCount"": 2991, ""resolutionRate"": 0.27445402826206644, ""datedTrackCount"": 2796, ""genreTaggedCount"": 290, ""uniqueTrackCount"": 1000, ""uniqueArtistCount"": 697, ""unknownGenreCount"": 2701, ""datedTrackCoverage"": 0.9348044132397192}",curated,radio_browser,mixed,f
WBGO 88.3 FM,wbgo,Newark Public Radio,US,https://wbgo.org,"[""public""]",,"{""top"": [{""count"": 43, ""genre"": ""jazz""}, {""count"": 19, ""genre"": ""contemporary jazz""}, {""count"": 15, ""genre"": ""smooth jazz""}, {""count"": 6, ""genre"": ""post-bop""}, {""count"": 5, ""genre"": ""jazz fusion""}, {""count"": 5, ""genre"": ""latin jazz""}, {""count"": 5, ""genre"": ""vocal jazz""}, {""count"": 4, ""genre"": ""jazz-funk""}], ""totalCount"": 335, ""unknownCount"": 290}","{""top"": [{""count"": 43, ""genre"": ""jazz""}, {""count"": 19, ""genre"": ""contemporary jazz""}, {""count"": 15, ""genre"": ""smooth jazz""}, {""count"": 6, ""genre"": ""post-bop""}, {""count"": 5, ""genre"": ""jazz fusion""}, {""count"": 5, ""genre"": ""latin jazz""}, {""count"": 5, ""genre"": ""vocal jazz""}, {""count"": 4, ""genre"": ""jazz-funk""}], ""updatedAt"": ""2026-09-16T19:28:20.463Z"", ""sampleSize"": 971, ""windowDays"": 90, ""latestSpinAt"": ""2026-09-16T19:20:47.873Z"", ""excludedCount"": 0, ""genreCoverage"": 0.13432835820895522, ""readinessTier"": ""ready"", ""resolvedCount"": 335, ""resolutionRate"": 0.345005149330587, ""datedTrackCount"": 305, ""genreTaggedCount"": 45, ""uniqueTrackCount"": 296, ""uniqueArtistCount"": 232, ""unknownGenreCount"": 290, ""datedTrackCoverage"": 0.9104477611940298}",community,curated,human,f
WBMB 1690 AM,wbmb,Baruch College,US,https://spinitron.com/WBMB/,"[""college""]",,,"{""top"": [], ""updatedAt"": ""2026-09-16T19:26:01.664Z"", ""sampleSize"": 0, ""windowDays"": 90, ""latestSpinAt"": null, ""excludedCount"": 0, ""genreCoverage"": 0, ""readinessTier"": ""insufficient"", ""resolvedCount"": 0, ""resolutionRate"": 0, ""datedTrackCount"": 0, ""genreTaggedCount"": 0, ""uniqueTrackCount"": 0, ""uniqueArtistCount"": 0, ""unknownGenreCount"": 0, ""datedTrackCoverage"": 0}",community,curated,human,f
WBRS 100.1 FM,wbrs,Brandeis University,US,https://wbrs.fm,"[""college""]",A broadcast service of WBRS Waltham 100.1 FM: Brandeis University,"{""top"": [{""count"": 126, ""genre"": ""blues""}, {""count"": 123, ""genre"": ""rock""}, {""count"": 81, ""genre"": ""blues rock""}, {""count"": 71, ""genre"": ""electric blues""}, {""count"": 29, ""genre"": ""aor""}, {""count"": 29, ""genre"": ""classic rock""}, {""count"": 26, ""genre"": ""pop""}, {""count"": 22, ""genre"": ""modern blues""}], ""totalCount"": 2256, ""unknownCount"": 2031}","{""top"": [{""count"": 126, ""genre"": ""blues""}, {""count"": 123, ""genre"": ""rock""}, {""count"": 81, ""genre"": ""blues rock""}, {""count"": 71, ""genre"": ""electric blues""}, {""count"": 29, ""genre"": ""aor""}, {""count"": 29, ""genre"": ""classic rock""}, {""count"": 26, ""genre"": ""pop""}, {""count"": 22, ""genre"": ""modern blues""}], ""updatedAt"": ""2026-09-16T19:25:41.456Z"", ""sampleSize"": 3185, ""windowDays"": 90, ""latestSpinAt"": ""2026-09-16T19:11:49.166Z"", ""excludedCount"": 7, ""genreCoverage"": 0.09986684420772303, ""readinessTier"": ""ready"", ""resolvedCount"": 2253, ""resolutionRate"": 0.7073783359497645, ""datedTrackCount"": 2180, ""genreTaggedCount"": 225, ""uniqueTrackCount"": 612, ""uniqueArtistCount"": 404, ""unknownGenreCount"": 2028, ""datedTrackCoverage"": 0.9675987572126055}",community,curated,human,f
WCBN 88.3 FM,wcbn,University of Michigan,US,https://spinitron.com/WCBN/,"[""college""]","WCBN-FM is the University of Michigan&#039;s student-run freeform radio station. We broadcast at 88.3 FM to Washtenaw County and surrounding communities from the basement of the Student Activities Building in Ann Arbor, Michigan.","{""top"": [{""count"": 15, ""genre"": ""rock""}, {""count"": 14, ""genre"": ""electronic""}, {""count"": 8, ""genre"": ""pop""}, {""count"": 8, ""genre"": ""r&b""}, {""count"": 8, ""genre"": ""soul""}, {""count"": 6, ""genre"": ""alternative rock""}, {""count"": 6, ""genre"": ""downtempo""}, {""count"": 6, ""genre"": ""hip hop""}], ""totalCount"": 382, ""unknownCount"": 325}","{""top"": [{""count"": 15, ""genre"": ""rock""}, {""count"": 14, ""genre"": ""electronic""}, {""count"": 8, ""genre"": ""pop""}, {""count"": 8, ""genre"": ""r&b""}, {""count"": 8, ""genre"": ""soul""}, {""count"": 6, ""genre"": ""alternative rock""}, {""count"": 6, ""genre"": ""downtempo""}, {""count"": 6, ""genre"": ""hip hop""}], ""updatedAt"": ""2026-09-16T19:26:27.361Z"", ""sampleSize"": 790, ""windowDays"": 90, ""latestSpinAt"": ""2026-08-19T22:26:44.166Z"", ""excludedCount"": 1, ""genreCoverage"": 0.14960629921259844, ""readinessTier"": ""ready"", ""resolvedCount"": 381, ""resolutionRate"": 0.48227848101265824, ""datedTrackCount"": 341, ""genreTaggedCount"": 57, ""uniqueTrackCount"": 376, ""uniqueArtistCount"": 359, ""unknownGenreCount"": 324, ""datedTrackCoverage"": 0.89501312335958}",community,curated,human,f
WCFM 91.9 FM,wcfm,Williams College,US,https://spinitron.com/WCFM/,"[""college""]","Trusted by over 300 non-commercial stations, Spinitron supports playlist logging, reporting, web publishing, automation, push and much more.","{""top"": [{""count"": 9, ""genre"": ""rock""}, {""count"": 6, ""genre"": ""indie rock""}, {""count"": 3, ""genre"": ""alternative rock""}, {""count"": 3, ""genre"": ""dream pop""}, {""count"": 3, ""genre"": ""electronic""}, {""count"": 3, ""genre"": ""soul""}, {""count"": 2, ""genre"": ""experimental""}, {""count"": 2, ""genre"": ""hip hop""}], ""totalCount"": 81, ""unknownCount"": 65}","{""top"": [{""count"": 9, ""genre"": ""rock""}, {""count"": 6, ""genre"": ""indie rock""}, {""count"": 3, ""genre"": ""alternative rock""}, {""count"": 3, ""genre"": ""dream pop""}, {""count"": 3, ""genre"": ""electronic""}, {""count"": 3, ""genre"": ""soul""}, {""count"": 2, ""genre"": ""experimental""}, {""count"": 2, ""genre"": ""hip hop""}], ""updatedAt"": ""2026-09-16T19:25:46.858Z"", ""sampleSize"": 139, ""windowDays"": 90, ""latestSpinAt"": ""2026-08-19T22:16:59.976Z"", ""excludedCount"": 1, ""genreCoverage"": 0.19753086419753085, ""readinessTier"": ""ready"", ""resolvedCount"": 81, ""resolutionRate"": 0.5827338129496403, ""datedTrackCount"": 74, ""genreTaggedCount"": 16, ""uniqueTrackCount"": 77, ""uniqueArtistCount"": 76, ""unknownGenreCount"": 65, ""datedTrackCoverage"": 0.9135802469135802}",community,curated,human,f
WDCE 90.1 FM,wdce,University of Richmond,US,https://spinitron.com/WDCE/,"[""college""]","Trusted by over 300 non-commercial stations, Spinitron supports playlist logging, reporting, web publishing, automation, push and much more.","{""top"": [{""count"": 21, ""genre"": ""rock""}, {""count"": 11, ""genre"": ""electronic""}, {""count"": 10, ""genre"": ""indie rock""}, {""count"": 8, ""genre"": ""idm""}, {""count"": 7, ""genre"": ""alternative rock""}, {""count"": 6, ""genre"": ""downtempo""}, {""count"": 5, ""genre"": ""hauntology""}, {""count"": 5, ""genre"": ""indie pop""}], ""totalCount"": 656, ""unknownCount"": 609}","{""top"": [{""count"": 21, ""genre"": ""rock""}, {""count"": 11, ""genre"": ""electronic""}, {""count"": 10, ""genre"": ""indie rock""}, {""count"": 8, ""genre"": ""idm""}, {""count"": 7, ""genre"": ""alternative rock""}, {""count"": 6, ""genre"": ""downtempo""}, {""count"": 5, ""genre"": ""hauntology""}, {""count"": 5, ""genre"": ""indie pop""}], ""updatedAt"": ""2026-09-16T19:26:13.060Z"", ""sampleSize"": 976, ""windowDays"": 90, ""latestSpinAt"": ""2026-08-19T22:29:03.272Z"", ""excludedCount"": 0, ""genreCoverage"": 0.07164634146341463, ""readinessTier"": ""ready"", ""resolvedCount"": 656, ""resolutionRate"": 0.6721311475409836, ""datedTrackCount"": 642, ""genreTaggedCount"": 47, ""uniqueTrackCount"": 549, ""uniqueArtistCount"": 495, ""unknownGenreCount"": 609, ""datedTrackCoverage"": 0.9786585365853658}",community,curated,human,f
WDET 101.9 FM,wdet,Wayne State University,US,https://spinitron.com/WDET/,"[""college""]",,,"{""top"": [], ""updatedAt"": ""2026-09-16T19:26:27.763Z"", ""sampleSize"": 0, ""windowDays"": 90, ""latestSpinAt"": null, ""excludedCount"": 0, ""genreCoverage"": 0, ""readinessTier"": ""insufficient"", ""resolvedCount"": 0, ""resolutionRate"": 0, ""datedTrackCount"": 0, ""genreTaggedCount"": 0, ""uniqueTrackCount"": 0, ""uniqueArtistCount"": 0, ""unknownGenreCount"": 0, ""datedTrackCoverage"": 0}",community,curated,human,f
WDIY 88.1 FM,wdiy,WDIY,US,https://www.wdiy.org,"[""public""]","Lehigh Valley&#x27;s NPR station since 1995 with local news, public affairs, and an eclectic mix of music.","{""top"": [{""count"": 5, ""genre"": ""rock""}, {""count"": 2, ""genre"": ""alternative rock""}, {""count"": 2, ""genre"": ""classic rock""}, {""count"": 1, ""genre"": ""alternative pop""}, {""count"": 1, ""genre"": ""britpop""}, {""count"": 1, ""genre"": ""downtempo""}, {""count"": 1, ""genre"": ""electronic""}, {""count"": 1, ""genre"": ""hard rock""}], ""totalCount"": 138, ""unknownCount"": 133}","{""top"": [{""count"": 5, ""genre"": ""rock""}, {""count"": 2, ""genre"": ""alternative rock""}, {""count"": 2, ""genre"": ""classic rock""}, {""count"": 1, ""genre"": ""alternative pop""}, {""count"": 1, ""genre"": ""britpop""}, {""count"": 1, ""genre"": ""downtempo""}, {""count"": 1, ""genre"": ""electronic""}, {""count"": 1, ""genre"": ""hard rock""}], ""updatedAt"": ""2026-09-16T19:28:31.861Z"", ""sampleSize"": 2364, ""windowDays"": 90, ""latestSpinAt"": ""2026-09-16T19:25:36.861Z"", ""excludedCount"": 0, ""genreCoverage"": 0.036231884057971016, ""readinessTier"": ""provisional"", ""resolvedCount"": 138, ""resolutionRate"": 0.0583756345177665, ""datedTrackCount"": 72, ""genreTaggedCount"": 5, ""uniqueTrackCount"": 119, ""uniqueArtistCount"": 106, ""unknownGenreCount"": 133, ""datedTrackCoverage"": 0.5217391304347826}",community,curated,human,f
WDR 3 HQ,wdr-3-hq,,Germany,https://www1.wdr.de/radio/wdr3/,"[""classic"", ""classical"", ""jazz"", ""world"", ""world music""]","Der Internetauftritt des Kulturradios WDR 3. Mit Informationen zu unserem Programm mit klassischer Musik, Oper, Jazz, Feature, Hörspiel und aktueller Kultur. Dazu der WDR 3 Konzertplayer, der WDR 3 Hörspielplayer, Livestreams und Veranstaltungen.",,"{""top"": [], ""updatedAt"": ""2026-09-16T19:19:12.377Z"", ""sampleSize"": 0, ""windowDays"": 90, ""latestSpinAt"": null, ""excludedCount"": 0, ""genreCoverage"": 0, ""readinessTier"": ""insufficient"", ""resolvedCount"": 0, ""resolutionRate"": 0, ""datedTrackCount"": 0, ""genreTaggedCount"": 0, ""uniqueTrackCount"": 0, ""uniqueArtistCount"": 0, ""unknownGenreCount"": 0, ""datedTrackCoverage"": 0}",curated,radio_browser,mixed,f
WDR COSMO,wdr-cosmo,,Germany,http://www.cosmoradio.de/,"[""global"", ""multicultural"", ""multikulti"", ""pop"", ""world"", ""world music""]",COSMO ist das Radio mit Global Pop und Stimmen aus aller Welt. Wir liefern den Soundtrack für das 21. Jahrhundert.,,"{""top"": [], ""updatedAt"": ""2026-09-16T19:18:50.671Z"", ""sampleSize"": 0, ""windowDays"": 90, ""latestSpinAt"": null, ""excludedCount"": 0, ""genreCoverage"": 0, ""readinessTier"": ""insufficient"", ""resolvedCount"": 0, ""resolutionRate"": 0, ""datedTrackCount"": 0, ""genreTaggedCount"": 0, ""uniqueTrackCount"": 0, ""uniqueArtistCount"": 0, ""unknownGenreCount"": 0, ""datedTrackCoverage"": 0}",curated,radio_browser,mixed,f
WDR COSMO -- (https),wdr-cosmo-https,,Germany,https://www1.wdr.de/radio/cosmo/index.html,"[""diversity"", ""global"", ""international"", ""multicultural"", ""pop"", ""talk"", ""urban"", ""world"", ""world music""]",COSMO ist das Radio mit Global Pop und Stimmen aus aller Welt. Wir liefern den Soundtrack für das 21. Jahrhundert.,,"{""top"": [], ""updatedAt"": ""2026-09-16T19:27:52.457Z"", ""sampleSize"": 0, ""windowDays"": 90, ""latestSpinAt"": null, ""excludedCount"": 0, ""genreCoverage"": 0, ""readinessTier"": ""insufficient"", ""resolvedCount"": 0, ""resolutionRate"": 0, ""datedTrackCount"": 0, ""genreTaggedCount"": 0, ""uniqueTrackCount"": 0, ""uniqueArtistCount"": 0, ""unknownGenreCount"": 0, ""datedTrackCoverage"": 0}",curated,radio_browser,mixed,f
WEFT 90.1 FM,weft,WEFT Community Radio,US,https://spinitron.com/WEFT/,,"Broadcasting since 1981, WEFT 90.1 FM is an accessible, responsible, and responsive radio alternative serving the communities of East Central Illinois.","{""top"": [{""count"": 17, ""genre"": ""jazz""}, {""count"": 15, ""genre"": ""rock""}, {""count"": 11, ""genre"": ""funk""}, {""count"": 11, ""genre"": ""pop""}, {""count"": 10, ""genre"": ""blues""}, {""count"": 10, ""genre"": ""soul""}, {""count"": 9, ""genre"": ""cool jazz""}, {""count"": 9, ""genre"": ""r&b""}], ""totalCount"": 442, ""unknownCount"": 359}","{""top"": [{""count"": 17, ""genre"": ""jazz""}, {""count"": 15, ""genre"": ""rock""}, {""count"": 11, ""genre"": ""funk""}, {""count"": 11, ""genre"": ""pop""}, {""count"": 10, ""genre"": ""blues""}, {""count"": 10, ""genre"": ""soul""}, {""count"": 9, ""genre"": ""cool jazz""}, {""count"": 9, ""genre"": ""r&b""}], ""updatedAt"": ""2026-09-16T19:26:26.869Z"", ""sampleSize"": 900, ""windowDays"": 90, ""latestSpinAt"": ""2026-08-19T22:02:19.264Z"", ""excludedCount"": 1, ""genreCoverage"": 0.18820861678004536, ""readinessTier"": ""ready"", ""resolvedCount"": 441, ""resolutionRate"": 0.49, ""datedTrackCount"": 402, ""genreTaggedCount"": 83, ""uniqueTrackCount"": 404, ""uniqueArtistCount"": 383, ""unknownGenreCount"": 358, ""datedTrackCoverage"": 0.9115646258503401}",community,curated,human,f
WERS 88.9 FM,wers,Emerson College,US,https://spinitron.com/WERS/,"[""college""]",,,"{""top"": [], ""updatedAt"": ""2026-09-16T19:25:41.359Z"", ""sampleSize"": 0, ""windowDays"": 90, ""latestSpinAt"": null, ""excludedCount"": 0, ""genreCoverage"": 0, ""readinessTier"": ""insufficient"", ""resolvedCount"": 0, ""resolutionRate"": 0, ""datedTrackCount"": 0, ""genreTaggedCount"": 0, ""uniqueTrackCount"": 0, ""uniqueArtistCount"": 0, ""unknownGenreCount"": 0, ""datedTrackCoverage"": 0}",community,curated,human,f
WESU 88.1 FM,wesu,Wesleyan University,US,https://wesufm.org,"[""college""]",A community service of Wesleyan university since 1939,"{""top"": [{""count"": 5, ""genre"": ""rock""}, {""count"": 4, ""genre"": ""blues""}, {""count"": 4, ""genre"": ""electronic""}, {""count"": 4, ""genre"": ""pop""}, {""count"": 3, ""genre"": ""dubstep""}, {""count"": 3, ""genre"": ""grime""}, {""count"": 2, ""genre"": ""jazz""}, {""count"": 2, ""genre"": ""punk""}], ""totalCount"": 204, ""unknownCount"": 184}","{""top"": [{""count"": 5, ""genre"": ""rock""}, {""count"": 4, ""genre"": ""blues""}, {""count"": 4, ""genre"": ""electronic""}, {""count"": 4, ""genre"": ""pop""}, {""count"": 3, ""genre"": ""dubstep""}, {""count"": 3, ""genre"": ""grime""}, {""count"": 2, ""genre"": ""jazz""}, {""count"": 2, ""genre"": ""punk""}], ""updatedAt"": ""2026-09-16T19:28:18.356Z"", ""sampleSize"": 430, ""windowDays"": 90, ""latestSpinAt"": ""2026-08-19T22:16:30.173Z"", ""excludedCount"": 0, ""genreCoverage"": 0.09803921568627451, ""readinessTier"": ""ready"", ""resolvedCount"": 204, ""resolutionRate"": 0.4744186046511628, ""datedTrackCount"": 186, ""genreTaggedCount"": 20, ""uniqueTrackCount"": 175, ""uniqueArtistCount"": 167, ""unknownGenreCount"": 184, ""datedTrackCoverage"": 0.9117647058823529}",community,curated,human,f
"WFMT 98.7 Chicago, IL (MP3)",wfmt-98-7-chicago-il-mp3,,US,http://www.wfmt.com/,"[""chicago"", ""classical"", ""fine arts"", ""folk"", ""folks""]","Hear superlative classical programs, concerts, and live events you cannot hear anywhere else – broadcasts your favorite orchestras and festivals — and more.","{""top"": [], ""totalCount"": 44, ""unknownCount"": 44}","{""top"": [], ""updatedAt"": ""2026-09-16T19:24:48.259Z"", ""sampleSize"": 1498, ""windowDays"": 90, ""latestSpinAt"": ""2026-09-16T19:24:05.258Z"", ""excludedCount"": 1, ""genreCoverage"": 0, ""readinessTier"": ""provisional"", ""resolvedCount"": 44, ""resolutionRate"": 0.029372496662216287, ""datedTrackCount"": 7, ""genreTaggedCount"": 0, ""uniqueTrackCount"": 41, ""uniqueArtistCount"": 35, ""unknownGenreCount"": 44, ""datedTrackCoverage"": 0.1590909090909091}",curated,radio_browser,,f
WFMU 91.1 FM,wfmu,WFMU,US,https://wfmu.org,,"WFMU-FM 91.1/Jersey City, NJ; 90.1/Hudson Valley, NY","{""top"": [], ""totalCount"": 1, ""unknownCount"": 1}","{""top"": [], ""updatedAt"": ""2026-09-16T19:10:00.791Z"", ""sampleSize"": 33, ""windowDays"": 90, ""latestSpinAt"": ""2026-09-16T06:52:04.744Z"", ""excludedCount"": 0, ""genreCoverage"": 0, ""readinessTier"": ""insufficient"", ""resolvedCount"": 1, ""resolutionRate"": 0.030303030303030304, ""datedTrackCount"": 0, ""genreTaggedCount"": 0, ""uniqueTrackCount"": 1, ""uniqueArtistCount"": 1, ""unknownGenreCount"": 1, ""datedTrackCoverage"": 0}",community,curated,human,f
WGAM,wgam,University of New Hampshire,US,https://spinitron.com/WGAM/,"[""college""]",,,"{""top"": [], ""updatedAt"": ""2026-09-16T19:25:47.155Z"", ""sampleSize"": 0, ""windowDays"": 90, ""latestSpinAt"": null, ""excludedCount"": 0, ""genreCoverage"": 0, ""readinessTier"": ""insufficient"", ""resolvedCount"": 0, ""resolutionRate"": 0, ""datedTrackCount"": 0, ""genreTaggedCount"": 0, ""uniqueTrackCount"": 0, ""uniqueArtistCount"": 0, ""unknownGenreCount"": 0, ""datedTrackCoverage"": 0}",community,curated,human,f
WGSU 89.3 FM,wgsu,SUNY Geneseo,US,https://spinitron.com/WGSU/,,,,"{""top"": [], ""updatedAt"": ""2026-09-16T19:26:01.271Z"", ""sampleSize"": 0, ""windowDays"": 90, ""latestSpinAt"": null, ""excludedCount"": 0, ""genreCoverage"": 0, ""readinessTier"": ""insufficient"", ""resolvedCount"": 0, ""resolutionRate"": 0, ""datedTrackCount"": 0, ""genreTaggedCount"": 0, ""uniqueTrackCount"": 0, ""uniqueArtistCount"": 0, ""unknownGenreCount"": 0, ""datedTrackCoverage"": 0}",community,curated,human,f
WHPK 88.5 FM,whpk,University of Chicago,US,https://whpk.uchicago.edu,"[""college""]",The University of Chicago,,"{""top"": [], ""updatedAt"": ""2026-09-16T19:26:26.456Z"", ""sampleSize"": 0, ""windowDays"": 90, ""latestSpinAt"": null, ""excludedCount"": 0, ""genreCoverage"": 0, ""readinessTier"": ""insufficient"", ""resolvedCount"": 0, ""resolutionRate"": 0, ""datedTrackCount"": 0, ""genreTaggedCount"": 0, ""uniqueTrackCount"": 0, ""uniqueArtistCount"": 0, ""unknownGenreCount"": 0, ""datedTrackCoverage"": 0}",community,curated,human,f
WHRB 95.3 FM,whrb,Harvard University,US,https://whrb.org,"[""college""]","Listen to Harvard Radio Broadcasting, WHRB 95.3 FM Cambridge","{""top"": [{""count"": 51, ""genre"": ""jazz""}, {""count"": 37, ""genre"": ""rock""}, {""count"": 20, ""genre"": ""electronic""}, {""count"": 17, ""genre"": ""alternative rock""}, {""count"": 16, ""genre"": ""indie rock""}, {""count"": 14, ""genre"": ""experimental""}, {""count"": 11, ""genre"": ""bebop""}, {""count"": 11, ""genre"": ""contemporary jazz""}], ""totalCount"": 728, ""unknownCount"": 608}","{""top"": [{""count"": 51, ""genre"": ""jazz""}, {""count"": 37, ""genre"": ""rock""}, {""count"": 20, ""genre"": ""electronic""}, {""count"": 17, ""genre"": ""alternative rock""}, {""count"": 16, ""genre"": ""indie rock""}, {""count"": 14, ""genre"": ""experimental""}, {""count"": 11, ""genre"": ""bebop""}, {""count"": 11, ""genre"": ""contemporary jazz""}], ""updatedAt"": ""2026-09-16T19:10:00.276Z"", ""sampleSize"": 2270, ""windowDays"": 90, ""latestSpinAt"": ""2026-09-16T11:25:37.226Z"", ""excludedCount"": 2, ""genreCoverage"": 0.16483516483516483, ""readinessTier"": ""ready"", ""resolvedCount"": 728, ""resolutionRate"": 0.320704845814978, ""datedTrackCount"": 645, ""genreTaggedCount"": 120, ""uniqueTrackCount"": 679, ""uniqueArtistCount"": 547, ""unknownGenreCount"": 608, ""datedTrackCoverage"": 0.885989010989011}",community,curated,human,f
WICB 91.7 FM,wicb,Ithaca College,US,https://wicb.org,"[""college""]",The Station for Innovation,"{""top"": [{""count"": 30, ""genre"": ""rock""}, {""count"": 22, ""genre"": ""indie rock""}, {""count"": 8, ""genre"": ""electronic""}, {""count"": 7, ""genre"": ""indie pop""}, {""count"": 7, ""genre"": ""r&b""}, {""count"": 6, ""genre"": ""soul""}, {""count"": 5, ""genre"": ""blues""}, {""count"": 5, ""genre"": ""geek rock""}], ""totalCount"": 496, ""unknownCount"": 440}","{""top"": [{""count"": 30, ""genre"": ""rock""}, {""count"": 22, ""genre"": ""indie rock""}, {""count"": 8, ""genre"": ""electronic""}, {""count"": 7, ""genre"": ""indie pop""}, {""count"": 7, ""genre"": ""r&b""}, {""count"": 6, ""genre"": ""soul""}, {""count"": 5, ""genre"": ""blues""}, {""count"": 5, ""genre"": ""geek rock""}], ""updatedAt"": ""2026-09-16T19:25:58.466Z"", ""sampleSize"": 1195, ""windowDays"": 90, ""latestSpinAt"": ""2026-09-16T16:50:42.000Z"", ""excludedCount"": 0, ""genreCoverage"": 0.11290322580645161, ""readinessTier"": ""ready"", ""resolvedCount"": 496, ""resolutionRate"": 0.41506276150627613, ""datedTrackCount"": 462, ""genreTaggedCount"": 56, ""uniqueTrackCount"": 278, ""uniqueArtistCount"": 265, ""unknownGenreCount"": 440, ""datedTrackCoverage"": 0.9314516129032258}",community,curated,human,f
WITR 89.7 FM,witr,Rochester Institute of Technology,US,https://witr.rit.edu/,,Rochester,,"{""top"": [], ""updatedAt"": ""2026-09-16T19:26:00.164Z"", ""sampleSize"": 0, ""windowDays"": 90, ""latestSpinAt"": null, ""excludedCount"": 0, ""genreCoverage"": 0, ""readinessTier"": ""insufficient"", ""resolvedCount"": 0, ""resolutionRate"": 0, ""datedTrackCount"": 0, ""genreTaggedCount"": 0, ""uniqueTrackCount"": 0, ""uniqueArtistCount"": 0, ""unknownGenreCount"": 0, ""datedTrackCoverage"": 0}",community,curated,human,f
WIUX 99.1 FM,wiux,Indiana University,US,https://spinitron.com/WIUX/,"[""college""]",,,"{""top"": [], ""updatedAt"": ""2026-09-16T19:26:39.862Z"", ""sampleSize"": 0, ""windowDays"": 90, ""latestSpinAt"": null, ""excludedCount"": 0, ""genreCoverage"": 0, ""readinessTier"": ""insufficient"", ""resolvedCount"": 0, ""resolutionRate"": 0, ""datedTrackCount"": 0, ""genreTaggedCount"": 0, ""uniqueTrackCount"": 0, ""uniqueArtistCount"": 0, ""unknownGenreCount"": 0, ""datedTrackCoverage"": 0}",community,curated,human,f
WJCU 88.7 FM,wjcu,John Carroll University,US,https://www.wjcu.org/,"[""college""]",WJCU &#8211; 88.7 FM: Cleveland&#039;s local college radio station,"{""top"": [{""count"": 109, ""genre"": ""rock""}, {""count"": 90, ""genre"": ""pop""}, {""count"": 40, ""genre"": ""alternative rock""}, {""count"": 39, ""genre"": ""classic rock""}, {""count"": 35, ""genre"": ""pop rock""}, {""count"": 34, ""genre"": ""indie rock""}, {""count"": 27, ""genre"": ""electronic""}, {""count"": 25, ""genre"": ""country""}], ""totalCount"": 745, ""unknownCount"": 506}","{""top"": [{""count"": 109, ""genre"": ""rock""}, {""count"": 90, ""genre"": ""pop""}, {""count"": 40, ""genre"": ""alternative rock""}, {""count"": 39, ""genre"": ""classic rock""}, {""count"": 35, ""genre"": ""pop rock""}, {""count"": 34, ""genre"": ""indie rock""}, {""count"": 27, ""genre"": ""electronic""}, {""count"": 25, ""genre"": ""country""}], ""updatedAt"": ""2026-09-16T19:29:57.457Z"", ""sampleSize"": 1173, ""windowDays"": 90, ""latestSpinAt"": ""2026-09-16T09:52:39.000Z"", ""excludedCount"": 0, ""genreCoverage"": 0.3208053691275168, ""readinessTier"": ""ready"", ""resolvedCount"": 745, ""resolutionRate"": 0.6351236146632566, ""datedTrackCount"": 701, ""genreTaggedCount"": 239, ""uniqueTrackCount"": 729, ""uniqueArtistCount"": 657, ""unknownGenreCount"": 506, ""datedTrackCoverage"": 0.9409395973154362}",community,curated,human,f
WKCR 89.9 FM,wkcr,Columbia University,US,https://wkcr.org,"[""college""]",WKCR 89.9FM NY,"{""top"": [{""count"": 47, ""genre"": ""jazz""}, {""count"": 28, ""genre"": ""country""}, {""count"": 18, ""genre"": ""rock""}, {""count"": 16, ""genre"": ""indie rock""}, {""count"": 15, ""genre"": ""electronic""}, {""count"": 14, ""genre"": ""country pop""}, {""count"": 12, ""genre"": ""bebop""}, {""count"": 11, ""genre"": ""bluegrass""}], ""totalCount"": 1006, ""unknownCount"": 865}","{""top"": [{""count"": 47, ""genre"": ""jazz""}, {""count"": 28, ""genre"": ""country""}, {""count"": 18, ""genre"": ""rock""}, {""count"": 16, ""genre"": ""indie rock""}, {""count"": 15, ""genre"": ""electronic""}, {""count"": 14, ""genre"": ""country pop""}, {""count"": 12, ""genre"": ""bebop""}, {""count"": 11, ""genre"": ""bluegrass""}], ""updatedAt"": ""2026-09-16T19:10:00.594Z"", ""sampleSize"": 2156, ""windowDays"": 90, ""latestSpinAt"": ""2026-09-16T11:29:22.817Z"", ""excludedCount"": 16, ""genreCoverage"": 0.14057826520438685, ""readinessTier"": ""ready"", ""resolvedCount"": 1003, ""resolutionRate"": 0.4652133580705009, ""datedTrackCount"": 896, ""genreTaggedCount"": 141, ""uniqueTrackCount"": 931, ""uniqueArtistCount"": 497, ""unknownGenreCount"": 862, ""datedTrackCoverage"": 0.8933200398803589}",community,curated,human,f
WKNC 88.1 FM,wknc,NC State University,US,https://spinitron.com/WKNC/,"[""college""]","NC State&#039;s student-run college radio station, playing indie rock, electronic, hip-hop, jazz and metal.","{""top"": [{""count"": 20, ""genre"": ""rock""}, {""count"": 13, ""genre"": ""indie rock""}, {""count"": 7, ""genre"": ""electronic""}, {""count"": 7, ""genre"": ""pop""}, {""count"": 6, ""genre"": ""alternative rock""}, {""count"": 6, ""genre"": ""shoegaze""}, {""count"": 5, ""genre"": ""idm""}, {""count"": 4, ""genre"": ""alternative pop""}], ""totalCount"": 477, ""unknownCount"": 424}","{""top"": [{""count"": 20, ""genre"": ""rock""}, {""count"": 13, ""genre"": ""indie rock""}, {""count"": 7, ""genre"": ""electronic""}, {""count"": 7, ""genre"": ""pop""}, {""count"": 6, ""genre"": ""alternative rock""}, {""count"": 6, ""genre"": ""shoegaze""}, {""count"": 5, ""genre"": ""idm""}, {""count"": 4, ""genre"": ""alternative pop""}], ""updatedAt"": ""2026-09-16T19:26:12.956Z"", ""sampleSize"": 813, ""windowDays"": 90, ""latestSpinAt"": ""2026-08-19T22:27:29.695Z"", ""excludedCount"": 1, ""genreCoverage"": 0.11134453781512606, ""readinessTier"": ""ready"", ""resolvedCount"": 476, ""resolutionRate"": 0.5854858548585485, ""datedTrackCount"": 463, ""genreTaggedCount"": 53, ""uniqueTrackCount"": 426, ""uniqueArtistCount"": 399, ""unknownGenreCount"": 423, ""datedTrackCoverage"": 0.9726890756302521}",community,curated,human,f
WLUR 91.5 FM,wlur,Washington and Lee University,US,https://spinitron.com/WLUR/,"[""college""]","A broadcast service of Washington and Lee University in Lexington, Virginia","{""top"": [{""count"": 97, ""genre"": ""pop""}, {""count"": 93, ""genre"": ""rock""}, {""count"": 46, ""genre"": ""alternative rock""}, {""count"": 34, ""genre"": ""indie rock""}, {""count"": 32, ""genre"": ""pop rock""}, {""count"": 30, ""genre"": ""classic rock""}, {""count"": 24, ""genre"": ""soul""}, {""count"": 23, ""genre"": ""electronic""}], ""totalCount"": 1562, ""unknownCount"": 1321}","{""top"": [{""count"": 97, ""genre"": ""pop""}, {""count"": 93, ""genre"": ""rock""}, {""count"": 46, ""genre"": ""alternative rock""}, {""count"": 34, ""genre"": ""indie rock""}, {""count"": 32, ""genre"": ""pop rock""}, {""count"": 30, ""genre"": ""classic rock""}, {""count"": 24, ""genre"": ""soul""}, {""count"": 23, ""genre"": ""electronic""}], ""updatedAt"": ""2026-09-16T19:26:24.568Z"", ""sampleSize"": 1970, ""windowDays"": 90, ""latestSpinAt"": ""2026-08-19T22:29:48.977Z"", ""excludedCount"": 5, ""genreCoverage"": 0.15414258188824662, ""readinessTier"": ""ready"", ""resolvedCount"": 1557, ""resolutionRate"": 0.7903553299492386, ""datedTrackCount"": 1279, ""genreTaggedCount"": 240, ""uniqueTrackCount"": 731, ""uniqueArtistCount"": 514, ""unknownGenreCount"": 1317, ""datedTrackCoverage"": 0.821451509312781}",community,curated,human,f
WLUW 88.7 FM,wluw,Loyola University Chicago,US,https://spinitron.com/WLUW/,"[""college""]","Trusted by over 300 non-commercial stations, Spinitron supports playlist logging, reporting, web publishing, automation, push and much more.","{""top"": [{""count"": 42, ""genre"": ""rock""}, {""count"": 32, ""genre"": ""indie rock""}, {""count"": 27, ""genre"": ""indie pop""}, {""count"": 25, ""genre"": ""alternative rock""}, {""count"": 25, ""genre"": ""electronic""}, {""count"": 20, ""genre"": ""pop""}, {""count"": 11, ""genre"": ""alternative pop""}, {""count"": 10, ""genre"": ""dream pop""}], ""totalCount"": 1090, ""unknownCount"": 965}","{""top"": [{""count"": 42, ""genre"": ""rock""}, {""count"": 32, ""genre"": ""indie rock""}, {""count"": 27, ""genre"": ""indie pop""}, {""count"": 25, ""genre"": ""alternative rock""}, {""count"": 25, ""genre"": ""electronic""}, {""count"": 20, ""genre"": ""pop""}, {""count"": 11, ""genre"": ""alternative pop""}, {""count"": 10, ""genre"": ""dream pop""}], ""updatedAt"": ""2026-09-16T19:26:25.658Z"", ""sampleSize"": 1791, ""windowDays"": 90, ""latestSpinAt"": ""2026-09-16T11:34:22.557Z"", ""excludedCount"": 1, ""genreCoverage"": 0.1147842056932966, ""readinessTier"": ""ready"", ""resolvedCount"": 1089, ""resolutionRate"": 0.6080402010050251, ""datedTrackCount"": 1047, ""genreTaggedCount"": 125, ""uniqueTrackCount"": 736, ""uniqueArtistCount"": 655, ""unknownGenreCount"": 964, ""datedTrackCoverage"": 0.9614325068870524}",community,curated,human,f
WMBR 88.1 FM,wmbr,MIT,US,https://wmbr.org,"[""college""]","WMBR 88.1 FM - The MIT Student Radio Station in Cambridge, Massachusetts",,"{""top"": [], ""updatedAt"": ""2026-09-16T19:10:38.260Z"", ""sampleSize"": 0, ""windowDays"": 90, ""latestSpinAt"": null, ""excludedCount"": 99, ""genreCoverage"": 0, ""readinessTier"": ""insufficient"", ""resolvedCount"": 0, ""resolutionRate"": 0, ""datedTrackCount"": 0, ""genreTaggedCount"": 0, ""uniqueTrackCount"": 0, ""uniqueArtistCount"": 0, ""unknownGenreCount"": 0, ""datedTrackCoverage"": 0}",community,curated,human,f
WMFO 91.5 FM,wmfo,Tufts University,US,https://wmfo.org,"[""college""]",Tufts Freeform Radio,"{""top"": [{""count"": 191, ""genre"": ""rock""}, {""count"": 187, ""genre"": ""electronic""}, {""count"": 139, ""genre"": ""pop""}, {""count"": 130, ""genre"": ""indie rock""}, {""count"": 100, ""genre"": ""alternative rock""}, {""count"": 61, ""genre"": ""indie pop""}, {""count"": 55, ""genre"": ""synth-pop""}, {""count"": 49, ""genre"": ""downtempo""}], ""totalCount"": 2337, ""unknownCount"": 1718}","{""top"": [{""count"": 191, ""genre"": ""rock""}, {""count"": 187, ""genre"": ""electronic""}, {""count"": 139, ""genre"": ""pop""}, {""count"": 130, ""genre"": ""indie rock""}, {""count"": 100, ""genre"": ""alternative rock""}, {""count"": 61, ""genre"": ""indie pop""}, {""count"": 55, ""genre"": ""synth-pop""}, {""count"": 49, ""genre"": ""downtempo""}], ""updatedAt"": ""2026-09-16T19:25:39.756Z"", ""sampleSize"": 4077, ""windowDays"": 90, ""latestSpinAt"": ""2026-09-16T19:25:02.157Z"", ""excludedCount"": 7, ""genreCoverage"": 0.26486949080017114, ""readinessTier"": ""ready"", ""resolvedCount"": 2337, ""resolutionRate"": 0.5732155997056659, ""datedTrackCount"": 2160, ""genreTaggedCount"": 619, ""uniqueTrackCount"": 1078, ""uniqueArtistCount"": 662, ""unknownGenreCount"": 1718, ""datedTrackCoverage"": 0.9242618741976893}",community,curated,human,f
WMHW 91.5 FM,wmhw,Central Michigan University,US,https://spinitron.com/WMHW/,"[""college""]",,,"{""top"": [], ""updatedAt"": ""2026-09-16T19:26:27.155Z"", ""sampleSize"": 0, ""windowDays"": 90, ""latestSpinAt"": null, ""excludedCount"": 0, ""genreCoverage"": 0, ""readinessTier"": ""insufficient"", ""resolvedCount"": 0, ""resolutionRate"": 0, ""datedTrackCount"": 0, ""genreTaggedCount"": 0, ""uniqueTrackCount"": 0, ""uniqueArtistCount"": 0, ""unknownGenreCount"": 0, ""datedTrackCoverage"": 0}",community,curated,human,f
WMTU 91.9 FM,wmtu,Michigan Technological University,US,https://spinitron.com/WMTU/,"[""college""]",,,"{""top"": [], ""updatedAt"": ""2026-09-16T19:26:40.466Z"", ""sampleSize"": 0, ""windowDays"": 90, ""latestSpinAt"": null, ""excludedCount"": 0, ""genreCoverage"": 0, ""readinessTier"": ""insufficient"", ""resolvedCount"": 0, ""resolutionRate"": 0, ""datedTrackCount"": 0, ""genreTaggedCount"": 0, ""uniqueTrackCount"": 0, ""uniqueArtistCount"": 0, ""unknownGenreCount"": 0, ""datedTrackCoverage"": 0}",community,curated,human,f
WMWM 91.7 FM,wmwm,Salem State University,US,https://spinitron.com/WMWM/,"[""college""]",,,"{""top"": [], ""updatedAt"": ""2026-09-16T19:25:46.558Z"", ""sampleSize"": 0, ""windowDays"": 90, ""latestSpinAt"": null, ""excludedCount"": 0, ""genreCoverage"": 0, ""readinessTier"": ""insufficient"", ""resolvedCount"": 0, ""resolutionRate"": 0, ""datedTrackCount"": 0, ""genreTaggedCount"": 0, ""uniqueTrackCount"": 0, ""uniqueArtistCount"": 0, ""unknownGenreCount"": 0, ""datedTrackCoverage"": 0}",community,curated,human,f
"WORLD CLUB DOME Radio - Das offizielle Radio des WORLD CLUB DOME Festivals mit den besten DJ-Sets und dem Livestream vom größten Club der Welt - Dance, Electro, EDM, Techno, DJ Live Sets",world-club-dome-radio-das-offizielle-radio-des-world-club-dome-festivals-mit-den-besten-dj-sets-und-dem-livestream-vom-g,,Germany,https://www.worldclubdome.com/radio,"[""#dj"", ""#edm"", ""bigroom"", ""dance"", ""dance house club  electronic techhouse"", ""dance music"", ""deep house"", ""dj"", ""dj mixes"", ""dj sets"", ""edm"", ""electro"", ""electro house"", ""electronic"", ""festival"", ""hard techno"", ""hiphop"", ""house"", ""progressive house"", ""rap"", ""techhouse"", ""techno"", ""world"", ""worldclubdome""]",Radio | World Club Dome,,"{""top"": [], ""updatedAt"": ""2026-09-16T19:19:43.662Z"", ""sampleSize"": 0, ""windowDays"": 90, ""latestSpinAt"": null, ""excludedCount"": 0, ""genreCoverage"": 0, ""readinessTier"": ""insufficient"", ""resolvedCount"": 0, ""resolutionRate"": 0, ""datedTrackCount"": 0, ""genreTaggedCount"": 0, ""uniqueTrackCount"": 0, ""uniqueArtistCount"": 0, ""unknownGenreCount"": 0, ""datedTrackCoverage"": 0}",curated,radio_browser,,f
WORT 89.9 FM,wort,WORT Community Radio,US,https://spinitron.com/WORT/,,"WORT-FM is an independent, noncommercial listener-sponsored and volunteer powered community radio station in Madison, Wisconsin founded in 1975.","{""top"": [{""count"": 20, ""genre"": ""rock""}, {""count"": 11, ""genre"": ""funk""}, {""count"": 10, ""genre"": ""classic rock""}, {""count"": 10, ""genre"": ""jazz""}, {""count"": 8, ""genre"": ""soul""}, {""count"": 7, ""genre"": ""blues""}, {""count"": 7, ""genre"": ""country""}, {""count"": 7, ""genre"": ""pop""}], ""totalCount"": 416, ""unknownCount"": 357}","{""top"": [{""count"": 20, ""genre"": ""rock""}, {""count"": 11, ""genre"": ""funk""}, {""count"": 10, ""genre"": ""classic rock""}, {""count"": 10, ""genre"": ""jazz""}, {""count"": 8, ""genre"": ""soul""}, {""count"": 7, ""genre"": ""blues""}, {""count"": 7, ""genre"": ""country""}, {""count"": 7, ""genre"": ""pop""}], ""updatedAt"": ""2026-09-16T19:26:28.357Z"", ""sampleSize"": 809, ""windowDays"": 90, ""latestSpinAt"": ""2026-08-19T22:08:00.103Z"", ""excludedCount"": 2, ""genreCoverage"": 0.14251207729468598, ""readinessTier"": ""ready"", ""resolvedCount"": 414, ""resolutionRate"": 0.511742892459827, ""datedTrackCount"": 368, ""genreTaggedCount"": 59, ""uniqueTrackCount"": 375, ""uniqueArtistCount"": 329, ""unknownGenreCount"": 355, ""datedTrackCoverage"": 0.8888888888888888}",community,curated,human,f
WPFW 89.3 FM,wpfw,Pacifica Foundation,US,https://www.wpfw.org,"[""public""]","Tune in to WPFW 89.3FM for jazz, justice, and community programming in Washington, DC. Support community radio and stay updated on events and shows.",,"{""top"": [], ""updatedAt"": ""2026-09-16T19:28:31.756Z"", ""sampleSize"": 0, ""windowDays"": 90, ""latestSpinAt"": null, ""excludedCount"": 0, ""genreCoverage"": 0, ""readinessTier"": ""insufficient"", ""resolvedCount"": 0, ""resolutionRate"": 0, ""datedTrackCount"": 0, ""genreTaggedCount"": 0, ""uniqueTrackCount"": 0, ""uniqueArtistCount"": 0, ""unknownGenreCount"": 0, ""datedTrackCoverage"": 0}",community,curated,human,f
WPKN 89.5 FM,wpkn,WPKN,US,https://wpkn.org,,"WPKN is a 10,000-watt non-profit listener-supported community radio station; broadcasting at 89.5 FM and streaming online at WPKN.org","{""top"": [{""count"": 12, ""genre"": ""rock""}, {""count"": 8, ""genre"": ""electronic""}, {""count"": 7, ""genre"": ""jazz""}, {""count"": 7, ""genre"": ""psychedelic rock""}, {""count"": 6, ""genre"": ""alternative rock""}, {""count"": 5, ""genre"": ""downtempo""}, {""count"": 5, ""genre"": ""pop""}, {""count"": 5, ""genre"": ""smooth jazz""}], ""totalCount"": 349, ""unknownCount"": 295}","{""top"": [{""count"": 12, ""genre"": ""rock""}, {""count"": 8, ""genre"": ""electronic""}, {""count"": 7, ""genre"": ""jazz""}, {""count"": 7, ""genre"": ""psychedelic rock""}, {""count"": 6, ""genre"": ""alternative rock""}, {""count"": 5, ""genre"": ""downtempo""}, {""count"": 5, ""genre"": ""pop""}, {""count"": 5, ""genre"": ""smooth jazz""}], ""updatedAt"": ""2026-09-16T19:29:41.459Z"", ""sampleSize"": 737, ""windowDays"": 90, ""latestSpinAt"": ""2026-09-16T19:26:08.570Z"", ""excludedCount"": 0, ""genreCoverage"": 0.15472779369627507, ""readinessTier"": ""ready"", ""resolvedCount"": 349, ""resolutionRate"": 0.4735413839891452, ""datedTrackCount"": 322, ""genreTaggedCount"": 54, ""uniqueTrackCount"": 323, ""uniqueArtistCount"": 299, ""unknownGenreCount"": 295, ""datedTrackCoverage"": 0.9226361031518625}",community,curated,human,f
WPRB 103.3 FM,wprb,Princeton University,US,https://wprb.com,"[""college""]","WPRB 103.3 FM &#8211; Princeton, NJ &#8211; Community Supported Independent Radio","{""top"": [{""count"": 120, ""genre"": ""rock""}, {""count"": 71, ""genre"": ""electronic""}, {""count"": 50, ""genre"": ""indie rock""}, {""count"": 38, ""genre"": ""experimental""}, {""count"": 30, ""genre"": ""alternative rock""}, {""count"": 25, ""genre"": ""pop""}, {""count"": 24, ""genre"": ""ambient""}, {""count"": 22, ""genre"": ""new wave""}], ""totalCount"": 1782, ""unknownCount"": 1538}","{""top"": [{""count"": 120, ""genre"": ""rock""}, {""count"": 71, ""genre"": ""electronic""}, {""count"": 50, ""genre"": ""indie rock""}, {""count"": 38, ""genre"": ""experimental""}, {""count"": 30, ""genre"": ""alternative rock""}, {""count"": 25, ""genre"": ""pop""}, {""count"": 24, ""genre"": ""ambient""}, {""count"": 22, ""genre"": ""new wave""}], ""updatedAt"": ""2026-09-16T19:09:58.658Z"", ""sampleSize"": 3674, ""windowDays"": 90, ""latestSpinAt"": ""2026-09-16T11:08:47.721Z"", ""excludedCount"": 35, ""genreCoverage"": 0.13692480359147025, ""readinessTier"": ""ready"", ""resolvedCount"": 1782, ""resolutionRate"": 0.48502994011976047, ""datedTrackCount"": 1620, ""genreTaggedCount"": 244, ""uniqueTrackCount"": 1593, ""uniqueArtistCount"": 1447, ""unknownGenreCount"": 1538, ""datedTrackCoverage"": 0.9090909090909091}",community,curated,human,f
WPTS 92.1 FM,wpts,University of Pittsburgh,US,https://spinitron.com/WPTS/,"[""college""]","Trusted by over 300 non-commercial stations, Spinitron supports playlist logging, reporting, web publishing, automation, push and much more.",,"{""top"": [], ""updatedAt"": ""2026-09-16T19:26:12.357Z"", ""sampleSize"": 0, ""windowDays"": 90, ""latestSpinAt"": null, ""excludedCount"": 0, ""genreCoverage"": 0, ""readinessTier"": ""insufficient"", ""resolvedCount"": 0, ""resolutionRate"": 0, ""datedTrackCount"": 0, ""genreTaggedCount"": 0, ""uniqueTrackCount"": 0, ""uniqueArtistCount"": 0, ""unknownGenreCount"": 0, ""datedTrackCoverage"": 0}",community,curated,human,f
WRAS 88.5 FM,wras,Georgia State University,US,https://spinitron.com/WRAS/,"[""college""]","The student radio voice of Georgia State University, broadcasting from downtown Atlanta, Georgia. Stay tuned for new updates, live shows, and information about how to engage!","{""top"": [{""count"": 20, ""genre"": ""hyperpop""}, {""count"": 19, ""genre"": ""pop""}, {""count"": 14, ""genre"": ""experimental""}, {""count"": 13, ""genre"": ""hybrid trap""}, {""count"": 11, ""genre"": ""alternative r&b""}, {""count"": 11, ""genre"": ""drill and bass""}, {""count"": 10, ""genre"": ""dance-pop""}, {""count"": 10, ""genre"": ""electropop""}], ""totalCount"": 701, ""unknownCount"": 627}","{""top"": [{""count"": 20, ""genre"": ""hyperpop""}, {""count"": 19, ""genre"": ""pop""}, {""count"": 14, ""genre"": ""experimental""}, {""count"": 13, ""genre"": ""hybrid trap""}, {""count"": 11, ""genre"": ""alternative r&b""}, {""count"": 11, ""genre"": ""drill and bass""}, {""count"": 10, ""genre"": ""dance-pop""}, {""count"": 10, ""genre"": ""electropop""}], ""updatedAt"": ""2026-09-16T19:26:12.566Z"", ""sampleSize"": 1065, ""windowDays"": 90, ""latestSpinAt"": ""2026-08-19T15:02:16.218Z"", ""excludedCount"": 0, ""genreCoverage"": 0.10556348074179743, ""readinessTier"": ""ready"", ""resolvedCount"": 701, ""resolutionRate"": 0.6582159624413145, ""datedTrackCount"": 687, ""genreTaggedCount"": 74, ""uniqueTrackCount"": 232, ""uniqueArtistCount"": 127, ""unknownGenreCount"": 627, ""datedTrackCoverage"": 0.9800285306704708}",community,curated,human,f
WRBB 104.9 FM,wrbb,Northeastern University,US,https://spinitron.com/WRBB/,"[""college""]",A non-commercial broadcast service by the students of Northeastern University.,"{""top"": [{""count"": 225, ""genre"": ""rock""}, {""count"": 120, ""genre"": ""indie rock""}, {""count"": 105, ""genre"": ""alternative rock""}, {""count"": 70, ""genre"": ""electronic""}, {""count"": 40, ""genre"": ""lo-fi""}, {""count"": 36, ""genre"": ""punk""}, {""count"": 34, ""genre"": ""jazz""}, {""count"": 31, ""genre"": ""pop""}], ""totalCount"": 1455, ""unknownCount"": 1071}","{""top"": [{""count"": 225, ""genre"": ""rock""}, {""count"": 120, ""genre"": ""indie rock""}, {""count"": 105, ""genre"": ""alternative rock""}, {""count"": 64, ""genre"": ""electronic""}, {""count"": 40, ""genre"": ""lo-fi""}, {""count"": 36, ""genre"": ""punk""}, {""count"": 34, ""genre"": ""jazz""}, {""count"": 31, ""genre"": ""pop""}], ""updatedAt"": ""2026-09-16T19:26:11.874Z"", ""sampleSize"": 1820, ""windowDays"": 90, ""latestSpinAt"": ""2026-08-19T22:27:34.086Z"", ""excludedCount"": 7, ""genreCoverage"": 0.2608695652173913, ""readinessTier"": ""ready"", ""resolvedCount"": 1449, ""resolutionRate"": 0.7961538461538461, ""datedTrackCount"": 1257, ""genreTaggedCount"": 378, ""uniqueTrackCount"": 439, ""uniqueArtistCount"": 363, ""unknownGenreCount"": 1071, ""datedTrackCoverage"": 0.8674948240165632}",community,curated,human,f
WRCT 88.3 FM,wrct,Carnegie Mellon University,US,https://wrct.org,"[""college""]",WRCT: Made of matchbooks,"{""top"": [{""count"": 33, ""genre"": ""rock""}, {""count"": 14, ""genre"": ""alternative rock""}, {""count"": 9, ""genre"": ""pop""}, {""count"": 8, ""genre"": ""classic rock""}, {""count"": 8, ""genre"": ""indie rock""}, {""count"": 6, ""genre"": ""folk rock""}, {""count"": 6, ""genre"": ""hard rock""}, {""count"": 5, ""genre"": ""blues""}], ""totalCount"": 433, ""unknownCount"": 377}","{""top"": [{""count"": 33, ""genre"": ""rock""}, {""count"": 14, ""genre"": ""alternative rock""}, {""count"": 9, ""genre"": ""pop""}, {""count"": 8, ""genre"": ""classic rock""}, {""count"": 8, ""genre"": ""indie rock""}, {""count"": 6, ""genre"": ""folk rock""}, {""count"": 6, ""genre"": ""hard rock""}, {""count"": 5, ""genre"": ""blues""}], ""updatedAt"": ""2026-09-16T19:28:18.656Z"", ""sampleSize"": 3602, ""windowDays"": 90, ""latestSpinAt"": ""2026-09-16T19:24:47.961Z"", ""excludedCount"": 85, ""genreCoverage"": 0.12993039443155452, ""readinessTier"": ""ready"", ""resolvedCount"": 431, ""resolutionRate"": 0.11965574680732927, ""datedTrackCount"": 322, ""genreTaggedCount"": 56, ""uniqueTrackCount"": 397, ""uniqueArtistCount"": 375, ""unknownGenreCount"": 375, ""datedTrackCoverage"": 0.7470997679814385}",community,curated,human,f
WRCU 90.1 FM,wrcu,Colgate University,US,https://spinitron.com/WRCU/,"[""college""]",,,"{""top"": [], ""updatedAt"": ""2026-09-16T19:26:00.556Z"", ""sampleSize"": 0, ""windowDays"": 90, ""latestSpinAt"": null, ""excludedCount"": 0, ""genreCoverage"": 0, ""readinessTier"": ""insufficient"", ""resolvedCount"": 0, ""resolutionRate"": 0, ""datedTrackCount"": 0, ""genreTaggedCount"": 0, ""uniqueTrackCount"": 0, ""uniqueArtistCount"": 0, ""unknownGenreCount"": 0, ""datedTrackCoverage"": 0}",community,curated,human,f
WREK 91.1 FM,wrek,Georgia Institute of Technology,US,https://wrek.org,"[""college""]","WREK is the entirely student managed, operated, and engineered radio station of Georgia Tech. We broadcast 24/7 on 91.1 FM with 100,000 watts of quality, diverse programming.","{""top"": [], ""totalCount"": 9, ""unknownCount"": 9}","{""top"": [], ""updatedAt"": ""2026-09-16T19:09:59.542Z"", ""sampleSize"": 15, ""windowDays"": 90, ""latestSpinAt"": ""2026-09-15T23:07:10.241Z"", ""excludedCount"": 559, ""genreCoverage"": 0, ""readinessTier"": ""insufficient"", ""resolvedCount"": 0, ""resolutionRate"": 0, ""datedTrackCount"": 0, ""genreTaggedCount"": 0, ""uniqueTrackCount"": 0, ""uniqueArtistCount"": 0, ""unknownGenreCount"": 0, ""datedTrackCoverage"": 0}",community,curated,human,f
WREX,wrex,University of Illinois,US,https://spinitron.com/WREX/,"[""college""]",,,"{""top"": [], ""updatedAt"": ""2026-09-16T19:26:40.256Z"", ""sampleSize"": 0, ""windowDays"": 90, ""latestSpinAt"": null, ""excludedCount"": 0, ""genreCoverage"": 0, ""readinessTier"": ""insufficient"", ""resolvedCount"": 0, ""resolutionRate"": 0, ""datedTrackCount"": 0, ""genreTaggedCount"": 0, ""uniqueTrackCount"": 0, ""uniqueArtistCount"": 0, ""unknownGenreCount"": 0, ""datedTrackCoverage"": 0}",community,curated,human,f
WRGP 88.1 FM,wrgp,Florida International University,US,https://spinitron.com/WRGP/,"[""college""]",,,"{""top"": [], ""updatedAt"": ""2026-09-16T19:26:14.359Z"", ""sampleSize"": 0, ""windowDays"": 90, ""latestSpinAt"": null, ""excludedCount"": 0, ""genreCoverage"": 0, ""readinessTier"": ""insufficient"", ""resolvedCount"": 0, ""resolutionRate"": 0, ""datedTrackCount"": 0, ""genreTaggedCount"": 0, ""uniqueTrackCount"": 0, ""uniqueArtistCount"": 0, ""unknownGenreCount"": 0, ""datedTrackCoverage"": 0}",community,curated,human,f
WRHU 88.7 FM,wrhu,Hofstra University,US,https://spinitron.com/WRHU/,"[""college""]",,,"{""top"": [], ""updatedAt"": ""2026-09-16T19:26:00.979Z"", ""sampleSize"": 0, ""windowDays"": 90, ""latestSpinAt"": null, ""excludedCount"": 0, ""genreCoverage"": 0, ""readinessTier"": ""insufficient"", ""resolvedCount"": 0, ""resolutionRate"": 0, ""datedTrackCount"": 0, ""genreTaggedCount"": 0, ""uniqueTrackCount"": 0, ""uniqueArtistCount"": 0, ""unknownGenreCount"": 0, ""datedTrackCoverage"": 0}",community,curated,human,f
WRIR 97.3 FM,wrir,WRIR,US,https://wrir.org,,,"{""top"": [{""count"": 6, ""genre"": ""soul""}, {""count"": 5, ""genre"": ""r&b""}, {""count"": 3, ""genre"": ""electronic""}, {""count"": 3, ""genre"": ""funk""}, {""count"": 3, ""genre"": ""rock""}, {""count"": 2, ""genre"": ""alternative hip hop""}, {""count"": 2, ""genre"": ""contemporary r&b""}, {""count"": 2, ""genre"": ""hip hop""}], ""totalCount"": 190, ""unknownCount"": 172}","{""top"": [{""count"": 6, ""genre"": ""soul""}, {""count"": 5, ""genre"": ""r&b""}, {""count"": 3, ""genre"": ""electronic""}, {""count"": 3, ""genre"": ""funk""}, {""count"": 3, ""genre"": ""rock""}, {""count"": 2, ""genre"": ""alternative hip hop""}, {""count"": 2, ""genre"": ""contemporary r&b""}, {""count"": 2, ""genre"": ""hip hop""}], ""updatedAt"": ""2026-09-16T19:28:20.256Z"", ""sampleSize"": 382, ""windowDays"": 90, ""latestSpinAt"": ""2026-08-19T22:28:37.192Z"", ""excludedCount"": 0, ""genreCoverage"": 0.09473684210526316, ""readinessTier"": ""ready"", ""resolvedCount"": 190, ""resolutionRate"": 0.4973821989528796, ""datedTrackCount"": 170, ""genreTaggedCount"": 18, ""uniqueTrackCount"": 175, ""uniqueArtistCount"": 165, ""unknownGenreCount"": 172, ""datedTrackCoverage"": 0.8947368421052632}",community,curated,human,f
WRPI 91.5 FM,wrpi,Rensselaer Polytechnic Institute,US,https://spinitron.com/WRPI/,,,,"{""top"": [], ""updatedAt"": ""2026-09-16T19:25:57.366Z"", ""sampleSize"": 0, ""windowDays"": 90, ""latestSpinAt"": null, ""excludedCount"": 0, ""genreCoverage"": 0, ""readinessTier"": ""insufficient"", ""resolvedCount"": 0, ""resolutionRate"": 0, ""datedTrackCount"": 0, ""genreTaggedCount"": 0, ""uniqueTrackCount"": 0, ""uniqueArtistCount"": 0, ""unknownGenreCount"": 0, ""datedTrackCoverage"": 0}",community,curated,human,f
WRUW 91.1 FM,wruw,Case Western Reserve University,US,https://wruw.org/,"[""college""]",,,"{""top"": [], ""updatedAt"": ""2026-09-16T19:29:57.388Z"", ""sampleSize"": 0, ""windowDays"": 90, ""latestSpinAt"": null, ""excludedCount"": 0, ""genreCoverage"": 0, ""readinessTier"": ""insufficient"", ""resolvedCount"": 0, ""resolutionRate"": 0, ""datedTrackCount"": 0, ""genreTaggedCount"": 0, ""uniqueTrackCount"": 0, ""uniqueArtistCount"": 0, ""unknownGenreCount"": 0, ""datedTrackCoverage"": 0}",community,curated,human,f
WSAM,wsam,University of Connecticut,US,https://spinitron.com/WSAM/,"[""college""]",,,"{""top"": [], ""updatedAt"": ""2026-09-16T19:26:11.868Z"", ""sampleSize"": 0, ""windowDays"": 90, ""latestSpinAt"": null, ""excludedCount"": 0, ""genreCoverage"": 0, ""readinessTier"": ""insufficient"", ""resolvedCount"": 0, ""resolutionRate"": 0, ""datedTrackCount"": 0, ""genreTaggedCount"": 0, ""uniqueTrackCount"": 0, ""uniqueArtistCount"": 0, ""unknownGenreCount"": 0, ""datedTrackCoverage"": 0}",community,curated,human,f
WSBU 88.3 FM,wsbu,St. Bonaventure University,US,https://spinitron.com/WSBU/,"[""college""]",,,"{""top"": [], ""updatedAt"": ""2026-09-16T19:26:01.767Z"", ""sampleSize"": 0, ""windowDays"": 90, ""latestSpinAt"": null, ""excludedCount"": 0, ""genreCoverage"": 0, ""readinessTier"": ""insufficient"", ""resolvedCount"": 0, ""resolutionRate"": 0, ""datedTrackCount"": 0, ""genreTaggedCount"": 0, ""uniqueTrackCount"": 0, ""uniqueArtistCount"": 0, ""unknownGenreCount"": 0, ""datedTrackCoverage"": 0}",community,curated,human,f
WSUM 91.7 FM,wsum,University of Wisconsin–Madison,US,https://spinitron.com/WSUM/,"[""college""]",Student Radio at the University of Wisconsin-Madison,"{""top"": [{""count"": 65, ""genre"": ""rock""}, {""count"": 27, ""genre"": ""indie rock""}, {""count"": 20, ""genre"": ""electronic""}, {""count"": 16, ""genre"": ""pop""}, {""count"": 15, ""genre"": ""alternative rock""}, {""count"": 12, ""genre"": ""shoegaze""}, {""count"": 8, ""genre"": ""funk""}, {""count"": 8, ""genre"": ""indie pop""}], ""totalCount"": 706, ""unknownCount"": 590}","{""top"": [{""count"": 65, ""genre"": ""rock""}, {""count"": 27, ""genre"": ""indie rock""}, {""count"": 20, ""genre"": ""electronic""}, {""count"": 16, ""genre"": ""pop""}, {""count"": 15, ""genre"": ""alternative rock""}, {""count"": 12, ""genre"": ""shoegaze""}, {""count"": 8, ""genre"": ""funk""}, {""count"": 8, ""genre"": ""indie pop""}], ""updatedAt"": ""2026-09-16T19:26:28.860Z"", ""sampleSize"": 1169, ""windowDays"": 90, ""latestSpinAt"": ""2026-08-19T22:24:52.172Z"", ""excludedCount"": 9, ""genreCoverage"": 0.16453900709219857, ""readinessTier"": ""ready"", ""resolvedCount"": 705, ""resolutionRate"": 0.6030795551753636, ""datedTrackCount"": 635, ""genreTaggedCount"": 116, ""uniqueTrackCount"": 591, ""uniqueArtistCount"": 508, ""unknownGenreCount"": 589, ""datedTrackCoverage"": 0.900709219858156}",community,curated,human,f
WTBU 89.3 FM,wtbu,Boston University,US,https://spinitron.com/WTBU/,"[""college""]",Boston University&#039;s Student-Run Radio Station,"{""top"": [{""count"": 17, ""genre"": ""pop""}, {""count"": 10, ""genre"": ""indie rock""}, {""count"": 10, ""genre"": ""rock""}, {""count"": 5, ""genre"": ""folk""}, {""count"": 5, ""genre"": ""indie pop""}, {""count"": 4, ""genre"": ""alternative rock""}, {""count"": 3, ""genre"": ""contemporary r&b""}, {""count"": 3, ""genre"": ""jazz""}], ""totalCount"": 389, ""unknownCount"": 344}","{""top"": [{""count"": 17, ""genre"": ""pop""}, {""count"": 10, ""genre"": ""indie rock""}, {""count"": 10, ""genre"": ""rock""}, {""count"": 5, ""genre"": ""folk""}, {""count"": 5, ""genre"": ""indie pop""}, {""count"": 4, ""genre"": ""alternative rock""}, {""count"": 3, ""genre"": ""contemporary r&b""}, {""count"": 3, ""genre"": ""jazz""}], ""updatedAt"": ""2026-09-16T19:25:45.460Z"", ""sampleSize"": 694, ""windowDays"": 90, ""latestSpinAt"": ""2026-09-16T19:22:32.564Z"", ""excludedCount"": 0, ""genreCoverage"": 0.11568123393316196, ""readinessTier"": ""ready"", ""resolvedCount"": 389, ""resolutionRate"": 0.5605187319884726, ""datedTrackCount"": 362, ""genreTaggedCount"": 45, ""uniqueTrackCount"": 272, ""uniqueArtistCount"": 249, ""unknownGenreCount"": 344, ""datedTrackCoverage"": 0.9305912596401028}",community,curated,human,f
"WTMD 89.7 Towson University, MD",wtmd-89-7-towson-university-md,,The United States Of America,http://wtmd.org/radio/,"[""alternative rock"", ""college"", ""indie rock"", ""towson"", ""world"", ""world music""]",Read More WTMD News WTMD: Total Music Discovery Playlist Playlist Eggy feat. the Marching Ravens at WTMD&#039;s First Thursday Festival NPR Music Live Sessions Song of the Day,"{""top"": [{""count"": 457, ""genre"": ""rock""}, {""count"": 247, ""genre"": ""alternative rock""}, {""count"": 247, ""genre"": ""indie rock""}, {""count"": 181, ""genre"": ""pop""}, {""count"": 96, ""genre"": ""folk rock""}, {""count"": 87, ""genre"": ""indie pop""}, {""count"": 50, ""genre"": ""shoegaze""}, {""count"": 48, ""genre"": ""folk""}], ""totalCount"": 7255, ""unknownCount"": 6430}","{""top"": [{""count"": 457, ""genre"": ""rock""}, {""count"": 247, ""genre"": ""alternative rock""}, {""count"": 247, ""genre"": ""indie rock""}, {""count"": 181, ""genre"": ""pop""}, {""count"": 96, ""genre"": ""folk rock""}, {""count"": 87, ""genre"": ""indie pop""}, {""count"": 50, ""genre"": ""shoegaze""}, {""count"": 48, ""genre"": ""folk""}], ""updatedAt"": ""2026-09-16T19:25:23.056Z"", ""sampleSize"": 8664, ""windowDays"": 90, ""latestSpinAt"": ""2026-09-16T19:22:08.256Z"", ""excludedCount"": 3142, ""genreCoverage"": 0.12876541282971748, ""readinessTier"": ""ready"", ""resolvedCount"": 6407, ""resolutionRate"": 0.7394967682363804, ""datedTrackCount"": 5691, ""genreTaggedCount"": 825, ""uniqueTrackCount"": 2591, ""uniqueArtistCount"": 1335, ""unknownGenreCount"": 5582, ""datedTrackCoverage"": 0.888247229592633}",curated,radio_browser,mixed,f
WUFT 89.1 FM,wuft,University of Florida,US,https://spinitron.com/WUFT/,"[""college""]",,,"{""top"": [], ""updatedAt"": ""2026-09-16T19:26:13.764Z"", ""sampleSize"": 0, ""windowDays"": 90, ""latestSpinAt"": null, ""excludedCount"": 0, ""genreCoverage"": 0, ""readinessTier"": ""insufficient"", ""resolvedCount"": 0, ""resolutionRate"": 0, ""datedTrackCount"": 0, ""genreTaggedCount"": 0, ""uniqueTrackCount"": 0, ""uniqueArtistCount"": 0, ""unknownGenreCount"": 0, ""datedTrackCoverage"": 0}",community,curated,human,f
WUMB,wumb,,The United States Of America,https://wumb.org/,"[""folk""]","Listener supported public radio. WUMB Radio is the country’s foremost radio station for folk and roots music, largely airing a mix including singer-songwriter, blues, Celtic, Americana, bluegrass and more. A community service of UMASS Boston.","{""top"": [{""count"": 6, ""genre"": ""rock""}, {""count"": 4, ""genre"": ""folk""}, {""count"": 3, ""genre"": ""bluegrass""}, {""count"": 2, ""genre"": ""alternative rock""}, {""count"": 2, ""genre"": ""blues""}, {""count"": 2, ""genre"": ""country""}, {""count"": 2, ""genre"": ""country rock""}, {""count"": 2, ""genre"": ""folk rock""}], ""totalCount"": 168, ""unknownCount"": 158}","{""top"": [{""count"": 6, ""genre"": ""rock""}, {""count"": 4, ""genre"": ""folk""}, {""count"": 3, ""genre"": ""bluegrass""}, {""count"": 2, ""genre"": ""alternative rock""}, {""count"": 2, ""genre"": ""blues""}, {""count"": 2, ""genre"": ""country""}, {""count"": 2, ""genre"": ""country rock""}, {""count"": 2, ""genre"": ""folk rock""}], ""updatedAt"": ""2026-09-16T19:27:25.457Z"", ""sampleSize"": 3206, ""windowDays"": 90, ""latestSpinAt"": ""2026-09-16T19:26:06.463Z"", ""excludedCount"": 6, ""genreCoverage"": 0.06097560975609756, ""readinessTier"": ""ready"", ""resolvedCount"": 164, ""resolutionRate"": 0.051154086088583905, ""datedTrackCount"": 73, ""genreTaggedCount"": 10, ""uniqueTrackCount"": 149, ""uniqueArtistCount"": 141, ""unknownGenreCount"": 154, ""datedTrackCoverage"": 0.4451219512195122}",curated,radio_browser,mixed,f
WUML 91.5 FM,wuml,UMass Lowell,US,https://spinitron.com/WUML/,,WUML is a student run broadcast service of the University of Massachusetts at Lowell since 1952.,"{""top"": [{""count"": 36, ""genre"": ""rock""}, {""count"": 15, ""genre"": ""alternative rock""}, {""count"": 14, ""genre"": ""electronic""}, {""count"": 12, ""genre"": ""classic rock""}, {""count"": 12, ""genre"": ""jazz""}, {""count"": 12, ""genre"": ""pop""}, {""count"": 11, ""genre"": ""hip hop""}, {""count"": 11, ""genre"": ""indie pop""}], ""totalCount"": 738, ""unknownCount"": 636}","{""top"": [{""count"": 36, ""genre"": ""rock""}, {""count"": 15, ""genre"": ""alternative rock""}, {""count"": 14, ""genre"": ""electronic""}, {""count"": 12, ""genre"": ""classic rock""}, {""count"": 12, ""genre"": ""jazz""}, {""count"": 12, ""genre"": ""pop""}, {""count"": 11, ""genre"": ""hip hop""}, {""count"": 11, ""genre"": ""indie pop""}], ""updatedAt"": ""2026-09-16T19:25:45.868Z"", ""sampleSize"": 972, ""windowDays"": 90, ""latestSpinAt"": ""2026-08-19T22:30:23.241Z"", ""excludedCount"": 1, ""genreCoverage"": 0.1383989145183175, ""readinessTier"": ""ready"", ""resolvedCount"": 737, ""resolutionRate"": 0.7582304526748971, ""datedTrackCount"": 701, ""genreTaggedCount"": 102, ""uniqueTrackCount"": 467, ""uniqueArtistCount"": 422, ""unknownGenreCount"": 635, ""datedTrackCoverage"": 0.9511533242876526}",community,curated,human,f
WUNC Music,wunc-music,WUNC,US,https://www.wunc.org/music,"[""public""]",WUNC Music brings you stories and interviews about musical artists in the Triangle and beyond.,,"{""top"": [], ""updatedAt"": ""2026-09-16T19:30:58.056Z"", ""sampleSize"": 0, ""windowDays"": 90, ""latestSpinAt"": null, ""excludedCount"": 0, ""genreCoverage"": 0, ""readinessTier"": ""insufficient"", ""resolvedCount"": 0, ""resolutionRate"": 0, ""datedTrackCount"": 0, ""genreTaggedCount"": 0, ""uniqueTrackCount"": 0, ""uniqueArtistCount"": 0, ""unknownGenreCount"": 0, ""datedTrackCoverage"": 0}",community,curated,human,f
WUOG 90.5 FM,wuog,University of Georgia,US,https://wuog.org,"[""college""]","26,000 Watts of College Debauchery","{""top"": [{""count"": 44, ""genre"": ""rock""}, {""count"": 27, ""genre"": ""indie rock""}, {""count"": 15, ""genre"": ""electronic""}, {""count"": 15, ""genre"": ""pop""}, {""count"": 11, ""genre"": ""indie pop""}, {""count"": 8, ""genre"": ""alternative rock""}, {""count"": 8, ""genre"": ""punk""}, {""count"": 6, ""genre"": ""country rock""}], ""totalCount"": 2111, ""unknownCount"": 2022}","{""top"": [{""count"": 44, ""genre"": ""rock""}, {""count"": 27, ""genre"": ""indie rock""}, {""count"": 15, ""genre"": ""electronic""}, {""count"": 15, ""genre"": ""pop""}, {""count"": 11, ""genre"": ""indie pop""}, {""count"": 8, ""genre"": ""alternative rock""}, {""count"": 8, ""genre"": ""punk""}, {""count"": 6, ""genre"": ""country rock""}], ""updatedAt"": ""2026-09-16T19:10:39.456Z"", ""sampleSize"": 3556, ""windowDays"": 90, ""latestSpinAt"": ""2026-09-16T01:16:26.902Z"", ""excludedCount"": 3, ""genreCoverage"": 0.04216011369019422, ""readinessTier"": ""ready"", ""resolvedCount"": 2111, ""resolutionRate"": 0.593644544431946, ""datedTrackCount"": 1731, ""genreTaggedCount"": 89, ""uniqueTrackCount"": 543, ""uniqueArtistCount"": 501, ""unknownGenreCount"": 2022, ""datedTrackCoverage"": 0.8199905258171483}",community,curated,human,f
WUSB 90.1 FM,wusb,Stony Brook University,US,https://wusb.fm,"[""college""]","WUSB 90.1 FM Stony Brook, NY | Radio Free : Long Island",,"{""top"": [], ""updatedAt"": ""2026-09-16T19:10:39.382Z"", ""sampleSize"": 0, ""windowDays"": 90, ""latestSpinAt"": null, ""excludedCount"": 0, ""genreCoverage"": 0, ""readinessTier"": ""insufficient"", ""resolvedCount"": 0, ""resolutionRate"": 0, ""datedTrackCount"": 0, ""genreTaggedCount"": 0, ""uniqueTrackCount"": 0, ""uniqueArtistCount"": 0, ""unknownGenreCount"": 0, ""datedTrackCoverage"": 0}",community,curated,human,f
WUSC 90.5 FM,wusc,University of South Carolina,US,https://spinitron.com/WUSC/,"[""college""]",,,"{""top"": [], ""updatedAt"": ""2026-09-16T19:26:28.063Z"", ""sampleSize"": 0, ""windowDays"": 90, ""latestSpinAt"": null, ""excludedCount"": 0, ""genreCoverage"": 0, ""readinessTier"": ""insufficient"", ""resolvedCount"": 0, ""resolutionRate"": 0, ""datedTrackCount"": 0, ""genreTaggedCount"": 0, ""uniqueTrackCount"": 0, ""uniqueArtistCount"": 0, ""unknownGenreCount"": 0, ""datedTrackCoverage"": 0}",community,curated,human,f
WUVT 90.7 FM,wuvt,Virginia Tech,US,https://spinitron.com/WUVT/,,,,"{""top"": [], ""updatedAt"": ""2026-09-16T19:26:13.564Z"", ""sampleSize"": 0, ""windowDays"": 90, ""latestSpinAt"": null, ""excludedCount"": 0, ""genreCoverage"": 0, ""readinessTier"": ""insufficient"", ""resolvedCount"": 0, ""resolutionRate"": 0, ""datedTrackCount"": 0, ""genreTaggedCount"": 0, ""uniqueTrackCount"": 0, ""uniqueArtistCount"": 0, ""unknownGenreCount"": 0, ""datedTrackCoverage"": 0}",community,curated,human,f
WVFS 89.7 FM,wvfs,Florida State University,US,https://spinitron.com/WVFS/,"[""college""]",,,"{""top"": [], ""updatedAt"": ""2026-09-16T19:26:13.962Z"", ""sampleSize"": 0, ""windowDays"": 90, ""latestSpinAt"": null, ""excludedCount"": 0, ""genreCoverage"": 0, ""readinessTier"": ""insufficient"", ""resolvedCount"": 0, ""resolutionRate"": 0, ""datedTrackCount"": 0, ""genreTaggedCount"": 0, ""uniqueTrackCount"": 0, ""uniqueArtistCount"": 0, ""unknownGenreCount"": 0, ""datedTrackCoverage"": 0}",community,curated,human,f
WVOF 88.5 FM,wvof,Fairfield University,US,https://spinitron.com/WVOF/,"[""college""]",,,"{""top"": [], ""updatedAt"": ""2026-09-16T19:26:01.078Z"", ""sampleSize"": 0, ""windowDays"": 90, ""latestSpinAt"": null, ""excludedCount"": 0, ""genreCoverage"": 0, ""readinessTier"": ""insufficient"", ""resolvedCount"": 0, ""resolutionRate"": 0, ""datedTrackCount"": 0, ""genreTaggedCount"": 0, ""uniqueTrackCount"": 0, ""uniqueArtistCount"": 0, ""unknownGenreCount"": 0, ""datedTrackCoverage"": 0}",community,curated,human,f
WVUM 90.5 FM,wvum,University of Miami,US,https://wvum.org,"[""college""]",WVUM,,"{""top"": [], ""updatedAt"": ""2026-09-16T19:10:41.969Z"", ""sampleSize"": 0, ""windowDays"": 90, ""latestSpinAt"": null, ""excludedCount"": 0, ""genreCoverage"": 0, ""readinessTier"": ""insufficient"", ""resolvedCount"": 0, ""resolutionRate"": 0, ""datedTrackCount"": 0, ""genreTaggedCount"": 0, ""uniqueTrackCount"": 0, ""uniqueArtistCount"": 0, ""unknownGenreCount"": 0, ""datedTrackCoverage"": 0}",community,curated,human,f
WWOZ 90.7 FM,wwoz,WWOZ,US,https://www.wwoz.org/,"[""anchor""]","WWOZ is a listener-supported, non-commercial radio station for New Orleans and the surrounding community. Jazz, Blues, Latin, Cajun, Funk and more.",,"{""top"": [], ""updatedAt"": ""2026-09-16T19:29:28.362Z"", ""sampleSize"": 0, ""windowDays"": 90, ""latestSpinAt"": null, ""excludedCount"": 0, ""genreCoverage"": 0, ""readinessTier"": ""insufficient"", ""resolvedCount"": 0, ""resolutionRate"": 0, ""datedTrackCount"": 0, ""genreTaggedCount"": 0, ""uniqueTrackCount"": 0, ""uniqueArtistCount"": 0, ""unknownGenreCount"": 0, ""datedTrackCoverage"": 0}",community,curated,human,f
WXDU 88.7 FM,wxdu,Duke University,US,https://wxdu.duke.edu,"[""college""]",,,"{""top"": [], ""updatedAt"": ""2026-09-16T19:28:19.965Z"", ""sampleSize"": 0, ""windowDays"": 90, ""latestSpinAt"": null, ""excludedCount"": 0, ""genreCoverage"": 0, ""readinessTier"": ""insufficient"", ""resolvedCount"": 0, ""resolutionRate"": 0, ""datedTrackCount"": 0, ""genreTaggedCount"": 0, ""uniqueTrackCount"": 0, ""uniqueArtistCount"": 0, ""unknownGenreCount"": 0, ""datedTrackCoverage"": 0}",community,curated,human,f
WXYC 89.3 FM,wxyc,UNC Chapel Hill,US,https://wxyc.org,"[""college""]","UNC-Chapel Hill&#x27;s student-run, freeform radio station","{""top"": [{""count"": 43, ""genre"": ""rock""}, {""count"": 31, ""genre"": ""electronic""}, {""count"": 18, ""genre"": ""indie rock""}, {""count"": 18, ""genre"": ""pop""}, {""count"": 13, ""genre"": ""alternative rock""}, {""count"": 11, ""genre"": ""experimental""}, {""count"": 10, ""genre"": ""jazz""}, {""count"": 10, ""genre"": ""soul""}], ""totalCount"": 773, ""unknownCount"": 664}","{""top"": [{""count"": 43, ""genre"": ""rock""}, {""count"": 31, ""genre"": ""electronic""}, {""count"": 18, ""genre"": ""indie rock""}, {""count"": 18, ""genre"": ""pop""}, {""count"": 13, ""genre"": ""alternative rock""}, {""count"": 11, ""genre"": ""experimental""}, {""count"": 10, ""genre"": ""jazz""}, {""count"": 10, ""genre"": ""soul""}], ""updatedAt"": ""2026-09-16T19:10:00.879Z"", ""sampleSize"": 1662, ""windowDays"": 90, ""latestSpinAt"": ""2026-09-16T10:30:21.641Z"", ""excludedCount"": 0, ""genreCoverage"": 0.1410090556274256, ""readinessTier"": ""ready"", ""resolvedCount"": 773, ""resolutionRate"": 0.4651022864019254, ""datedTrackCount"": 652, ""genreTaggedCount"": 109, ""uniqueTrackCount"": 664, ""uniqueArtistCount"": 570, ""unknownGenreCount"": 664, ""datedTrackCoverage"": 0.8434670116429496}",community,curated,human,f
WZBC 90.3 FM,wzbc,Boston College,US,https://wzbc.org,"[""college""]",Home of WZBC Boston College,"{""top"": [{""count"": 102, ""genre"": ""rock""}, {""count"": 72, ""genre"": ""electronic""}, {""count"": 35, ""genre"": ""experimental""}, {""count"": 32, ""genre"": ""indie rock""}, {""count"": 30, ""genre"": ""ambient""}, {""count"": 29, ""genre"": ""alternative rock""}, {""count"": 29, ""genre"": ""punk""}, {""count"": 19, ""genre"": ""new wave""}], ""totalCount"": 1688, ""unknownCount"": 1462}","{""top"": [{""count"": 102, ""genre"": ""rock""}, {""count"": 72, ""genre"": ""electronic""}, {""count"": 35, ""genre"": ""experimental""}, {""count"": 32, ""genre"": ""indie rock""}, {""count"": 30, ""genre"": ""ambient""}, {""count"": 29, ""genre"": ""alternative rock""}, {""count"": 29, ""genre"": ""punk""}, {""count"": 19, ""genre"": ""new wave""}], ""updatedAt"": ""2026-09-16T19:25:43.660Z"", ""sampleSize"": 3168, ""windowDays"": 90, ""latestSpinAt"": ""2026-09-16T19:25:23.264Z"", ""excludedCount"": 14, ""genreCoverage"": 0.13396561944279786, ""readinessTier"": ""ready"", ""resolvedCount"": 1687, ""resolutionRate"": 0.5325126262626263, ""datedTrackCount"": 1560, ""genreTaggedCount"": 226, ""uniqueTrackCount"": 1534, ""uniqueArtistCount"": 1339, ""unknownGenreCount"": 1461, ""datedTrackCoverage"": 0.9247184350918791}",community,curated,human,f
Wavebreaker,wavebreaker,,Germany,https://laut.fm/wavebreaker,"[""alternative"", ""ambient"", ""electropop"", ""gothic"", ""indie"", ""new wave""]",,,"{""top"": [], ""updatedAt"": ""2026-09-16T19:18:11.656Z"", ""sampleSize"": 0, ""windowDays"": 90, ""latestSpinAt"": null, ""excludedCount"": 0, ""genreCoverage"": 0, ""readinessTier"": ""insufficient"", ""resolvedCount"": 0, ""resolutionRate"": 0, ""datedTrackCount"": 0, ""genreTaggedCount"": 0, ""uniqueTrackCount"": 0, ""uniqueArtistCount"": 0, ""unknownGenreCount"": 0, ""datedTrackCoverage"": 0}",curated,radio_browser,,f
Weekly Ghost Station,weekly-recap-ghost-15075ff6,,,,,,,"{""top"": [], ""updatedAt"": ""2026-09-16T19:28:34.163Z"", ""sampleSize"": 0, ""windowDays"": 90, ""latestSpinAt"": null, ""excludedCount"": 0, ""genreCoverage"": 0, ""readinessTier"": ""insufficient"", ""resolvedCount"": 0, ""resolutionRate"": 0, ""datedTrackCount"": 0, ""genreTaggedCount"": 0, ""uniqueTrackCount"": 0, ""uniqueArtistCount"": 0, ""unknownGenreCount"": 0, ""datedTrackCoverage"": 0}",curated,curated,,f
Weekly Station A,weekly-recap-a-15075ff6,,,,,,,"{""top"": [], ""updatedAt"": ""2026-09-16T19:28:34.055Z"", ""sampleSize"": 0, ""windowDays"": 90, ""latestSpinAt"": null, ""excludedCount"": 0, ""genreCoverage"": 0, ""readinessTier"": ""insufficient"", ""resolvedCount"": 0, ""resolutionRate"": 0, ""datedTrackCount"": 0, ""genreTaggedCount"": 0, ""uniqueTrackCount"": 0, ""uniqueArtistCount"": 0, ""unknownGenreCount"": 0, ""datedTrackCoverage"": 0}",curated,curated,,f
Worldwide FM,worldwide-fm,Worldwide FM,GB,https://worldwidefm.net,"[""electronica"", ""indie"", ""jazz"", ""specialist"", ""world"", ""world music""]","Listen to the best independent music, shows, and content from Worldwide FM. Discover new artists, exclusive mixes, and curated playlists.","{""top"": [{""count"": 35, ""genre"": ""electronic""}, {""count"": 34, ""genre"": ""funk""}, {""count"": 23, ""genre"": ""disco""}, {""count"": 23, ""genre"": ""jazz""}, {""count"": 19, ""genre"": ""downtempo""}, {""count"": 19, ""genre"": ""folk""}, {""count"": 19, ""genre"": ""pop""}, {""count"": 16, ""genre"": ""alternative hip hop""}], ""totalCount"": 2136, ""unknownCount"": 2007}","{""top"": [{""count"": 35, ""genre"": ""electronic""}, {""count"": 34, ""genre"": ""funk""}, {""count"": 23, ""genre"": ""disco""}, {""count"": 23, ""genre"": ""jazz""}, {""count"": 19, ""genre"": ""downtempo""}, {""count"": 19, ""genre"": ""folk""}, {""count"": 19, ""genre"": ""pop""}, {""count"": 16, ""genre"": ""alternative hip hop""}], ""updatedAt"": ""2026-09-16T19:22:22.569Z"", ""sampleSize"": 4240, ""windowDays"": 90, ""latestSpinAt"": ""2026-09-16T11:04:05.952Z"", ""excludedCount"": 50, ""genreCoverage"": 0.06056338028169014, ""readinessTier"": ""ready"", ""resolvedCount"": 2130, ""resolutionRate"": 0.5023584905660378, ""datedTrackCount"": 2050, ""genreTaggedCount"": 129, ""uniqueTrackCount"": 221, ""uniqueArtistCount"": 182, ""unknownGenreCount"": 2001, ""datedTrackCoverage"": 0.9624413145539906}",community,curated,mixed,f
XRAY.fm,xray-fm,XRAY.fm,US,https://xray.fm/,"[""public""]",XRAY.fm aims to hold a boom mic up to the best and most distinctive of Portland.,,"{""top"": [], ""updatedAt"": ""2026-09-16T19:29:56.159Z"", ""sampleSize"": 0, ""windowDays"": 90, ""latestSpinAt"": null, ""excludedCount"": 0, ""genreCoverage"": 0, ""readinessTier"": ""insufficient"", ""resolvedCount"": 0, ""resolutionRate"": 0, ""datedTrackCount"": 0, ""genreTaggedCount"": 0, ""uniqueTrackCount"": 0, ""uniqueArtistCount"": 0, ""unknownGenreCount"": 0, ""datedTrackCoverage"": 0}",community,curated,human,f
Yabiladi Azawan Amazigh,yabiladi-azawan-amazigh,,Morocco,https://www.yabiladi.com/radio/,"[""world"", ""world music""]","Yabiladi Radio Maroc : 100% musique marocaine au format MP3. Ecoutez tous les styles de musiques marocaines en non stop : chaabi, Nass el Ghiwane, raï, melhoune, gharnati, H-Kayne, Bigg, Fnaïre, Daoudi, Senhaji, Abdelwahab Doukkali, Abdelhadi Belkhayat","{""top"": [], ""totalCount"": 87, ""unknownCount"": 87}","{""top"": [], ""updatedAt"": ""2026-09-16T19:20:59.395Z"", ""sampleSize"": 5192, ""windowDays"": 90, ""latestSpinAt"": ""2026-09-16T11:25:22.728Z"", ""excludedCount"": 16, ""genreCoverage"": 0, ""readinessTier"": ""insufficient"", ""resolvedCount"": 87, ""resolutionRate"": 0.016756548536209552, ""datedTrackCount"": 0, ""genreTaggedCount"": 0, ""uniqueTrackCount"": 3, ""uniqueArtistCount"": 3, ""unknownGenreCount"": 87, ""datedTrackCoverage"": 0}",curated,radio_browser,mixed,f
Yabiladi Chaabi Maroc,yabiladi-chaabi-maroc,,Morocco,https://www.yabiladi.com/radio/,"[""world"", ""world music""]","Yabiladi Radio Maroc : 100% musique marocaine au format MP3. Ecoutez tous les styles de musiques marocaines en non stop : chaabi, Nass el Ghiwane, raï, melhoune, gharnati, H-Kayne, Bigg, Fnaïre, Daoudi, Senhaji, Abdelwahab Doukkali, Abdelhadi Belkhayat","{""top"": [], ""totalCount"": 351, ""unknownCount"": 351}","{""top"": [], ""updatedAt"": ""2026-09-16T19:19:08.061Z"", ""sampleSize"": 4448, ""windowDays"": 90, ""latestSpinAt"": ""2026-09-16T19:19:06.871Z"", ""excludedCount"": 0, ""genreCoverage"": 0, ""readinessTier"": ""provisional"", ""resolvedCount"": 351, ""resolutionRate"": 0.07891187050359712, ""datedTrackCount"": 228, ""genreTaggedCount"": 0, ""uniqueTrackCount"": 65, ""uniqueArtistCount"": 36, ""unknownGenreCount"": 351, ""datedTrackCoverage"": 0.6495726495726496}",curated,radio_browser,mixed,f
Yabiladi Radio,yabiladi-radio,,Morocco,https://www.yabiladi.com/radio/,"[""world"", ""world music""]","Yabiladi Radio Maroc : 100% musique marocaine au format MP3. Ecoutez tous les styles de musiques marocaines en non stop : chaabi, Nass el Ghiwane, raï, melhoune, gharnati, H-Kayne, Bigg, Fnaïre, Daoudi, Senhaji, Abdelwahab Doukkali, Abdelhadi Belkhayat","{""top"": [{""count"": 3, ""genre"": ""folk""}, {""count"": 3, ""genre"": ""gospel""}, {""count"": 3, ""genre"": ""jazz""}, {""count"": 3, ""genre"": ""soul jazz""}], ""totalCount"": 441, ""unknownCount"": 438}","{""top"": [{""count"": 3, ""genre"": ""folk""}, {""count"": 3, ""genre"": ""gospel""}, {""count"": 3, ""genre"": ""jazz""}, {""count"": 3, ""genre"": ""soul jazz""}], ""updatedAt"": ""2026-09-16T19:19:38.356Z"", ""sampleSize"": 4094, ""windowDays"": 90, ""latestSpinAt"": ""2026-09-16T19:18:34.160Z"", ""excludedCount"": 2, ""genreCoverage"": 0.006802721088435374, ""readinessTier"": ""provisional"", ""resolvedCount"": 441, ""resolutionRate"": 0.10771861260381045, ""datedTrackCount"": 338, ""genreTaggedCount"": 3, ""uniqueTrackCount"": 188, ""uniqueArtistCount"": 76, ""unknownGenreCount"": 438, ""datedTrackCoverage"": 0.7664399092970522}",curated,radio_browser,mixed,f
Yammat FM,yammat-fm,,Croatia,https://www.yammat.fm/,"[""alternative"", ""dance"", ""disco"", ""experimental"", ""funk"", ""gospel"", ""hip-hop"", ""house"", ""indie"", ""punk"", ""reagge"", ""rock"", ""soul"", ""techno"", ""world""]","Radio streamovi Za drugo stanje svijesti Pokrenite svoj zvuk, live i tematskim glazbenim streamovima. Pred vama je sve što vam treba. play_arrow ROMANTIC REBELS &#038; POP WAVES New Wave / POP / 80&#039;s / 90&#039;s play_arrow YAMMAT LIVE ON AIR play_arrow STREET SPITTA HIP HOP/","{""top"": [{""count"": 255, ""genre"": ""rock""}, {""count"": 207, ""genre"": ""pop""}, {""count"": 154, ""genre"": ""electronic""}, {""count"": 134, ""genre"": ""alternative rock""}, {""count"": 100, ""genre"": ""indie rock""}, {""count"": 66, ""genre"": ""pop rock""}, {""count"": 60, ""genre"": ""soul""}, {""count"": 55, ""genre"": ""indie pop""}], ""totalCount"": 4310, ""unknownCount"": 3650}","{""top"": [{""count"": 255, ""genre"": ""rock""}, {""count"": 207, ""genre"": ""pop""}, {""count"": 154, ""genre"": ""electronic""}, {""count"": 134, ""genre"": ""alternative rock""}, {""count"": 100, ""genre"": ""indie rock""}, {""count"": 66, ""genre"": ""pop rock""}, {""count"": 60, ""genre"": ""soul""}, {""count"": 55, ""genre"": ""indie pop""}], ""updatedAt"": ""2026-09-16T19:15:15.508Z"", ""sampleSize"": 7231, ""windowDays"": 90, ""latestSpinAt"": ""2026-09-16T19:12:43.564Z"", ""excludedCount"": 845, ""genreCoverage"": 0.15379229871645275, ""readinessTier"": ""ready"", ""resolvedCount"": 4285, ""resolutionRate"": 0.59258747061264, ""datedTrackCount"": 3856, ""genreTaggedCount"": 659, ""uniqueTrackCount"": 3252, ""uniqueArtistCount"": 1954, ""unknownGenreCount"": 3626, ""datedTrackCoverage"": 0.8998833138856476}",curated,radio_browser,mixed,f
Yerevan Nights,yerevan-nights,,The United States Of America,http://www.yerevannights.com/,"[""armenian"", ""folk"", ""pop"", ""variety""]",YerevanNights.com is a free Armenian music radio station.,"{""top"": [{""count"": 17, ""genre"": ""jazz""}, {""count"": 7, ""genre"": ""folk""}, {""count"": 7, ""genre"": ""rock""}, {""count"": 1, ""genre"": ""dark wave""}, {""count"": 1, ""genre"": ""electronic""}, {""count"": 1, ""genre"": ""europop""}, {""count"": 1, ""genre"": ""gothic""}, {""count"": 1, ""genre"": ""pop""}], ""totalCount"": 644, ""unknownCount"": 619}","{""top"": [{""count"": 17, ""genre"": ""jazz""}, {""count"": 7, ""genre"": ""folk""}, {""count"": 7, ""genre"": ""rock""}, {""count"": 1, ""genre"": ""dark wave""}, {""count"": 1, ""genre"": ""electronic""}, {""count"": 1, ""genre"": ""europop""}, {""count"": 1, ""genre"": ""gothic""}, {""count"": 1, ""genre"": ""pop""}], ""updatedAt"": ""2026-09-16T19:25:00.168Z"", ""sampleSize"": 6756, ""windowDays"": 90, ""latestSpinAt"": ""2026-09-02T03:50:48.259Z"", ""excludedCount"": 2, ""genreCoverage"": 0.03881987577639751, ""readinessTier"": ""ready"", ""resolvedCount"": 644, ""resolutionRate"": 0.09532267613972766, ""datedTrackCount"": 172, ""genreTaggedCount"": 25, ""uniqueTrackCount"": 208, ""uniqueArtistCount"": 115, ""unknownGenreCount"": 619, ""datedTrackCoverage"": 0.2670807453416149}",curated,radio_browser,,f
Yurd FM,yurd-fm,,Azerbaijan,http://www.yurdfm.az/,"[""folk"", ""folk music""]",Yurd FM - Doğma musiqi dalğası!,"{""top"": [{""count"": 1, ""genre"": ""mugham""}], ""totalCount"": 60, ""unknownCount"": 59}","{""top"": [{""count"": 1, ""genre"": ""mugham""}], ""updatedAt"": ""2026-09-16T19:13:40.962Z"", ""sampleSize"": 5437, ""windowDays"": 90, ""latestSpinAt"": ""2026-09-16T11:33:59.554Z"", ""excludedCount"": 1538, ""genreCoverage"": 0.017857142857142856, ""readinessTier"": ""provisional"", ""resolvedCount"": 56, ""resolutionRate"": 0.010299797682545521, ""datedTrackCount"": 5, ""genreTaggedCount"": 1, ""uniqueTrackCount"": 36, ""uniqueArtistCount"": 33, ""unknownGenreCount"": 55, ""datedTrackCoverage"": 0.08928571428571429}",curated,radio_browser,,f
__COUNTRYHITS.FM__ by rautemusik (rm.fm),countryhits-fm-by-rautemusik-rm-fm,,Germany,https://countryhits.fm/,"[""alternative country"", ""alternative rock"", ""americana"", ""classic country"", ""classic rock"", ""country"", ""hits"", ""nashville"", ""new country"", ""rock"", ""texas country""]",,,"{""top"": [], ""updatedAt"": ""2026-09-16T19:21:47.268Z"", ""sampleSize"": 0, ""windowDays"": 90, ""latestSpinAt"": null, ""excludedCount"": 0, ""genreCoverage"": 0, ""readinessTier"": ""insufficient"", ""resolvedCount"": 0, ""resolutionRate"": 0, ""datedTrackCount"": 0, ""genreTaggedCount"": 0, ""uniqueTrackCount"": 0, ""uniqueArtistCount"": 0, ""unknownGenreCount"": 0, ""datedTrackCoverage"": 0}",curated,radio_browser,,f
aNONradio,anonradio,,The United States Of America,http://anonradio.net/,"[""community radio"", ""eclectic"", ""experimental"", ""music"", ""non-commercial"", ""non-profit"", ""talk"", ""underground"", ""volunteer""]",// aNONradio // &#8211; [LIVE]: News to Me with mnw,"{""top"": [{""count"": 5, ""genre"": ""electronic""}, {""count"": 3, ""genre"": ""alternative rock""}, {""count"": 2, ""genre"": ""experimental""}, {""count"": 2, ""genre"": ""idm""}, {""count"": 2, ""genre"": ""indie rock""}, {""count"": 2, ""genre"": ""pop""}, {""count"": 2, ""genre"": ""rock""}, {""count"": 1, ""genre"": ""alternative pop""}], ""totalCount"": 627, ""unknownCount"": 616}","{""top"": [{""count"": 5, ""genre"": ""electronic""}, {""count"": 3, ""genre"": ""alternative rock""}, {""count"": 2, ""genre"": ""experimental""}, {""count"": 2, ""genre"": ""idm""}, {""count"": 2, ""genre"": ""indie rock""}, {""count"": 2, ""genre"": ""pop""}, {""count"": 2, ""genre"": ""rock""}, {""count"": 1, ""genre"": ""alternative pop""}], ""updatedAt"": ""2026-09-16T19:15:47.591Z"", ""sampleSize"": 5123, ""windowDays"": 90, ""latestSpinAt"": ""2026-09-16T05:07:55.857Z"", ""excludedCount"": 853, ""genreCoverage"": 0.018803418803418803, ""readinessTier"": ""ready"", ""resolvedCount"": 585, ""resolutionRate"": 0.11419090376732384, ""datedTrackCount"": 530, ""genreTaggedCount"": 11, ""uniqueTrackCount"": 95, ""uniqueArtistCount"": 82, ""unknownGenreCount"": 574, ""datedTrackCoverage"": 0.905982905982906}",curated,radio_browser,,f
ambient.fm,ambient-fm,,The United States Of America,https://ambient.fm/,"[""ambient"", ""ambient and relaxation music"", ""ambient easy listening"", ""ambient lounge"", ""ambient techno"", ""deep ambient"", ""easy music"", ""electronic"", ""light"", ""meditate"", ""meditation"", ""nevada"", ""peace"", ""relaxation music"", ""relaxing"", ""tonopah"", ""yoga"", ""zen ambient""]",Ambient music broadcasting from Nevada,,"{""top"": [], ""updatedAt"": ""2026-09-16T19:11:53.862Z"", ""sampleSize"": 0, ""windowDays"": 90, ""latestSpinAt"": null, ""excludedCount"": 0, ""genreCoverage"": 0, ""readinessTier"": ""insufficient"", ""resolvedCount"": 0, ""resolutionRate"": 0, ""datedTrackCount"": 0, ""genreTaggedCount"": 0, ""uniqueTrackCount"": 0, ""uniqueArtistCount"": 0, ""unknownGenreCount"": 0, ""datedTrackCoverage"": 0}",curated,radio_browser,,f
bauhaus.fm,bauhaus-fm,,Germany,https://www.uni-weimar.de/projekte/bauhaus-fm,"[""bauhaus"", ""experimental"", ""slow radio"", ""sound art""]",bauhaus.fm &#8211; Das experimentelle Radio an der Bauhaus-Universität Weimar | UKW 106.6 MHz,,"{""top"": [], ""updatedAt"": ""2026-09-16T19:15:46.271Z"", ""sampleSize"": 3, ""windowDays"": 90, ""latestSpinAt"": ""2026-07-10T22:05:44.078Z"", ""excludedCount"": 70, ""genreCoverage"": 0, ""readinessTier"": ""insufficient"", ""resolvedCount"": 0, ""resolutionRate"": 0, ""datedTrackCount"": 0, ""genreTaggedCount"": 0, ""uniqueTrackCount"": 0, ""uniqueArtistCount"": 0, ""unknownGenreCount"": 0, ""datedTrackCoverage"": 0}",curated,radio_browser,mixed,f
celtic-rock.de,celtic-rock-de,,Germany,https://celtic-rock.de/,"[""celtic"", ""folk"", ""rock""]",celtic-rock.de ~ the finest selection ~ since 2007 exploring modern folk music with celtic roots for all generations,,"{""top"": [], ""updatedAt"": ""2026-09-16T19:23:01.859Z"", ""sampleSize"": 0, ""windowDays"": 90, ""latestSpinAt"": null, ""excludedCount"": 0, ""genreCoverage"": 0, ""readinessTier"": ""insufficient"", ""resolvedCount"": 0, ""resolutionRate"": 0, ""datedTrackCount"": 0, ""genreTaggedCount"": 0, ""uniqueTrackCount"": 0, ""uniqueArtistCount"": 0, ""unknownGenreCount"": 0, ""datedTrackCoverage"": 0}",curated,radio_browser,,f
dinamo.fm sleep,dinamo-fm-sleep,,Türkiye,http://www.dinamo.fm/,"[""ambient"", ""chillout"", ""lullaby"", ""relaxing"", ""sleep"", ""zen""]",Official website of Istanbul's premier electronic/indie radio station.,"{""top"": [{""count"": 286, ""genre"": ""ambient""}, {""count"": 255, ""genre"": ""electronic""}, {""count"": 87, ""genre"": ""downtempo""}, {""count"": 68, ""genre"": ""drone""}, {""count"": 43, ""genre"": ""modern classical""}, {""count"": 28, ""genre"": ""experimental""}, {""count"": 26, ""genre"": ""techno""}, {""count"": 15, ""genre"": ""rock""}], ""totalCount"": 1760, ""unknownCount"": 1431}","{""top"": [{""count"": 286, ""genre"": ""ambient""}, {""count"": 255, ""genre"": ""electronic""}, {""count"": 87, ""genre"": ""downtempo""}, {""count"": 68, ""genre"": ""drone""}, {""count"": 43, ""genre"": ""modern classical""}, {""count"": 28, ""genre"": ""experimental""}, {""count"": 26, ""genre"": ""techno""}, {""count"": 15, ""genre"": ""rock""}], ""updatedAt"": ""2026-09-16T19:12:08.860Z"", ""sampleSize"": 3287, ""windowDays"": 90, ""latestSpinAt"": ""2026-09-16T11:28:15.000Z"", ""excludedCount"": 66, ""genreCoverage"": 0.18832283915283343, ""readinessTier"": ""ready"", ""resolvedCount"": 1747, ""resolutionRate"": 0.5314876787344083, ""datedTrackCount"": 1672, ""genreTaggedCount"": 329, ""uniqueTrackCount"": 795, ""uniqueArtistCount"": 510, ""unknownGenreCount"": 1418, ""datedTrackCoverage"": 0.9570692615912993}",curated,radio_browser,mixed,f
dinamo.fm smog,dinamo-fm-smog,,Türkiye,http://www.dinamo.fm/,"[""deep"", ""dub"", ""electronica"", ""idm""]",,"{""top"": [{""count"": 387, ""genre"": ""electronic""}, {""count"": 212, ""genre"": ""ambient""}, {""count"": 168, ""genre"": ""downtempo""}, {""count"": 144, ""genre"": ""idm""}, {""count"": 95, ""genre"": ""experimental""}, {""count"": 64, ""genre"": ""house""}, {""count"": 48, ""genre"": ""dubstep""}, {""count"": 43, ""genre"": ""techno""}], ""totalCount"": 2646, ""unknownCount"": 2164}","{""top"": [{""count"": 387, ""genre"": ""electronic""}, {""count"": 212, ""genre"": ""ambient""}, {""count"": 168, ""genre"": ""downtempo""}, {""count"": 144, ""genre"": ""idm""}, {""count"": 95, ""genre"": ""experimental""}, {""count"": 64, ""genre"": ""house""}, {""count"": 48, ""genre"": ""dubstep""}, {""count"": 43, ""genre"": ""techno""}], ""updatedAt"": ""2026-09-16T19:13:13.060Z"", ""sampleSize"": 4817, ""windowDays"": 90, ""latestSpinAt"": ""2026-09-16T11:20:59.664Z"", ""excludedCount"": 110, ""genreCoverage"": 0.18285280728376327, ""readinessTier"": ""ready"", ""resolvedCount"": 2636, ""resolutionRate"": 0.5472285654971975, ""datedTrackCount"": 2565, ""genreTaggedCount"": 482, ""uniqueTrackCount"": 1462, ""uniqueArtistCount"": 970, ""unknownGenreCount"": 2154, ""datedTrackCoverage"": 0.9730652503793626}",curated,radio_browser,mixed,f
i love radio - greatest hits,i-love-radio-greatest-hits,,Germany,https://www.iloveradio.de/ilovegreatesthits/,"[""größte pop-hits der 2000er"", ""nummer-1-hits"", ""the world´s greatest!"", ""world""]",The world&#039;s greatest! Nummer-1-Hits und die größten Pop-Hits der 2000er,"{""top"": [{""count"": 1056, ""genre"": ""pop""}, {""count"": 349, ""genre"": ""dance-pop""}, {""count"": 297, ""genre"": ""electronic""}, {""count"": 237, ""genre"": ""rock""}, {""count"": 177, ""genre"": ""pop rock""}, {""count"": 166, ""genre"": ""dance""}, {""count"": 155, ""genre"": ""alternative rock""}, {""count"": 115, ""genre"": ""electropop""}], ""totalCount"": 7411, ""unknownCount"": 5788}","{""top"": [{""count"": 1056, ""genre"": ""pop""}, {""count"": 349, ""genre"": ""dance-pop""}, {""count"": 297, ""genre"": ""electronic""}, {""count"": 237, ""genre"": ""rock""}, {""count"": 177, ""genre"": ""pop rock""}, {""count"": 166, ""genre"": ""dance""}, {""count"": 155, ""genre"": ""alternative rock""}, {""count"": 115, ""genre"": ""electropop""}], ""updatedAt"": ""2026-09-16T19:20:11.456Z"", ""sampleSize"": 11016, ""windowDays"": 90, ""latestSpinAt"": ""2026-09-16T19:18:57.164Z"", ""excludedCount"": 94, ""genreCoverage"": 0.22000813338755593, ""readinessTier"": ""ready"", ""resolvedCount"": 7377, ""resolutionRate"": 0.6696623093681917, ""datedTrackCount"": 6787, ""genreTaggedCount"": 1623, ""uniqueTrackCount"": 595, ""uniqueArtistCount"": 240, ""unknownGenreCount"": 5754, ""datedTrackCoverage"": 0.9200216890334825}",curated,radio_browser,mixed,f
laut.fm - Dark Sound United,laut-fm-dark-sound-united,,,https://laut.fm/dark-sound-united,"[""black metal"", ""electropop"", ""gothic"", ""gothic rock"", ""heavy metal"", ""industrial"", ""new wave"", ""synthpop""]",,,"{""top"": [], ""updatedAt"": ""2026-09-16T19:18:13.655Z"", ""sampleSize"": 0, ""windowDays"": 90, ""latestSpinAt"": null, ""excludedCount"": 0, ""genreCoverage"": 0, ""readinessTier"": ""insufficient"", ""resolvedCount"": 0, ""resolutionRate"": 0, ""datedTrackCount"": 0, ""genreTaggedCount"": 0, ""uniqueTrackCount"": 0, ""uniqueArtistCount"": 0, ""unknownGenreCount"": 0, ""datedTrackCoverage"": 0}",curated,radio_browser,,f
laut.fm - Shamanic Tunes,laut-fm-shamanic-tunes,,,https://laut.fm/shamanic_tunes,"[""alternative"", ""chillout"", ""doom metal"", ""groove"", ""hard rock"", ""psychedelic"", ""rock"", ""stoner rock"", ""trip-hop""]",,,"{""top"": [], ""updatedAt"": ""2026-09-16T19:16:07.963Z"", ""sampleSize"": 0, ""windowDays"": 90, ""latestSpinAt"": null, ""excludedCount"": 0, ""genreCoverage"": 0, ""readinessTier"": ""insufficient"", ""resolvedCount"": 0, ""resolutionRate"": 0, ""datedTrackCount"": 0, ""genreTaggedCount"": 0, ""uniqueTrackCount"": 0, ""uniqueArtistCount"": 0, ""unknownGenreCount"": 0, ""datedTrackCoverage"": 0}",curated,radio_browser,,f
laut.fm Dark-Mythos,laut-fm-dark-mythos,,Germany,http://laut.fm/dark-mythos,"[""ebm"", ""electronic"", ""gothic"", ""new wave"", ""romance""]",,,"{""top"": [], ""updatedAt"": ""2026-09-16T19:18:25.356Z"", ""sampleSize"": 0, ""windowDays"": 90, ""latestSpinAt"": null, ""excludedCount"": 0, ""genreCoverage"": 0, ""readinessTier"": ""insufficient"", ""resolvedCount"": 0, ""resolutionRate"": 0, ""datedTrackCount"": 0, ""genreTaggedCount"": 0, ""uniqueTrackCount"": 0, ""uniqueArtistCount"": 0, ""unknownGenreCount"": 0, ""datedTrackCoverage"": 0}",curated,radio_browser,,f
laut.fm Fantasyradio,laut-fm-fantasyradio,,Germany,http://laut.fm/fantasyradio,"[""folk"", ""electro"", ""epic"", ""fantasy"", ""gothic"", ""metal"", ""mittelalter"", ""symphonic""]",,,"{""top"": [], ""updatedAt"": ""2026-09-16T19:25:39.265Z"", ""sampleSize"": 0, ""windowDays"": 90, ""latestSpinAt"": null, ""excludedCount"": 0, ""genreCoverage"": 0, ""readinessTier"": ""insufficient"", ""resolvedCount"": 0, ""resolutionRate"": 0, ""datedTrackCount"": 0, ""genreTaggedCount"": 0, ""uniqueTrackCount"": 0, ""uniqueArtistCount"": 0, ""unknownGenreCount"": 0, ""datedTrackCoverage"": 0}",curated,radio_browser,,f
laut.fm Kakerlakenradio,laut-fm-kakerlakenradio,,Germany,http://laut.fm/kakerlakenradio,"[""alternative"", ""brit pop"", ""garage"", ""indie"", ""new wave"", ""pop"", ""punk"", ""rock""]",,,"{""top"": [], ""updatedAt"": ""2026-09-16T19:18:12.269Z"", ""sampleSize"": 0, ""windowDays"": 90, ""latestSpinAt"": null, ""excludedCount"": 0, ""genreCoverage"": 0, ""readinessTier"": ""insufficient"", ""resolvedCount"": 0, ""resolutionRate"": 0, ""datedTrackCount"": 0, ""genreTaggedCount"": 0, ""uniqueTrackCount"": 0, ""uniqueArtistCount"": 0, ""unknownGenreCount"": 0, ""datedTrackCoverage"": 0}",curated,radio_browser,,f
laut.fm Schwarze Szene,laut-fm-schwarze-szene,,Germany,http://laut.fm/schwarzeszene,"[""folk"", ""dark wave"", ""electro"", ""gothic"", ""industrial"", ""medieval"", ""metal"", ""neofolk""]",,,"{""top"": [], ""updatedAt"": ""2026-09-16T19:23:59.972Z"", ""sampleSize"": 0, ""windowDays"": 90, ""latestSpinAt"": null, ""excludedCount"": 0, ""genreCoverage"": 0, ""readinessTier"": ""insufficient"", ""resolvedCount"": 0, ""resolutionRate"": 0, ""datedTrackCount"": 0, ""genreTaggedCount"": 0, ""uniqueTrackCount"": 0, ""uniqueArtistCount"": 0, ""unknownGenreCount"": 0, ""datedTrackCoverage"": 0}",curated,radio_browser,,f
laut.fm Sound,laut-fm-sound,,Germany,http://laut.fm/sound,"[""20s"", ""30s"", ""40s"", ""50s"", ""60s"", ""70s"", ""americana"", ""classic country"", ""classic folk"", ""country"", ""country blues"", ""country rock"", ""folk"", ""folk rock"", ""old time radio"", ""oldies""]",,,"{""top"": [], ""updatedAt"": ""2026-09-16T19:13:21.660Z"", ""sampleSize"": 0, ""windowDays"": 90, ""latestSpinAt"": null, ""excludedCount"": 0, ""genreCoverage"": 0, ""readinessTier"": ""insufficient"", ""resolvedCount"": 0, ""resolutionRate"": 0, ""datedTrackCount"": 0, ""genreTaggedCount"": 0, ""uniqueTrackCount"": 0, ""uniqueArtistCount"": 0, ""unknownGenreCount"": 0, ""datedTrackCoverage"": 0}",curated,radio_browser,,f
open broadcast radio,open-broadcast-radio,,Switzerland,https://openbroadcast.ch/,"[""afro"", ""deep house"", ""dub"", ""eclectic"", ""electronic"", ""folk"", ""funk"", ""hip hop"", ""house"", ""jazz"", ""latin"", ""neo soul"", ""pop"", ""reggae"", ""rnb"", ""rock"", ""soul"", ""world"", ""world music""]",eclectic music,"{""top"": [{""count"": 3, ""genre"": ""jazz""}, {""count"": 2, ""genre"": ""contemporary jazz""}, {""count"": 2, ""genre"": ""electronic""}, {""count"": 2, ""genre"": ""free jazz""}, {""count"": 2, ""genre"": ""post-bop""}, {""count"": 2, ""genre"": ""soul""}, {""count"": 1, ""genre"": ""ambient""}, {""count"": 1, ""genre"": ""art rock""}], ""totalCount"": 117, ""unknownCount"": 109}","{""top"": [{""count"": 3, ""genre"": ""jazz""}, {""count"": 2, ""genre"": ""contemporary jazz""}, {""count"": 2, ""genre"": ""electronic""}, {""count"": 2, ""genre"": ""free jazz""}, {""count"": 2, ""genre"": ""post-bop""}, {""count"": 2, ""genre"": ""soul""}, {""count"": 1, ""genre"": ""ambient""}, {""count"": 1, ""genre"": ""art rock""}], ""updatedAt"": ""2026-09-16T19:11:21.657Z"", ""sampleSize"": 3091, ""windowDays"": 90, ""latestSpinAt"": ""2026-09-16T11:33:49.403Z"", ""excludedCount"": 4, ""genreCoverage"": 0.07017543859649122, ""readinessTier"": ""provisional"", ""resolvedCount"": 114, ""resolutionRate"": 0.03688126819799418, ""datedTrackCount"": 57, ""genreTaggedCount"": 8, ""uniqueTrackCount"": 101, ""uniqueArtistCount"": 100, ""unknownGenreCount"": 106, ""datedTrackCoverage"": 0.5}",curated,radio_browser,,f
p-node,p-node,,France,https://p-node.org/,"[""experimental""]",∏ node is an hybrid radio/stream platform,"{""top"": [], ""totalCount"": 31, ""unknownCount"": 31}","{""top"": [], ""updatedAt"": ""2026-09-16T19:16:47.556Z"", ""sampleSize"": 2173, ""windowDays"": 90, ""latestSpinAt"": ""2026-09-16T10:58:44.684Z"", ""excludedCount"": 87, ""genreCoverage"": 0, ""readinessTier"": ""provisional"", ""resolvedCount"": 28, ""resolutionRate"": 0.012885411872986655, ""datedTrackCount"": 0, ""genreTaggedCount"": 0, ""uniqueTrackCount"": 20, ""uniqueArtistCount"": 12, ""unknownGenreCount"": 28, ""datedTrackCoverage"": 0}",curated,radio_browser,,f
pmr.lt - world music radio,pmr-lt-world-music-radio,,Lithuania,https://pmr.lt/,"[""world"", ""world music""]",PMR,,"{""top"": [], ""updatedAt"": ""2026-09-16T19:22:57.368Z"", ""sampleSize"": 0, ""windowDays"": 90, ""latestSpinAt"": null, ""excludedCount"": 0, ""genreCoverage"": 0, ""readinessTier"": ""insufficient"", ""resolvedCount"": 0, ""resolutionRate"": 0, ""datedTrackCount"": 0, ""genreTaggedCount"": 0, ""uniqueTrackCount"": 0, ""uniqueArtistCount"": 0, ""unknownGenreCount"": 0, ""datedTrackCoverage"": 0}",curated,radio_browser,,f
psyradio * fm - progressive,psyradio-fm-progressive,,Germany,http://psyradio.fm/,"[""progressive"", ""psychedelic"", ""psytrance""]","psyradio is an online webradio station. It broadcasts his finest selection of psychedelic electronic music 24 hours a day. It consists of four music channels: progressive, psytrance, chillout and alternative.","{""top"": [{""count"": 3, ""genre"": ""electronic""}, {""count"": 3, ""genre"": ""progressive trance""}, {""count"": 3, ""genre"": ""psytrance""}], ""totalCount"": 194, ""unknownCount"": 190}","{""top"": [{""count"": 3, ""genre"": ""electronic""}, {""count"": 3, ""genre"": ""progressive trance""}, {""count"": 3, ""genre"": ""psytrance""}], ""updatedAt"": ""2026-09-16T19:15:52.362Z"", ""sampleSize"": 327, ""windowDays"": 90, ""latestSpinAt"": ""2026-07-26T01:01:14.875Z"", ""excludedCount"": 10, ""genreCoverage"": 0.02072538860103627, ""readinessTier"": ""insufficient"", ""resolvedCount"": 193, ""resolutionRate"": 0.5902140672782875, ""datedTrackCount"": 185, ""genreTaggedCount"": 4, ""uniqueTrackCount"": 174, ""uniqueArtistCount"": 137, ""unknownGenreCount"": 189, ""datedTrackCoverage"": 0.9585492227979274}",curated,radio_browser,,f
t67-4fdb1912 All Oldies Channel,t67-4fdb1912-era,,,,,,,"{""top"": [], ""updatedAt"": ""2026-09-16T19:28:44.664Z"", ""sampleSize"": 0, ""windowDays"": 90, ""latestSpinAt"": null, ""excludedCount"": 0, ""genreCoverage"": 0, ""readinessTier"": ""insufficient"", ""resolvedCount"": 0, ""resolutionRate"": 0, ""datedTrackCount"": 0, ""genreTaggedCount"": 0, ""uniqueTrackCount"": 0, ""uniqueArtistCount"": 0, ""unknownGenreCount"": 0, ""datedTrackCoverage"": 0}",curated,curated,,f
t67-4fdb1912 Jazz FM,t67-4fdb1912-genre,,,,,,,"{""top"": [], ""updatedAt"": ""2026-09-16T19:28:44.970Z"", ""sampleSize"": 0, ""windowDays"": 90, ""latestSpinAt"": null, ""excludedCount"": 0, ""genreCoverage"": 0, ""readinessTier"": ""insufficient"", ""resolvedCount"": 0, ""resolutionRate"": 0, ""datedTrackCount"": 0, ""genreTaggedCount"": 0, ""uniqueTrackCount"": 0, ""uniqueArtistCount"": 0, ""unknownGenreCount"": 0, ""datedTrackCoverage"": 0}",curated,curated,,f
t67-4fdb1912 Normal Station,t67-4fdb1912-normal,,,,,,,"{""top"": [], ""updatedAt"": ""2026-09-16T19:28:34.463Z"", ""sampleSize"": 0, ""windowDays"": 90, ""latestSpinAt"": null, ""excludedCount"": 0, ""genreCoverage"": 0, ""readinessTier"": ""insufficient"", ""resolvedCount"": 0, ""resolutionRate"": 0, ""datedTrackCount"": 0, ""genreTaggedCount"": 0, ""uniqueTrackCount"": 0, ""uniqueArtistCount"": 0, ""unknownGenreCount"": 0, ""datedTrackCoverage"": 0}",community,curated,,f
volXmusik.de,volxmusik-de,,Germany,http://volxmusik.de/Volksmusik-Webradio.html,"[""folk"", ""folk music"", ""volksmusik""]","aktuelles Programm, zuletzt gespielte Titel, Sendeplan &#40;Wochenprogramm&#41;, Hörer-Gästebuch und Infos zur Empfangstechnik",,"{""top"": [], ""updatedAt"": ""2026-09-16T19:25:28.964Z"", ""sampleSize"": 0, ""windowDays"": 90, ""latestSpinAt"": null, ""excludedCount"": 0, ""genreCoverage"": 0, ""readinessTier"": ""insufficient"", ""resolvedCount"": 0, ""resolutionRate"": 0, ""datedTrackCount"": 0, ""genreTaggedCount"": 0, ""uniqueTrackCount"": 0, ""uniqueArtistCount"": 0, ""unknownGenreCount"": 0, ""datedTrackCoverage"": 0}",curated,radio_browser,,f
Γλέντι 101.1,101-1,,Greece,http://www.glentifm.gr/,"[""folk"", ""greek""]",Γλέντι 101.1 FM | Xanthi,"{""top"": [], ""totalCount"": 258, ""unknownCount"": 258}","{""top"": [], ""updatedAt"": ""2026-09-16T19:14:15.956Z"", ""sampleSize"": 4177, ""windowDays"": 90, ""latestSpinAt"": ""2026-09-16T11:31:47.789Z"", ""excludedCount"": 0, ""genreCoverage"": 0, ""readinessTier"": ""provisional"", ""resolvedCount"": 258, ""resolutionRate"": 0.061766818290639215, ""datedTrackCount"": 203, ""genreTaggedCount"": 0, ""uniqueTrackCount"": 76, ""uniqueArtistCount"": 38, ""unknownGenreCount"": 258, ""datedTrackCoverage"": 0.7868217054263565}",curated,radio_browser,,f
Ελασσόνα 88.4,88-4,,Greece,https://www.facebook.com/elassona884/,"[""folk"", ""greek"", ""pop""]",,,"{""top"": [], ""updatedAt"": ""2026-09-16T19:24:02.561Z"", ""sampleSize"": 0, ""windowDays"": 90, ""latestSpinAt"": null, ""excludedCount"": 0, ""genreCoverage"": 0, ""readinessTier"": ""insufficient"", ""resolvedCount"": 0, ""resolutionRate"": 0, ""datedTrackCount"": 0, ""genreTaggedCount"": 0, ""uniqueTrackCount"": 0, ""uniqueArtistCount"": 0, ""unknownGenreCount"": 0, ""datedTrackCoverage"": 0}",curated,radio_browser,,f
Λαϊκός 100.6,100-6,,Greece,https://www.laikosradio.gr/,"[""folk"", ""greek"", ""pop""]","Λαϊκός fm 105,7",,"{""top"": [], ""updatedAt"": ""2026-09-16T19:14:59.460Z"", ""sampleSize"": 0, ""windowDays"": 90, ""latestSpinAt"": null, ""excludedCount"": 0, ""genreCoverage"": 0, ""readinessTier"": ""insufficient"", ""resolvedCount"": 0, ""resolutionRate"": 0, ""datedTrackCount"": 0, ""genreTaggedCount"": 0, ""uniqueTrackCount"": 0, ""uniqueArtistCount"": 0, ""unknownGenreCount"": 0, ""datedTrackCoverage"": 0}",curated,radio_browser,,f
Λαϊκός 96.2,96-2,,Greece,https://www.962fm.gr/,"[""folk"", ""greek"", ""pop""]",9.62 fm Νότες...μπροστά!,"{""top"": [], ""totalCount"": 7, ""unknownCount"": 7}","{""top"": [], ""updatedAt"": ""2026-09-16T19:15:10.768Z"", ""sampleSize"": 455, ""windowDays"": 90, ""latestSpinAt"": ""2026-09-16T11:01:22.326Z"", ""excludedCount"": 0, ""genreCoverage"": 0, ""readinessTier"": ""insufficient"", ""resolvedCount"": 7, ""resolutionRate"": 0.015384615384615385, ""datedTrackCount"": 0, ""genreTaggedCount"": 0, ""uniqueTrackCount"": 3, ""uniqueArtistCount"": 1, ""unknownGenreCount"": 7, ""datedTrackCoverage"": 0}",curated,radio_browser,,f
Χρώμα 102.1,102-1,,Greece,https://xromafm.gr/,"[""folk"", ""greek"", ""pop""]",102.1 Πάτρα - Mόνο ελληνική μουσική,,"{""top"": [], ""updatedAt"": ""2026-09-16T19:27:40.377Z"", ""sampleSize"": 0, ""windowDays"": 90, ""latestSpinAt"": null, ""excludedCount"": 0, ""genreCoverage"": 0, ""readinessTier"": ""insufficient"", ""resolvedCount"": 0, ""resolutionRate"": 0, ""datedTrackCount"": 0, ""genreTaggedCount"": 0, ""uniqueTrackCount"": 0, ""uniqueArtistCount"": 0, ""unknownGenreCount"": 0, ""datedTrackCoverage"": 0}",curated,radio_browser,,f
Радио Культура / Radio Kultura,radio-kultura,,The Russian Federation,http://www.cultradio.ru/,"[""folk"", ""jazz"", ""moscow"", ""music""]",▶ Слушать бесплатно трансляцию радио Культура онлайн в прямом эфире на платформе СМОТРИМ. Слушать любимые шоу и программы на радио Культура в хорошем качестве без регистрации.,,"{""top"": [], ""updatedAt"": ""2026-09-16T19:14:47.560Z"", ""sampleSize"": 0, ""windowDays"": 90, ""latestSpinAt"": null, ""excludedCount"": 0, ""genreCoverage"": 0, ""readinessTier"": ""insufficient"", ""resolvedCount"": 0, ""resolutionRate"": 0, ""datedTrackCount"": 0, ""genreTaggedCount"": 0, ""uniqueTrackCount"": 0, ""uniqueArtistCount"": 0, ""unknownGenreCount"": 0, ""datedTrackCoverage"": 0}",curated,radio_browser,,f

