,,inbandcamp,Rank,Artist,Title,Genre,Release Date,Stream,Buy,Spotify Link,cons_score,Albumism,BPM,Billboard,CoS,Complex,Crack,DoubleJ,EsquireUK,Exclaim!,FADER,FarOut,Gigwise,GorillaVsBear,LesInrocks,LineOfBestFit,Louder,Mojo,NBHAP,NME,NPR,Noisey,Paste,Pitchfork,PopMatters,Quietus,RollingStone,RoughTrade,Stereogum,TheAlternative,TheVinylFactory,TheWire,Treble,Uncut,Uproxx
,,,,Artist,Title,Genre,Release Date,Stream,Buy,Spotify Link,cons_score,Albumism,BPM,Billboard,CoS,Complex,Crack,DoubleJ,EsquireUK,Exclaim!,FADER,FarOut,Gigwise,GorillaVsBear,LesInrocks,LineOfBestFit,Louder,Mojo,NBHAP,NME,NPR,Noisey,Paste,Pitchfork,PopMatters,Quietus,RollingStone,RoughTrade,Stereogum,TheAlternative,TheVinylFactory,TheWire,Treble,Uncut,Uproxx
0,Phoebe BridgersPunisher,1,1,Phoebe Bridgers,Punisher,Singer-Songwriter,"June 18, 2020",Spotify,Bandcamp,http://open.spotify.com/album/2xECuqnvvmVktV7UO8Dd3s,20.67647059,13,21,15,3,,10,15,1,3,5,2,15,,,4,12,9,1,5,4,22,14,4,1,,10,2,28,14,,,2,3,15
1,Fiona AppleFetch the Bolt Cutters,1,2,Fiona Apple,Fetch the Bolt Cutters,Art Pop,"April 17, 2020",Spotify,,http://open.spotify.com/album/0fO1KemWL2uCCQmM22iKlj,22.20588235,9,5,7,1,27,39,2,21,2,28,7,,,,11,9,2,41,11,2,5,1,1,2,,2,,1,12,,28,5,22,2
2,Run the JewelsRTJ4,1,3,Run the Jewels,RTJ4,Hip Hop,"June 3, 2020",Spotify,,http://open.spotify.com/album/0DLkBrivkPhPGeSowPUyde,28.58823529,16,,14,2,25,,1,6,4,,3,5,,,10,15,8,8,1,15,,3,16,6,,6,25,3,13,,,4,,13
3,WaxahatcheeSaint Cloud,1,4,Waxahatchee,Saint Cloud,Alt-Country,"March 27, 2020",Spotify,Bandcamp,http://open.spotify.com/album/04HMMwLmjkftjWy7xc6Bho,35.64705882,,36,,6,,36,6,2,18,38,5,26,,,12,,,,,47,9,2,2,9,,7,18,2,10,,,8,6,7
4,Yves TumorHeaven To A Tortured Mind,1,5,Yves Tumor,Heaven To A Tortured Mind,Neo-Psychedelia,"April 3, 2020",Spotify,Bandcamp,http://open.spotify.com/album/5wnCTZtzIZxasRSHzI1JeW,41.38235294,,13,,17,,4,,20,8,6,,18,,17,8,,,,,,8,20,7,5,,,21,13,,2,,3,,17
5,Dua LipaFuture Nostalgia,1,6,Dua Lipa,Future Nostalgia,Dance Pop,"March 27, 2020",Spotify,,http://open.spotify.com/album/7fJJK56U9fHixgO0HQkhtI,41.44117647,11,,2,5,34,5,,23,46,,,14,21,,40,,37,,3,14,34,,21,11,40,5,,50,,13,,,,5
6,Perfume GeniusSet My Heart on Fire Immediately,1,7,Perfume Genius,Set My Heart on Fire Immediately,Art Pop,"May 15, 2020",Spotify,Bandcamp,http://open.spotify.com/album/6daEdTBi1hyFQgmsnR7oRr,42.41176471,,2,26,4,,17,,3,,,10,2,,,7,,,10,,35,30,5,5,18,21,,,15,,,,6,,26
7,Taylor Swiftfolklore,1,8,Taylor Swift,folklore,Singer-Songwriter,"July 24, 2020",Spotify,,http://open.spotify.com/album/0xS0iOtxQRoJvfcFcJA5Gv,45.52941176,5,,1,27,13,,,18,22,,,3,,,32,,31,23,2,,,,29,17,,1,,5,43,,,,,1
8,HAIMWomen in Music Pt. III,1,9,HAIM,Women in Music Pt. III,Indie Pop,"June 26, 2020",Spotify,,http://open.spotify.com/album/4qNGDMsRNqDQZPkTWyyeRF,45.85294118,,,10,,,,,9,6,3,49,7,,,48,,39,14,8,11,,42,8,4,,14,,4,,,,,,8
9,SAULTUNTITLED (Black Is),1,10,SAULT,UNTITLED (Black Is),Neo-Soul,"June 19, 2020",Spotify,Bandcamp,http://open.spotify.com/album/0GPmuVuCdC5hCsiuy1wXle,46.47058824,3,,,,,31,,,,2,6,4,2,,,,19,,42,1,1,17,,8,,,1,,,1,,,17,
10,Fleet FoxesShore,1,11,Fleet Foxes,Shore,Indie Folk,"September 22, 2020",Spotify,Bandcamp,http://open.spotify.com/album/0lmjCPEcec2k6L7ysNIcd3,47.08823529,,8,,32,,,25,,49,,4,,,,29,,5,21,,,17,27,20,23,,17,,14,,,,21,2,12
11,Bob DylanRough and Rowdy Ways,1,12,Bob Dylan,Rough and Rowdy Ways,Singer-Songwriter,"June 19, 2020",Spotify,,http://open.spotify.com/album/1Qht64MPvWTWa0aMsqxegB,47.44117647,,,,,,,,,9,,8,,,7,6,19,1,,49,,,23,6,16,,4,,22,,,4,13,1,
12,Moses Sumneygræ,1,13,Moses Sumney,græ,Art Pop,"May 15, 2020",Spotify,Bandcamp,http://open.spotify.com/album/35CHoLB0GEwYlOomriifC6,48.88235294,18,10,,,,,22,5,16,9,,34,,,5,,13,,,,,10,3,,,18,,40,,,,10,24,
13,ThundercatIt Is What It Is,1,14,Thundercat,It Is What It Is,Psychedelic Soul,"April 3, 2020",Spotify,Bandcamp,http://open.spotify.com/album/59GRmAvlGs7KjLizFnV7Y9,50.58823529,,,,14,,,27,49,12,,23,38,,,,,29,34,37,31,3,15,,12,,,,27,47,,42,,5,
14,Soccer Mommycolor theory,1,15,Soccer Mommy,color theory,Singer-Songwriter,"February 28, 2020",Spotify,Bandcamp,http://open.spotify.com/album/2CISL0rSGzbO0MbQMlqBez,51.11764706,19,,,,,,,12,41,44,15,16,,,,,,20,35,,31,7,26,43,,37,,10,8,,,,,24
15,Fontaines D.C.A Hero's Death,1,16,Fontaines D.C.,A Hero's Death,Post-Punk,"July 31, 2020",Spotify,Bandcamp,http://open.spotify.com/album/1TG1jA82COlOCK63DjmiT3,51.41176471,,,,,,,36,,,,1,25,,4,25,47,3,2,15,,,40,,10,,33,23,44,,,,,15,
16,Adrianne Lenkersongs,1,17,Adrianne Lenker,songs,Folk,"October 23, 2020",Spotify,Bandcamp,http://open.spotify.com/album/2WKfCjW3EDmgHswj5eVXuG,51.44117647,,11,,,,,33,11,45,,14,41,16,,27,,,,,29,39,9,11,19,,,,,,43,,12,,39
17,Charli XCXhow i'm feeling now,1,18,Charli XCX,how i'm feeling now,Bubblegum Bass,"May 15, 2020",Spotify,,http://open.spotify.com/album/3a9qH2VEsSiOZvMrjaS0Nu,51.64705882,,,,18,,9,,,,8,,30,24,,3,,,7,24,50,18,,48,,,,,19,22,,,28,,23
18,Rina SawayamaSAWAYAMA,1,19,Rina Sawayama,SAWAYAMA,R&B,"April 17, 2020",Spotify,,http://open.spotify.com/album/3stadz88XVpHcXnVYMHc4J,51.94117647,,,20,13,,,,,,14,19,1,,,1,,,,7,39,23,8,41,,,,3,,,,,42,,35
19,Jessie WareWhat's Your Pleasure?,1,20,Jessie Ware,What's Your Pleasure?,Dance Pop,"June 26, 2020",Spotify,,http://open.spotify.com/album/1CTm3ARqDETSm7GfvNYNJp,53.26470588,4,28,,,,,8,8,28,,,12,27,,35,,,,,,,39,9,3,,9,,26,,,,,,
20,Freddie Gibbs & The AlchemistAlfredo,1,21,Freddie Gibbs & The Alchemist,Alfredo,Hip Hop,"May 29, 2020",Spotify,,http://open.spotify.com/album/3znl1qe13kyjQv7KcR685N,53.73529412,,,,9,4,8,,,15,15,13,,22,,,,,,,,25,13,44,,,,,18,,16,,50,,
21,Bad BunnyYHLQMDLG,1,22,Bad Bunny,YHLQMDLG,Reggaeton,"February 29, 2020",Spotify,Bandcamp,http://open.spotify.com/album/5lJqux7orBlA1QzyiBGti1,54.17647059,,,4,16,16,19,,13,,,47,,,,,,,,,7,14,,10,15,,3,,,,,,,,28
22,Tame ImpalaThe Slow Rush,1,23,Tame Impala,The Slow Rush,Neo-Psychedelia,"February 14, 2020",Spotify,,http://open.spotify.com/album/31qVWUdRrlb8thMvts0yYL,55.47058824,,,27,,7,,4,43,,,9,,,29,,50,41,3,16,24,,,,,,,,,,,,,13,45
23,Lil Uzi VertEternal Atake,1,24,Lil Uzi Vert,Eternal Atake,Trap Rap,"March 6, 2020",Spotify,,http://open.spotify.com/album/2wBPFnrTuGjQw6ECiNjgaG,55.67647059,,,23,20,3,29,,45,,49,21,,,,,,,,20,9,,,12,,,8,,,,,,,,4
24,Kelly Lee OwensInner Song,1,25,Kelly Lee Owens,Inner Song,Tech House,"August 28, 2020",Spotify,Bandcamp,http://open.spotify.com/album/3DzlkHEQtb0ABoxze4Zxi7,56.35294118,,,,,,,,35,,,30,,42,,24,,,32,6,,,18,27,26,,38,28,21,,,,14,,
25,Bartees StrangeLive Forever,1,26,Bartees Strange,Live Forever,Indie Rock,"October 2, 2020",Spotify,Bandcamp,http://open.spotify.com/album/4Lu520UvMf7lJccCnKw3hJ,56.47058824,,38,,42,,46,,10,,13,,,,,,,,,,32,6,36,30,,,50,,16,1,,,,,25
26,CaribouSuddenly,1,27,Caribou,Suddenly,Indietronica,"February 28, 2020",Spotify,Bandcamp,http://open.spotify.com/album/4wSb7OhVUzw3u76lta9fJw,56.61764706,,,40,28,,,19,7,5,39,,,,,,,,31,,,,11,,28,,,15,36,,,,16,,
27,Laura MarlingSong For Our Daughter,1,28,Laura Marling,Song For Our Daughter,Folk,"April 10, 2020",Spotify,Bandcamp,http://open.spotify.com/album/0ubXthGSkZfe30Nuj91lcu,57.05882353,39,22,,,,,7,50,,,12,29,,,,,17,50,25,,,,,,,,4,25,,,,,10,
28,SAULTUntitled (Rise),1,29,SAULT,Untitled (Rise),Neo-Soul,"September 18, 2020",Spotify,Bandcamp,http://open.spotify.com/album/0K8jX7CLwxJaML5iXdxveF,57.67647059,6,,,,,,5,,,,41,,2,,,,,,,,1,4,,,17,,,9,,1,,,,
29,DeftonesOhms,1,30,Deftones,Ohms,Alternative Metal,"September 25, 2020",Spotify,,http://open.spotify.com/album/0VEFy5MsBiq0u2lWL0OwOd,58.61764706,,14,,7,,,34,,19,,50,8,,,,2,,,13,,,,,20,,,,,,,,26,,
30,Porridge RadioEvery Bad,1,31,Porridge Radio,Every Bad,Indie Rock,"March 13, 2020",Spotify,Bandcamp,http://open.spotify.com/album/4DN3XbB33kHTJA7HhI0RFI,59.29411765,,,,,,50,,,38,,,44,,,,,,4,18,,,6,23,32,,,9,39,28,,,,,
31,Megan Thee StallionGood News,1,32,Megan Thee Stallion,Good News,Trap Rap,"November 20, 2020",Spotify,,http://open.spotify.com/album/0KjckH1EE6HRRurMIXSc0r,59.5,,,12,49,30,,,,,,33,6,,,21,,,,12,,,,43,,,27,,,32,,,,,33
32,Róisín MurphyRóisín Machine,1,33,Róisín Murphy,Róisín Machine,Nu-Disco,"October 2, 2020",Spotify,,http://open.spotify.com/album/5WpDQt6EbpzXbqo9g9P0L6,59.73529412,1,,,,,28,50,34,,16,,,,40,,,,,21,,,,17,35,,,,,,,,22,42,
33,GrimesMiss Anthropocene,1,34,Grimes,Miss Anthropocene,Art Pop,"February 21, 2020",Spotify,,http://open.spotify.com/album/35qyYk6OV6H8GxhS80NkzF,60.08823529,,,21,46,,18,,27,14,45,38,,9,,,,,28,48,,,,24,,,,,,,,,,,
34,Chloe x HalleUngodly Hour,1,35,Chloe x Halle,Ungodly Hour,R&B,"June 12, 2020",Spotify,,http://open.spotify.com/album/1ReoUTt497nUg3u1ERgYwS,60.08823529,,,17,,15,14,,,,34,,,,,9,,,,,23,,,28,,,19,,,,,,,,9
35,KhruangbinMordechai,1,36,Khruangbin,Mordechai,Psychedelic Rock,"June 26, 2020",Spotify,Bandcamp,http://open.spotify.com/album/06814vxpRbL5CPMk1CTvOk,60.23529412,,,,,,,18,,,24,35,17,,24,45,,26,18,30,,,,,,,,,,,50,,,,36
36,IdlesUltra Mono,1,37,Idles,Ultra Mono,Art Punk,"September 25, 2020",Spotify,Bandcamp,http://open.spotify.com/album/0ojQHzflxMs6SfvBBkRKt6,60.32352941,,,,25,,,47,,,,11,,,15,,46,12,16,46,,,,,,,,14,,,19,,,,
37,Adrianne Lenkerinstrumentals,1,38,Adrianne Lenker,instrumentals,Ambient,"October 23, 2020",Spotify,Bandcamp,http://open.spotify.com/album/25llO5FF2feSQx4Fxyd20O,60.32352941,,11,,,,,,11,,,14,,16,,,,,,,,,,11,19,,,,,,43,,12,,39
38,Jason Isbell & The 400 UnitReunions,1,39,Jason Isbell & The 400 Unit,Reunions,Americana,"May 15, 2020",Spotify,Bandcamp,http://open.spotify.com/album/5XIafkwTpyvL7jjLJx1xKz,60.76470588,,,30,11,,,31,,,,,,,,,32,,,,,,12,,25,,28,,37,,,,49,11,
39,The MicrophonesMicrophones in 2020,1,40,The Microphones,Microphones in 2020,Singer-Songwriter,"August 7, 2020",Spotify,Bandcamp,No Spotify Link Found,61.02941176,,6,,,,30,,,25,,,,,,,,,,,,,26,13,37,,,,31,,15,,17,,
40,"Flo MilliHo, why is you here ?",1,41,Flo Milli,"Ho, why is you here ?",Trap Rap,"July 24, 2020",Spotify,,http://open.spotify.com/album/49FIsErcdC5rfTFhRpPZ7P,61.26470588,,,37,,20,26,,,,4,,,,,,,,,,13,2,,,,,15,,,,,,,,16
41,BeabadoobeeFake It Flowers,1,42,Beabadoobee,Fake It Flowers,Alternative Rock,"October 16, 2020",Spotify,Bandcamp,http://open.spotify.com/album/3SGFxGF2loXeOFZtKvdmxo,61.32352941,,,31,23,,,,,,40,18,,,,,33,,,9,,,,,,,39,,,34,11,,,,47
42,Jay ElectronicaA Written Testimony,1,43,Jay Electronica,A Written Testimony,Abstract Hip Hop,"March 13, 2020",Spotify,,http://open.spotify.com/album/0ZJt4dCoI19u71k37E1nQu,61.5,45,,49,22,18,20,,17,,,,,,,,,,,,,29,,,13,,,,,,,32,,,46
43,The WeekndAfter Hours,1,44,The Weeknd,After Hours,Alternative R&B,"March 20, 2020",Spotify,,http://open.spotify.com/album/4yP0hdKOZPNshxUOjY0cZj,61.55882353,,,3,15,1,,,,26,,27,,,,,,,,29,,,,,,,32,,,,,,,,10
44,Nubya GarciaSource,1,45,Nubya Garcia,Source,Jazz,"August 21, 2020",Spotify,Bandcamp,http://open.spotify.com/album/5iooBeTrG8wPKMgo7OAOX6,61.67647059,,,,,,,,22,,,,,,,33,,20,,,8,,38,25,,,,,,,24,,27,25,
45,Sufjan StevensThe Ascension,1,46,Sufjan Stevens,The Ascension,Indietronica,"September 25, 2020",Spotify,Bandcamp,http://open.spotify.com/album/1tYHjJ50WowcNvDTLdf6Wo,62.58823529,,,,19,,,30,40,20,,22,,,26,,,50,6,,,,,,,,,,,,,,40,,
46,Beatrice DillonWorkaround,1,47,Beatrice Dillon,Workaround,Electroacoustic,"February 7, 2020",Spotify,Bandcamp,http://open.spotify.com/album/1kGLxIjski3cSPhXBJRnw9,63.17647059,,,,,,16,,14,,,,,,,,,,,,,,,33,22,23,,,,,14,1,,,
47,Hayley WilliamsPetals for Armor,1,48,Hayley Williams,Petals for Armor,Art Pop,"May 8, 2020",Spotify,,http://open.spotify.com/album/4HXpQ5KQBVWN25ltjnX7xa,63.20588235,,,41,21,,,,,,12,29,,,,36,,,,17,,50,,,,,31,,,37,,,,,
48,J HusBig Conspiracy,1,49,J Hus,Big Conspiracy,UK Hip Hop,"January 24, 2020",Spotify,,http://open.spotify.com/album/4aveS935cOYHDIGnb2RT5M,63.35294118,,,,,,6,,,,1,,43,,,15,,,,10,,36,,,,,,,,,18,,,,
49,Mac MillerCircles,1,50,Mac Miller,Circles,Neo-Soul,"January 17, 2020",Spotify,,http://open.spotify.com/album/5sY6UIQ32GqwMLAfSNEaXb,63.94117647,34,,16,,8,,,,32,,,9,,,44,,,,,,,,,,,,,,,,,,,6
50,Lady GagaChromatica,1,51,Lady Gaga,Chromatica,Dance Pop,"May 29, 2020",Spotify,,http://open.spotify.com/album/05c49JgPmL4Uz2ZeqRx5SP,64.02941176,,,5,8,,32,,,,35,,,,,47,,,,14,,,,,,,11,,,,,,,,
51,Bruce SpringsteenLetter To You,1,52,Bruce Springsteen,Letter To You,Heartland Rock,"October 23, 2020",Spotify,,http://open.spotify.com/album/3KTfabkxxVzhXupBScd2sK,64.20588235,,,34,33,,,,,,,39,42,,,,8,45,,,,,,,,,12,,,,,,,20,
52,Helena DelandSomeone New,1,53,Helena Deland,Someone New,Indie Pop,"October 16, 2020",Spotify,Bandcamp,http://open.spotify.com/album/3qlFvxg4y1POFOyIn6lPXb,64.88235294,,,,,,,,,39,18,,,1,5,30,,,13,,,,,,,,,,,,,,,,
53,The 1975Notes on a Conditional Form,1,54,The 1975,Notes on a Conditional Form,Art Pop,"May 22, 2020",Spotify,,http://open.spotify.com/album/0o5xjCboti8vXhdoUG9LYi,65.17647059,20,,29,,33,,,,,46,40,,,,,,,,43,,,,,38,,,,17,,,,,,
54,Lianne La HavasLianne La Havas,1,55,Lianne La Havas,Lianne La Havas,Neo-Soul,"July 17, 2020",Spotify,,http://open.spotify.com/album/6JwtB0zzNYy4qANDrJtrJy,65.23529412,2,23,,,,,,26,34,,,,,,,,49,,,12,,47,,,,,,,,,,,,
55,DestroyerHave We Met,1,56,Destroyer,Have We Met,Synthpop,"January 31, 2020",Spotify,Bandcamp,http://open.spotify.com/album/3quNG7I59IYGauZ9Tn7Iyk,65.47058824,,,,,,,,,17,,,,,37,,,,19,,,,,18,,39,,,,,,,35,36,
56,Duval TimothyHelp,1,57,Duval Timothy,Help,Neo-Soul,"August 7, 2020",Spotify,Bandcamp,http://open.spotify.com/album/6XgC2zL6j2hrqrAbYsaGmN,66.23529412,,,,,,1,,,,,,,25,,,,,,,,,,38,,6,,,,,7,,,,
57,Burna BoyTwice As Tall,1,58,Burna Boy,Twice As Tall,Afrobeats,"August 14, 2020",Spotify,,http://open.spotify.com/album/218CJKDCszsQQj7Amk7vIu,66.47058824,,,,37,,,,,,23,,,,,41,,,,23,,21,,46,,,,,,,,,,,44
58,"KeiyaAForever, Ya Girl",1,59,KeiyaA,"Forever, Ya Girl",Neo-Soul,"March 27, 2020",Spotify,Bandcamp,http://open.spotify.com/album/6bMdCDoTp3dLXiG1oXRGYV,66.52941176,,,,,50,43,,15,,37,,,,,,,,,,,26,44,22,,,,,,,,,,,
59,Boldy James & The AlchemistThe Price of Tea in China,1,60,Boldy James & The Alchemist,The Price of Tea in China,Hip Hop,"February 7, 2020",Spotify,,http://open.spotify.com/album/52yTF9qryiuTlSNqhHObgd,66.82352941,,3,,34,24,,,,,,,,,,,,,,,,,,,,,46,,35,30,,,,,
60,HumInlet,1,61,Hum,Inlet,Shoegaze,"June 23, 2020",Spotify,Bandcamp,http://open.spotify.com/album/6SfnjkSphtKowg3tt7azDi,67.02941176,,,,,,,,,,,,,,,,,,,,,24,28,,,,,,11,23,,,18,,
61,The StrokesThe New Abnormal,1,62,The Strokes,The New Abnormal,Indie Rock,"April 10, 2020",Spotify,,http://open.spotify.com/album/2xkZV2Hl1Omi8rk2D7t5lN,67.02941176,,,,,,,,,,,37,,,1,,,,12,4,,,,,,,,,,,,,,,50
62,DumaDuma,1,63,Duma,Duma,Industrial,"August 7, 2020",Spotify,Bandcamp,http://open.spotify.com/album/1jEsVcciMGOYLx0gj1Y3oQ,67.11764706,,,,,,7,,,,,,,,,,,,,,,,,,,15,,,,,5,5,,,
63,Four TetSixteen Oceans,1,64,Four Tet,Sixteen Oceans,Microhouse,"March 13, 2020",Spotify,Bandcamp,http://open.spotify.com/album/5gIa8hTQGPwVeNYjDwrraZ,67.14705882,,,,,,,11,31,,,,,,,,,,35,,,,,,46,,30,30,,,,,,,
64,King KruleMan Alive!,1,65,King Krule,Man Alive!,Art Rock,"February 21, 2020",Spotify,,http://open.spotify.com/album/7MLDnEVUacleMDICnnAWuF,67.38235294,,25,,,,21,,,,,17,,41,12,,,,,,,,,,,,,,,,,,,,
65,JARV IS...Beyond the Pale,1,66,JARV IS...,Beyond the Pale,Art Rock,"July 17, 2020",Spotify,Bandcamp,http://open.spotify.com/album/11TCoFgFirZuNc0qjXyjmW,67.55882353,,,,,,,,,,,,,,27,,,7,,,,,,,,,,5,,,,,,8,
66,Working Men's ClubWorking Men's Club,1,67,Working Men's Club,Working Men's Club,Synthpop,"October 2, 2020",Spotify,,http://open.spotify.com/album/4Uzll2pB5SnmC0rulgDHyB,67.61764706,,,,,,,,,,,,27,,2,,,,26,22,,,,,,,,,,,,,,47,
67,Lil BabyMy Turn,1,68,Lil Baby,My Turn,Trap Rap,"February 28, 2020",Spotify,,http://open.spotify.com/album/1ynyQdPQiXdYJNQEDL1S3d,67.70588235,,,6,,2,,,,,,,,,,,,,,,30,,,,,,,,,,,,,,14
68,Lido PimientaMiss Colombia,1,69,Lido Pimienta,Miss Colombia,Art Pop,"April 17, 2020",Spotify,Bandcamp,http://open.spotify.com/album/6H6MZ54B5FLBLXXxWGEl7y,67.73529412,,,,,,13,,,7,,,,,,,,,,,3,,30,,,,,,,,,,,,
69,Moses BoydDark Matter,1,70,Moses Boyd,Dark Matter,Nu Jazz,"February 14, 2020",Spotify,Bandcamp,http://open.spotify.com/album/4XRA7yDYWSkO5BMvZinESW,67.76470588,,,,,,24,,,,,,,,,,,24,,47,,,,,,,,,,,22,,,12,
70,Oneohtrix Point NeverMagic Oneohtrix Point Never,1,71,Oneohtrix Point Never,Magic Oneohtrix Point Never,Progressive Electronic,"October 30, 2020",Spotify,Bandcamp,http://open.spotify.com/album/0oGzSazidykcL5XNTEuS9z,67.76470588,,,,31,,,,,,,28,,18,45,,,,,,,,,,,,,,7,,,,,,
71,OklouGalore,1,72,Oklou,Galore,Ambient Pop,"August 25, 2020",Spotify,Bandcamp,http://open.spotify.com/album/6s7TtMHRcoy8D0ipc0wmjE,67.88235294,,,,,,,,,,17,,,7,22,,,,,,,,,,,,,12,,,,,,,
72,Julianna BarwickHealing Is a Miracle,1,73,Julianna Barwick,Healing Is a Miracle,Ambient,"July 10, 2020",Spotify,Bandcamp,http://open.spotify.com/album/4GaLdSDDbRK0CoJKSnihbo,67.97058824,,,,,,22,,,,,,,29,,14,,,,,,,24,,,,,,,,47,,,,
73,BackxwashGod Has Nothing To Do With This Leave Him Out Of It,1,74,Backxwash,God Has Nothing To Do With This Leave Him Out Of It,Experimental Hip Hop,"May 28, 2020",Spotify,Bandcamp,http://open.spotify.com/album/1rE7wAUQnDD109mldMff6p,68,,,,,,,,,1,,,,,,,34,,,,,,16,,,,,,,,,11,,,
74,Rolling Blackouts Coastal FeverSideways To New Italy,1,75,Rolling Blackouts Coastal Fever,Sideways To New Italy,Jangle Pop,"June 5, 2020",Spotify,Bandcamp,http://open.spotify.com/album/1OzdsJy52aBL2JftPLwRS0,68.11764706,,,,,,,10,,,,20,,,,,,,,,,,,,,,,10,,,,,,26,
75,The Soft Pink TruthShall We Go On Sinning So That Grace May Increase?,1,76,The Soft Pink Truth,Shall We Go On Sinning So That Grace May Increase?,Ambient,"May 1, 2020",Spotify,Bandcamp,http://open.spotify.com/album/1e3s36bc0Ell9KOKEsf16V,68.17647059,,,,,,,,46,,,,,,,,,,,,,,,31,,2,,,,,,26,38,,
76,U.S. GirlsHeavy Light,1,77,U.S. Girls,Heavy Light,Art Pop,"March 6, 2020",Spotify,,http://open.spotify.com/album/66LP9b290P2kVNJB19Mi1C,68.20588235,,,,,,,,24,11,,,,,,,,,,,,,19,15,,,,,,,,,,,
77,Spillage VillageSpilligion,1,78,Spillage Village,Spilligion,R&B,"September 25, 2020",Spotify,,http://open.spotify.com/album/2L13Kv0sx6GPAHo7QTZLAy,68.26470588,,,,,43,,,,,20,,,,,,,,,,5,,,,,,,,,,,,,,3
78,Headie OneEDNA,1,79,Headie One,EDNA,UK Hip Hop,"October 9, 2020",Spotify,,http://open.spotify.com/album/066XCkY2VUxaJHf5g3tHJx,68.29411765,,,,,,,,,,30,,,,,49,,,,27,,4,,,,37,,,,,,,,,
79,Jeff ParkerSuite for Max Brown,1,80,Jeff Parker,Suite for Max Brown,Nu Jazz,"January 24, 2020",Spotify,Bandcamp,http://open.spotify.com/album/2t6aF3BwIOKKQSpuHKGDAW,68.32352941,,,,,,,,,,,,,,,,,,,,,,,,,27,,,,,29,6,11,,
80,Pa SalieuSend Them to Coventry,1,81,Pa Salieu,Send Them to Coventry,UK Hip Hop,"November 13, 2020",Spotify,,http://open.spotify.com/album/07XuUjDVxufzEQI5bGpzhT,68.35294118,,,,,,47,,,,,,,3,,,,,,,,15,,,,9,,,,,,,,,
81,YaejiWHAT WE DREW 우리가 그려왔던,1,82,Yaeji,WHAT WE DREW 우리가 그려왔던,Hip House,"April 2, 2020",Spotify,Bandcamp,http://open.spotify.com/album/150xIoPgnDoEfRvd0paiIc,68.41176471,,,,,,,,,,,,,13,,,,,,,,,,49,,,,40,,,27,,,,22
82,Ela Minusacts of rebellion,1,83,Ela Minus,acts of rebellion,Electropop,"October 23, 2020",Spotify,Bandcamp,http://open.spotify.com/album/6PhhsnbohAEOXBdqsURBeh,68.52941176,,42,,,,,,,,,,,37,9,,,,,36,,,31,,,,,,,,,,,,
83,clipping.Visions of Bodies Being Burned,1,84,clipping.,Visions of Bodies Being Burned,Horrorcore,"October 23, 2020",Spotify,Bandcamp,http://open.spotify.com/album/03ExFxuVE97kmrUpeYYCO6,68.55882353,,,,,,,,,47,,,,,,18,,,,,,,,,44,,,,,,,38,9,,
84,Mary LattimoreSilver Ladders,1,85,Mary Lattimore,Silver Ladders,Ambient,"October 9, 2020",Spotify,Bandcamp,http://open.spotify.com/album/1CoYuZnDfAqv2rbUpCgfQx,68.61764706,,,,,,,,,,,,,50,,,,,,,34,,,50,,35,,,,,,39,25,,
85,CornershopEngland is a Garden,1,86,Cornershop,England is a Garden,Indie Pop,"March 6, 2020",Spotify,Bandcamp,http://open.spotify.com/album/6gHLOAoKYiuSjrZOFksGrQ,68.64705882,,,,,,,,,,,,37,,,,,6,,,,,,,,,,11,,,,,,30,
86,Touché AmoréLament,1,87,Touché Amoré,Lament,Post-Hardcore,"October 9, 2020",Spotify,Bandcamp,http://open.spotify.com/album/6fA79mAHNeBhaUnuWBADwc,68.67647059,,40,,,,,,,,,,,,,,,,,,,28,,,,,,,8,9,,,,,
87,Special InterestThe Passion Of,1,88,Special Interest,The Passion Of,Synth Punk,"June 19, 2020",Spotify,Bandcamp,http://open.spotify.com/album/1A8tZPpBIiYfF1lNFj4QbR,68.76470588,,,,,,,,,,,,,,,,,,,,,,,36,,3,,,,,,20,29,,
88,Jeff RosenstockNO DREAM,1,89,Jeff Rosenstock,NO DREAM,Pop Punk,"May 20, 2020",Spotify,Bandcamp,http://open.spotify.com/album/0WryIdPBSezBZ7K9G0OHhl,68.76470588,,31,,,,,,,,31,,,,,,,,,,,,,,,,,,24,2,,,,,
89,Ariana GrandePositions,1,90,Ariana Grande,Positions,R&B,"October 30, 2020",Spotify,,http://open.spotify.com/album/3euz4vS7ezKGnNSwgyvKcd,68.79411765,,,11,,36,,,,,,,,,,,,,,,,,,,,,22,,,,,,,,20
90,Pearl JamGigaton,1,91,Pearl Jam,Gigaton,Alternative Rock,"March 27, 2020",Spotify,,http://open.spotify.com/album/0EewHRl3pc0R5pBxTAexVm,69,,,,10,,,,,,,26,,,,,16,44,,,,,,,,,,,,,,,,,
91,KehlaniIt Was Good Until It Wasn't,1,92,Kehlani,It Was Good Until It Wasn't,R&B,"May 8, 2020",Spotify,,http://open.spotify.com/album/6ROLwnmW9pOioLned0DaP3,69.17647059,,,32,,23,,,37,,,,,,,,,,,,,,,,,,,,48,,,,,,37
92,DovesThe Universal Want,1,93,Doves,The Universal Want,Indie Rock,"September 11, 2020",Spotify,,http://open.spotify.com/album/6Te4QI3zfiqePHm4tViGzq,69.20588235,10,,,,,,,,,,32,,,,,,,22,,,,,,39,,,,,,,,,,
93,Westside GunnPray for Paris,1,94,Westside Gunn,Pray for Paris,Hip Hop,"April 17, 2020",Spotify,,http://open.spotify.com/album/6GK7MOPqacKl84T0r6Rctc,69.23529412,,48,,41,9,41,,,,,,,,,,,,,,,,,,,,,,,,,,,,40
94,BTSMAP OF THE SOUL : 7,1,95,BTS,MAP OF THE SOUL : 7,K-Pop,"February 21, 2020",Spotify,,http://open.spotify.com/album/6mJZTV8lCqnwftYZa94bXS,69.26470588,,,33,12,,,,,,,,,,,,,,,44,,,,,,,16,,,,,,,,
95,LomeldaHannah,1,96,Lomelda,Hannah,Indie Folk,"September 4, 2020",Spotify,Bandcamp,http://open.spotify.com/album/0tStaUHZtXWjzqZepPJ5eG,69.29411765,,41,,,,,,16,,,,,,,,,,,,,,,37,,,,,12,,,,,,
96,Lucinda WilliamsGood Souls Better Angels,1,97,Lucinda Williams,Good Souls Better Angels,Blues Rock,"April 24, 2020",Spotify,,http://open.spotify.com/album/3sF4iIrRTsRNKC6AMR6D2d,69.35294118,,,46,,,,,,,,,,,,,,38,,,,,,,24,,47,,,,,,,28,
97,The Flaming LipsAmerican Head,1,98,The Flaming Lips,American Head,Neo-Psychedelia,"September 11, 2020",Spotify,,http://open.spotify.com/album/4H8NX3ovAZdY2iJmwSNqlw,69.41176471,,,,47,,,,,,,,,,21,,,10,,,,,,,,,,,,,,,,32,
98,Pop SmokeMeet The Woo 2,1,99,Pop Smoke,Meet The Woo 2,Hip Hop,"February 7, 2020",Spotify,,http://open.spotify.com/album/4MZnolldq7ciKKlbVDzLm5,69.52941176,,,9,,19,,,,,,,,,,,,,,,,11,,,,,,,,,,,,,
99,DoglegMelee,1,100,Dogleg,Melee,Post-Hardcore,"March 13, 2020",Spotify,Bandcamp,http://open.spotify.com/album/6tCvAxUcCTFBEQeCKEAvT0,69.67647059,,,,,,,,,,7,,,,,,,,,,,,,34,,,,,,3,,,,,
100,Andy ShaufThe Neon Skyline,1,101,Andy Shauf,The Neon Skyline,Chamber Pop,"January 24, 2020",Spotify,Bandcamp,http://open.spotify.com/album/41M6R2mWLgqU9aKFUvZv8S,69.67647059,,,,48,,,,,13,,24,,,,,,,,,,,,,,,,,34,,,,,,
101,Beach BunnyHoneymoon,1,102,Beach Bunny,Honeymoon,Indie Pop,"February 14, 2020",Spotify,Bandcamp,http://open.spotify.com/album/6QZyKchQivUBTSMcoBmlPa,69.76470588,,,,50,,,,,,,34,,,,,,,,,,,,,,,21,,,17,,,,,
102,"Open Mike EagleAnime, Trauma and Divorce",1,103,Open Mike Eagle,"Anime, Trauma and Divorce",Abstract Hip Hop,"October 16, 2020",Spotify,Bandcamp,http://open.spotify.com/album/23SV7P5U8oF3EJfkdW08wO,69.94117647,,1,,,,,,,,,,,,,19,,,,,,,33,,,,,,,,,,,,
103,Bill CallahanGold Record,1,104,Bill Callahan,Gold Record,Americana,"September 4, 2020",Spotify,Bandcamp,http://open.spotify.com/album/309GzmwSB1Aj3gh8Tpp3Fo,69.97058824,,,,,,,,,,,,,,,,,4,,,,,,,,43,,,,,,,,7,
104,GeorgiaSeeking Thrills,1,105,Georgia,Seeking Thrills,Electropop,"January 10, 2020",Spotify,,http://open.spotify.com/album/26FuPLPN5Vyznv9yFxKOTM,70,29,,,,,,,,,,,46,,,,,,,,,,,,31,,,24,,,,,,,
105,Lyra PramukFountain,1,106,Lyra Pramuk,Fountain,Ambient,"March 20, 2020",Spotify,Bandcamp,http://open.spotify.com/album/1wL3qXTeiRKUhEJM1tOf5q,70,,49,,,,,,,,,,,,,,,,,,,,,45,,4,,,,,32,,,,
106,Sorry925,1,107,Sorry,925,Indie Rock,"March 27, 2020",Spotify,Bandcamp,http://open.spotify.com/album/1x4UFeq7sIZohSXgitqWXp,70.05882353,,,,,,,,,,,,32,,,,,,5,,,,,,,,,,20,,,,,,
107,Drakeo The Ruler & JoogsznThank You For Using GTL,1,108,Drakeo The Ruler & Joogszn,Thank You For Using GTL,Trap Rap,"June 5, 2020",Spotify,,http://open.spotify.com/album/6lF4KtV8umj69N06QxdlUc,70.05882353,,,,,,,,,,19,,,,,,,,,,41,40,,32,,,,,,,,,,,
108,Victoria MonétJAGUAR,1,109,Victoria Monét,JAGUAR,R&B,"August 7, 2020",Spotify,,http://open.spotify.com/album/6aW67R0sshdUwtbJEG2uQR,70.08823529,,,,,,,,,,,,,,,28,,,,,20,10,,,,,,,,,,,,,
109,AmaaraeThe Angel You Don't Know,1,110,Amaarae,The Angel You Don't Know,Afrobeats,"November 13, 2020",Spotify,,http://open.spotify.com/album/1cceIhCQ8R79pwy8jbZFqE,70.17647059,,,,,,,,19,,,,,,,23,,,,,,,,19,,,,,,,,,,,
110,Jehnny BethTO LOVE IS TO LIVE,1,111,Jehnny Beth,TO LOVE IS TO LIVE,Art Pop,"June 12, 2020",Spotify,,http://open.spotify.com/album/36dPCEtXg6spmfaBXgxHc2,70.17647059,,,,,,,,,,,,24,,41,,,,45,,,,,,,,26,,,,,,,,
111,Half WaifThe Caretaker,1,112,Half Waif,The Caretaker,Art Pop,"March 27, 2020",Spotify,Bandcamp,http://open.spotify.com/album/2HHyVfouBYTQmT6cPigjwg,70.29411765,,4,,,,,,,,,,,,,,,,46,,,,,,,,,,,,,,15,,
112,"Nation of LanguageIntroduction, Presence",1,113,Nation of Language,"Introduction, Presence",Synthpop,"May 22, 2020",Spotify,Bandcamp,http://open.spotify.com/album/6ogsolFc2FCmP8ru8fBfgQ,70.32352941,,,,,,,,,,,,21,,,,,,,,,,41,,,,,36,43,,,,,,
113,The ChicksGaslighter,1,114,The Chicks,Gaslighter,Country Pop,"July 17, 2020",Spotify,,http://open.spotify.com/album/1YV5Rh6n8dLOycCqWcUSq4,70.35294118,,,8,38,,,,,,,,,,,,,,,,,,,,21,,,,,,,,,,
114,ProtomartyrUltimate Success Today,1,115,Protomartyr,Ultimate Success Today,Post-Punk,"July 17, 2020",Spotify,Bandcamp,http://open.spotify.com/album/1prgWeOu8QaOZnMeUeTdhN,70.38235294,,19,,,,,,,,,,,,,,,,17,,,,32,,,,,,,,,,,,
115,NothingThe Great Dismal,1,116,Nothing,The Great Dismal,Shoegaze,"October 30, 2020",Spotify,Bandcamp,http://open.spotify.com/album/0LKwC9p0PLomstKm9Y0nt3,70.41176471,,,,,,,,,,,,,,,,,,,,,37,21,,,,,,,11,,,,,
116,EartheaterPhoenix: Flames Are Dew Upon My Skin,1,117,Eartheater,Phoenix: Flames Are Dew Upon My Skin,Avant-Folk,"October 2, 2020",Spotify,Bandcamp,http://open.spotify.com/album/7sc80uUN9dNdVB325D7XZ5,70.44117647,,,,,,49,,,,,,,46,,,,,,,,46,,,,,,,,,4,,,,
117,Shirley CollinsHeart's Ease,1,118,Shirley Collins,Heart's Ease,Folk,"July 24, 2020",Spotify,Bandcamp,http://open.spotify.com/album/6QyzSKLdZy8E9i4fnyJQf4,70.44117647,,,,,,,,,,,,,,,,,28,,,,,,,,33,,,,,,,,9,
118,Keeley ForsythDebris,1,119,Keeley Forsyth,Debris,Avant-Folk,"January 17, 2020",Spotify,Bandcamp,http://open.spotify.com/album/2SvDBUmz6CjqGxMwKnAdT7,70.47058824,,50,,,,,,,,,,,,,37,,,,,,,,,,18,,,,,,,,41,
119,illuminati hottiesFREE I​.​H: This Is Not The One You've Been Waiting For,1,120,illuminati hotties,FREE I​.​H: This Is Not The One You've Been Waiting For,Indie Rock,"July 17, 2020",Spotify,Bandcamp,http://open.spotify.com/album/1DGMVrNrgevKdEsKW8G4uZ,70.5,,,,,,,,,50,,,,,,,,,,,,,45,,,,,,45,7,,,,,
120,070 ShakeModus Vivendi,1,121,070 Shake,Modus Vivendi,Alternative R&B,"January 17, 2020",Spotify,,http://open.spotify.com/album/1PCwiCVNp2V1Jcp8hSUEyB,70.5,,,,,,37,,30,,,,,5,,,,,,,,,,,,,,,,,,,,,
121,Margo PriceThat's How Rumors Get Started,1,122,Margo Price,That's How Rumors Get Started,Country,"July 10, 2020",Spotify,Bandcamp,http://open.spotify.com/album/0QFMgwRbj0jhGR8FEAmVdL,70.52941176,,,,35,,,28,,,,,,,,,,,,,,,,,,,,35,,,,,,50,
122,Songhoy BluesOptimisme,1,123,Songhoy Blues,Optimisme,Indie Pop,"October 23, 2020",Spotify,Bandcamp,http://open.spotify.com/album/6uK3gAaZuQEh5cpB33B5GF,70.55882353,,,,,,,44,,,,,40,,,,36,,,,,,,,,,,,,,,,,29,
123,Bright EyesDown in the Weeds Where the World Once Was,1,124,Bright Eyes,Down in the Weeds Where the World Once Was,Indie Folk,"August 21, 2020",Spotify,Bandcamp,http://open.spotify.com/album/1GMHBkCYVzWqrrczVDBJKm,70.58823529,,,,,,,21,,,,,,,,,,,9,,,,,,,,,,,,,,,45,
124,Selena GomezRare,1,125,Selena Gomez,Rare,Electropop,"January 10, 2020",Spotify,,http://open.spotify.com/album/0CQPSBCo1cLsEEJPfmsPmy,70.61764706,,,22,,,,,,,,,,,,,,,,,,,,,,,24,,,,,,,,30
125,ArcaKiCk i,1,126,Arca,KiCk i,Deconstructed Club,"June 26, 2020",Spotify,,http://open.spotify.com/album/2KICtQ7dqaaot7B1yN9wPq,70.61764706,,,,,,,,,,,,,,32,,,,,,,,,40,,,,,32,,,,47,,
126,Young JesusWelcome to Conceptual Beach,1,127,Young Jesus,Welcome to Conceptual Beach,Art Rock,"August 14, 2020",Spotify,Bandcamp,http://open.spotify.com/album/76nK69DufkCMk1v8kkmSA5,70.64705882,,16,,,,,,,,,,,,,,,,,,,,22,,,,,,,,,,39,,
127,Future IslandsAs Long as You Are,1,128,Future Islands,As Long as You Are,Synthpop,"October 9, 2020",Spotify,Bandcamp,http://open.spotify.com/album/5VRzYNGWztoQLcAkCeUUpE,70.64705882,,,,30,,,,36,,,,,,,,,,11,,,,,,,,,,,,,,,,
128,Stephen MalkmusTraditional Techniques,1,129,Stephen Malkmus,Traditional Techniques,Folk Rock,"March 6, 2020",Spotify,Bandcamp,http://open.spotify.com/album/3SAhjjtkodnZ9cEiiOiTAA,70.70588235,,,,,,,,,,,,,,,,,27,,,,,,,,,36,,,,,,,16,
129,Ana RoxanneBecause of a Flower,1,130,Ana Roxanne,Because of a Flower,Ambient,"November 13, 2020",Spotify,Bandcamp,http://open.spotify.com/album/4JShepplFefZ43GXoE4bRd,70.70588235,,,,,,,,,,,,,14,,,,,,,,,,,,30,,,,,35,,,,
130,Empress OfI'm Your Empress Of,1,131,Empress Of,I'm Your Empress Of,Electropop,"April 3, 2020",Spotify,Bandcamp,http://open.spotify.com/album/3gNGH714VLr6yBudbh4i2Z,70.73529412,,,,,,,,,,,,,,,16,,,,31,,,,,33,,,,,,,,,,
131,AutechreSIGN,1,132,Autechre,SIGN,Ambient,"October 16, 2020",Spotify,Bandcamp,http://open.spotify.com/album/1KBFcrlvo6vDVOSrWoYy3K,70.73529412,,,,,,,,,,,,,,,,,,,,,,,,,13,,,38,,,29,,,
132,DEHDFlower Of Devotion,1,133,DEHD,Flower Of Devotion,Indie Rock,"July 17, 2020",Spotify,Bandcamp,http://open.spotify.com/album/0kn1V8vpoxtEw69CcMDlik,70.73529412,,,,,,,,,,22,,,,,,,,,,,,48,39,,,,46,,,,,,,
133,"GorillazSong Machine, Season One: Strange Timez",1,134,Gorillaz,"Song Machine, Season One: Strange Timez",Art Pop,"October 23, 2020",Spotify,,http://open.spotify.com/album/5I9K0u8r52jp4Y2bF8mOaz,70.76470588,,,,,,,,,,,44,,,8,,,,,,,,,,29,,,,,,,,,,
134,Brent FaiyazFuck The World,1,135,Brent Faiyaz,Fuck The World,Alternative R&B,"February 7, 2020",Spotify,,http://open.spotify.com/album/3vi20DRHkqv4HyVg9Rt9wC,70.76470588,,,,,26,,,,,,,,,,,,,,,36,19,,,,,,,,,,,,,
135,KADescendants Of Cain,1,136,KA,Descendants Of Cain,Abstract Hip Hop,"May 1, 2020",Spotify,,http://open.spotify.com/album/0yhyMBfxKhjy1f7TsXXssl,70.76470588,,46,,,,,,,,,,,,,,,,,,,,,35,,,,,42,,,,33,,
136,Shabaka and the AncestorsWe Are Sent Here By History,1,137,Shabaka and the Ancestors,We Are Sent Here By History,Jazz,"March 13, 2020",Spotify,,http://open.spotify.com/album/4S5MLu2PKU7uElm2V3JphK,70.79411765,,,,,,,,,,,,,,,,,23,,,,,,,,,,,,,,,24,35,
137,HalseyManic,1,138,Halsey,Manic,R&B,"January 17, 2020",Spotify,,http://open.spotify.com/album/68enXe5XcJdciSDAZr0Alr,70.82352941,,,18,,,,,,,,,,,,,,,,40,,,,,,,25,,,,,,,,
138,Toots & The MaytalsGot to Be Tough,1,139,Toots & The Maytals,Got to Be Tough,Reggae,"August 28, 2020",Spotify,,http://open.spotify.com/album/6TpWt5DjGFB6TyvvMjrBLh,70.91176471,,,,,,,,,,,,33,,,,,18,,,,,,,,,35,,,,,,,,
139,Polo GThe GOAT,1,140,Polo G,The GOAT,Trap Rap,"May 15, 2020",Spotify,,http://open.spotify.com/album/39xhYyNNDatQtgKw2KdXMz,70.94117647,,,,,11,,,,,,,,,,,,,,,,47,,,,,,,,,,,,,29
140,Frances QuinlanLikewise,1,141,Frances Quinlan,Likewise,Indie Pop,"January 31, 2020",Spotify,Bandcamp,http://open.spotify.com/album/7rFS6udH3EVoKpgVs2QsSG,70.97058824,,,,24,,,,,,41,,,,,,,,,,,,,,,,,,,,,,23,,
141,The CribsNight Network,1,142,The Cribs,Night Network,Indie Rock,"November 20, 2020",Spotify,Bandcamp,http://open.spotify.com/album/5GoKGpW3CAPfMvdegiCHAp,70.97058824,,,,,,,,,,,43,19,,,,,,,26,,,,,,,,,,,,,,,
142,AC/DCPower Up,1,143,AC/DC,Power Up,Hard Rock,"November 13, 2020",Spotify,,http://open.spotify.com/album/3bTNxJYk2bwdWBMtrjBxb0,71.02941176,,,,44,,,,,,,,,,,,1,,,,,,,,,,45,,,,,,,,
143,NazarGuerrilla,1,144,Nazar,Guerrilla,Post-Industrial,"March 13, 2020",Spotify,Bandcamp,http://open.spotify.com/album/3KEgoCxUb76KMU2I2iuHS4,71.11764706,,,,,,,,,,,,,,,,,,,,,,,,,10,,,,,8,,,,
144,"JyotiMama, You Can Bet!",1,145,Jyoti,"Mama, You Can Bet!",Psychedelic Soul,"August 28, 2020",Spotify,Bandcamp,http://open.spotify.com/album/44xNirJYEj58KLNxnMaE1e,71.11764706,,,,,,,,25,,,,,,,,,,,,27,,,,41,,,,,,,,,,
145,Code OrangeUnderneath,1,146,Code Orange,Underneath,Metalcore,"March 13, 2020",Spotify,,http://open.spotify.com/album/7cbeno84CZdxj4USU23gjm,71.11764706,,,,,,,,,44,,,,,,,31,,,,18,,,,,,,,,,,,,,
146,Jessy LanzaAll The Time,1,147,Jessy Lanza,All The Time,Alternative R&B,"July 24, 2020",Spotify,Bandcamp,http://open.spotify.com/album/11yM9uazEEt9YjNwvMLhkA,71.14705882,,,,,,,,,,,,,11,34,,,,,,,,,,,,,49,,,,,,,
147,21 Savage & Metro BoominSavage Mode II,1,148,21 Savage & Metro Boomin,Savage Mode II,Trap Rap,"October 2, 2020",Spotify,,http://open.spotify.com/album/0Ki9EORPQozQnOqyqSybA6,71.20588235,,,45,,6,,,,,,,,,,,,,,,45,,,,,,,,,,,,,,
148,Boldy James & Sterling TolesManger On McNichols,1,149,Boldy James & Sterling Toles,Manger On McNichols,Hip Hop,"July 22, 2020",Spotify,Bandcamp,http://open.spotify.com/album/0ZUtBUG7Ya4y0p8qSYlPFj,71.23529412,,43,,,,,,,,,,,,,,,,,,,,,,,,,,6,,,,48,,
149,Baxter DuryThe Night Chancers,1,150,Baxter Dury,The Night Chancers,Synthpop,"March 20, 2020",Spotify,,http://open.spotify.com/album/1LCoVpaGVLibfCMmVyRaYH,71.26470588,,,,,,,,,,,,10,,43,,,,,,,,,,,45,,,,,,,,,
150,Ambrose Akinmusireon the tender spot of every calloused moment,1,151,Ambrose Akinmusire,on the tender spot of every calloused moment,Jazz,"June 12, 2020",Spotify,,No Spotify Link Found,71.35294118,,,,,,,,,,,,,,,,,,,,19,,,,48,,,,,,,,34,,
151,NNAMDÏBRAT,1,152,NNAMDÏ,BRAT,Art Pop,"April 3, 2020",Spotify,Bandcamp,http://open.spotify.com/album/6lLwTUgYZzc4OmoAInFNa1,71.41176471,,,,,,,,,,,,,,,,,,,,,12,,,,,,,,16,,,,,
152,Benny The ButcherBurden of Proof,1,153,Benny The Butcher,Burden of Proof,Hip Hop,"October 16, 2020",Spotify,,http://open.spotify.com/album/6xlQNGdro3cCcn8v1ZEGm3,71.52941176,,,,,5,,,,27,,,,,,,,,,,,,,,,,,,,,,,,,
153,Frazey FordU kin B the Sun,1,154,Frazey Ford,U kin B the Sun,Singer-Songwriter,"February 7, 2020",Spotify,Bandcamp,http://open.spotify.com/album/4N5WuLpUuLCY98TrthGv3C,71.55882353,,,,,,,,,,,,,,,,,15,,,,,,,,,,,,,,,,18,
154,Paul WellerOn Sunset,1,155,Paul Weller,On Sunset,Pop Rock,"July 3, 2020",Spotify,,http://open.spotify.com/album/1waaO5SrI0BdKtdR9YZLRu,71.58823529,,,,,,,,,,,,,,,,,11,,,,,,,,,,,,,,,,23,
155,Bob VylanWe Live Here,0,156,Bob Vylan,We Live Here,UK Hip Hop,"June 5, 2020",Spotify,,http://open.spotify.com/album/7ukSrSzvXt7QL2TFRQ5CSr,71.61764706,,,,,,,,,,,,28,,,,7,,,,,,,,,,,,,,,,,,
156,MoodymannTAKEN AWAY,1,157,Moodymann,TAKEN AWAY,Deep House,"May 21, 2020",Spotify,Bandcamp,No Spotify Link Found,71.70588235,,,,,,,,28,,,,,10,,,,,,,,,,,,,,,,,,,,,
157,Mourning [A] BLKstarThe Cycle,1,158,Mourning [A] BLKstar,The Cycle,Neo-Soul,"May 15, 2020",Spotify,Bandcamp,http://open.spotify.com/album/0ucCRqXYBRsT8Cxo8ij0Rn,71.73529412,,,,,,,,,,,,,,,,,,,,,,,,36,,,,,,,3,,,
158,SalemFires in Heaven,1,159,Salem,Fires in Heaven,Witch House,"October 30, 2020",Spotify,Bandcamp,http://open.spotify.com/album/1G9NXS6bwV9JHeaCNETAFI,71.73529412,,,,,,,,,,,,,6,,,,,,,,33,,,,,,,,,,,,,
159,Drive-By TruckersThe New OK,1,160,Drive-By Truckers,The New OK,Southern Rock,"October 2, 2020",Spotify,Bandcamp,http://open.spotify.com/album/3fK2I55hHahI81IxSM8KLU,71.73529412,,,,,,,,,,,,,,,,35,,,,,,,,,,,,,,,,,4,
160,DJ PythonMas Amable,1,161,DJ Python,Mas Amable,Ambient House,"April 10, 2020",Spotify,Bandcamp,http://open.spotify.com/album/2RLMab2R3icqnFA2dYJKVc,71.79411765,,,,,,3,,,,,,,,,,,,,,,,,,,38,,,,,,,,,
161,Cindy LeeWhat's Tonight to Eternity,1,162,Cindy Lee,What's Tonight to Eternity,Lo-Fi,"February 14, 2020",Spotify,Bandcamp,http://open.spotify.com/album/5BEV4gGnAkRsLuoW3FQeqN,71.79411765,,33,,,,,,,,,,,8,,,,,,,,,,,,,,,,,,,,,
162,Oranssi PazuzuMestarin Kynsi,1,163,Oranssi Pazuzu,Mestarin Kynsi,Psychedelic Rock,"April 17, 2020",Spotify,Bandcamp,http://open.spotify.com/album/0gsk1RGjMrtEDE05s0TZMf,71.79411765,,,,,,,,,,,,,,,,,,,,,,,,,34,,,,,,,7,,
163,Crack CloudPain Olympics,1,164,Crack Cloud,Pain Olympics,Post-Punk,"July 17, 2020",Spotify,Bandcamp,http://open.spotify.com/album/07ZPsTpIATzgvV5oMcSUxD,71.82352941,,17,,,,25,,,,,,,,,,,,,,,,,,,,,,,,,,,,
164,Pigs Pigs Pigs Pigs Pigs Pigs PigsViscerals,1,165,Pigs Pigs Pigs Pigs Pigs Pigs Pigs,Viscerals,Stoner Metal,"April 3, 2020",Spotify,Bandcamp,http://open.spotify.com/album/15CVkItclaGrn0xLr16Qw0,71.82352941,,,,,,,,,,,,35,,,,,,,,,,,,,,,7,,,,,,,
165,ActressKarma & Desire,1,166,Actress,Karma & Desire,Ambient,"October 23, 2020",Spotify,Bandcamp,http://open.spotify.com/album/5tDW2Im2auURmW8IOA8dQ1,71.82352941,,,,,,,,,,,,,32,,,,,,,,,,,,,,,,,10,,,,
166,Yves JarvisSundry Rock Song Stock,1,167,Yves Jarvis,Sundry Rock Song Stock,Psychedelic Folk,"September 25, 2020",Spotify,Bandcamp,http://open.spotify.com/album/7N3gPiUIMhiDEaB3SQtEIy,71.82352941,,,,,,,,,42,36,,,39,,,,,,,,,,,,,,,,,,,,,
167,Kylie MinogueDISCO,1,168,Kylie Minogue,DISCO,Disco,"November 6, 2020",Spotify,,http://open.spotify.com/album/7EBIA9cqbuqkyWfp3UCitD,71.85294118,7,,,,,,,,,,,,,,,,,,,,,,,,36,,,,,,,,,
168,Courtney Marie AndrewsOld Flowers,1,169,Courtney Marie Andrews,Old Flowers,Singer-Songwriter,"July 24, 2020",Spotify,Bandcamp,http://open.spotify.com/album/5AytgSqS1iAmarw1kQ0fmI,71.85294118,,,,,,,,,,,,,,,,,,,,,,,,,,,29,,,,,,14,
169,Off The MedsOff The Meds,1,170,Off The Meds,Off The Meds,Jazz,"November 20, 2020",Spotify,Bandcamp,No Spotify Link Found,71.88235294,,,,,,,,,,21,,,,,,,,,,,,,,,,,,,,23,,,,
170,SamiaThe Baby,1,171,Samia,The Baby,Singer-Songwriter,"August 28, 2020",Spotify,Bandcamp,http://open.spotify.com/album/7faAwJDTt9Y8kVAcSHy9Y6,71.91176471,,,,,,,,,,,,,,,2,,,,,,,43,,,,,,,,,,,,
171,Dream WifeSo When You Gonna...,1,172,Dream Wife,So When You Gonna...,Indie Rock,"July 3, 2020",Spotify,Bandcamp,http://open.spotify.com/album/6YJwKHuYNokOjYekMv3Kga,71.91176471,,,,,,,,,,,,,,,39,,,,,,,,,,,,6,,,,,,,
172,Nadine ShahKitchen Sink,1,173,Nadine Shah,Kitchen Sink,Art Rock,"June 26, 2020",Spotify,,http://open.spotify.com/album/0Your9tq4Z8voUjLG9pubz,71.94117647,,,,,,,,38,,,,,,,,,,,,,,,,,8,,,,,,,,,
173,Brigid Mae PowerHead Above The Water,1,174,Brigid Mae Power,Head Above The Water,Singer-Songwriter,"June 5, 2020",Spotify,Bandcamp,http://open.spotify.com/album/6ma04X4LKQaCj8FAohLjye,71.94117647,,,,,,,,,,,,,,,,,,,,,,,,,,,27,,,,,,19,
174,Denzel Curry & Kenny BeatsUNLOCKED,1,175,Denzel Curry & Kenny Beats,UNLOCKED,Hip Hop,"February 7, 2020",Spotify,Bandcamp,http://open.spotify.com/album/5LsyqeWryTmxsmda4xkm5a,71.97058824,,,,,38,,,,,,,,,,,,,,,,,,,,,,,,,9,,,,
175,City GirlsCity On Lock,1,176,City Girls,City On Lock,Trap Rap,"June 20, 2020",Spotify,,http://open.spotify.com/album/4VzVHSPoh9MP85THaTfYpN,72,,,,,,,,,,,,,,,,,,,,,35,,,,,13,,,,,,,,
176,Emma Ruth Rundle & ThouMay Our Chambers Be Full,1,177,Emma Ruth Rundle & Thou,May Our Chambers Be Full,Sludge Metal,"October 30, 2020",Spotify,Bandcamp,http://open.spotify.com/album/6X2TkIjKz0JmifXmr0Tj79,72,,,,,,,,,,,,,,,,,,,,,,,,,,,,47,,,,1,,
177,GunnaWUNNA,1,178,Gunna,WUNNA,Trap Rap,"May 22, 2020",Spotify,,http://open.spotify.com/album/0gA0nZrZ55PLUp7ARfrICu,72,,,,,14,,,,,,,,,,,,,,,,,,,,,,,,,,,,,34
178,Denai MooreModern Dread,1,179,Denai Moore,Modern Dread,Alternative R&B,"July 3, 2020",Spotify,Bandcamp,http://open.spotify.com/album/2DSkwAMBZN0NY9mz2xJogR,72.08823529,,,,,,,,29,,,,22,,,,,,,,,,,,,,,,,,,,,,
179,Pink SiifuNEGRO,1,180,Pink Siifu,NEGRO,Sound Collage,"April 9, 2020",Spotify,Bandcamp,http://open.spotify.com/album/50rainFuN70XbsWiLxc6tA,72.08823529,,,,,,,,,,11,,,,,,,,,,,,,,,,,,,,,40,,,
180,"Pop SmokeShoot for the Stars, Aim for the Moon",1,181,Pop Smoke,"Shoot for the Stars, Aim for the Moon",Trap Rap,"July 3, 2020",Spotify,,http://open.spotify.com/album/7e7t0MCrNDcJZsPwUKjmOc,72.11764706,,,,,10,,,,,,42,,,,,,,,,,,,,,,,,,,,,,,
181,Siti MuharamSiti of Unguja (Romance Revolution on Zanzibar),1,182,Siti Muharam,Siti of Unguja (Romance Revolution on Zanzibar),Folk,"June 19, 2020",Spotify,Bandcamp,No Spotify Link Found,72.14705882,,,,,,,,,,,,,,,,,,,,28,,,,,,,,,,25,,,,
182,Lil BabyMy Turn (Deluxe),1,183,Lil Baby,My Turn (Deluxe),Bubblegum Bass,"May 1, 2020",Spotify,,http://open.spotify.com/album/6uhEg4ASZYLIilZFCBFy1r,72.17647059,,,,,,,,,,,,,,,,,,,,,7,,47,,,,,,,,,,,
183,Shinichi AtobeYes,1,184,Shinichi Atobe,Yes,House,"July 10, 2020",Spotify,,No Spotify Link Found,72.17647059,,,,,,,,,,,,,26,,,,,,,,,,,,,,,,,28,,,,
184,BrandyB7,1,185,Brandy,B7,R&B,"July 31, 2020",Spotify,,http://open.spotify.com/album/09jppw0ufVFDiotrHDMK1w,72.17647059,12,,42,,,,,,,,,,,,,,,,,,,,,,,,,,,,,,,
185,Sinai VesselGround Aswim,1,186,Sinai Vessel,Ground Aswim,UK Hip Hop,"October 30, 2020",Spotify,Bandcamp,No Spotify Link Found,72.17647059,,,,,,,,,,29,,,,,,,,,,,,,,,,,,,25,,,,,
186,Kate NVRoom For The Moon,1,187,Kate NV,Room For The Moon,Art Pop,"June 12, 2020",Spotify,Bandcamp,http://open.spotify.com/album/1GmdNCH9lvYzn0ZgtG8Mpa,72.17647059,,12,,,,,,,,,,,,,,,,,,,,,42,,,,,,,,,,,
187,Tony Allen & Hugh MasekelaRejoice,1,188,Tony Allen & Hugh Masekela,Rejoice,Jazz,"March 20, 2020",Spotify,,http://open.spotify.com/album/061q5E43gIp25oJxVxvAav,72.17647059,,,,,,,,,,,,,,,,,14,,,,,,,40,,,,,,,,,,
188,Still House PlantsFast Edit,1,189,Still House Plants,Fast Edit,Experimental Rock,"August 14, 2020",Spotify,Bandcamp,No Spotify Link Found,72.17647059,,,,,,,,,,,,,,,,,,,,,,,,,47,,,,,,7,,,
189,Miley CyrusPlastic Hearts,1,190,Miley Cyrus,Plastic Hearts,Pop Rock,"November 27, 2020",Spotify,,http://open.spotify.com/album/5BRhg6NSEZOj0BR6Iz56fR,72.20588235,,,,,,,,,,,,,,,,,,,32,,,,,,,23,,,,,,,,
190,"Sarah DavachiCantus, Descant",1,191,Sarah Davachi,"Cantus, Descant",Drone,"September 18, 2020",Spotify,Bandcamp,http://open.spotify.com/album/6QQlw7AOPEaL3ot8V211cV,72.23529412,,,,,,,,,,,,,,,,,,,,,,,,,,,,,,,13,,43,
191,The KillersImploding the Mirage,1,192,The Killers,Imploding the Mirage,Heartland Rock,"August 21, 2020",Spotify,,http://open.spotify.com/album/1uROBP2G4MP0O4w1v5Cpbg,72.26470588,,,,,,,,,,,,,,,,,,,19,,,,,,,,,,,,,,,38
192,TrickyFall to Pieces,1,193,Tricky,Fall to Pieces,Trip Hop,"September 4, 2020",Spotify,Bandcamp,http://open.spotify.com/album/1Ub34iySvUKpXmgwnHhIq9,72.26470588,,,,,,,,,,,,,,36,,,47,,,,,,,,,,,,,,49,,,
193,Thurston MooreBy the Fire,1,194,Thurston Moore,By the Fire,Noise Rock,"September 25, 2020",Spotify,Bandcamp,http://open.spotify.com/album/4BDskQQhVpsxax7WGOUJQQ,72.26470588,,,,,,,,,,,,,,,,,40,,,,,,,,,,17,,,,,,,
194,Chris StapletonStarting Over,1,195,Chris Stapleton,Starting Over,Country,"November 13, 2020",Spotify,,http://open.spotify.com/album/4AOloVYcXn1aa4p4IhwhRM,72.26470588,,,13,,,,,,,,,,,,,,,,,,,,,,,44,,,,,,,,
195,UniformShame,1,196,Uniform,Shame,Industrial Metal,"September 11, 2020",Spotify,Bandcamp,http://open.spotify.com/album/70Jc9eLuEJrp53ku0Y0TFd,72.32352941,,,,,,,,,,,,,,,,,,,,,13,,,,,,,,,,,46,,
196,Discovery ZoneRemote Control,1,197,Discovery Zone,Remote Control,Bubblegum Bass,"June 5, 2020",Spotify,Bandcamp,No Spotify Link Found,72.32352941,,,,,,,,,,,,,23,,,,,36,,,,,,,,,,,,,,,,
197,BuscabullaRegresa,1,198,Buscabulla,Regresa,Synthpop,"May 8, 2020",Spotify,Bandcamp,http://open.spotify.com/album/18xOW1VhQWVgnQH9CGi9Rp,72.35294118,,39,,,,,,,,,,,,,,,,,,21,,,,,,,,,,,,,,
198,GordiOur Two Skins,1,199,Gordi,Our Two Skins,Indie Pop,"June 26, 2020",Spotify,Bandcamp,http://open.spotify.com/album/5h81iCjTwueeh5ZbDGhU9V,72.35294118,,,,,,,20,,,,,,,,,,,40,,,,,,,,,,,,,,,,
199,Speaker MusicBlack Nationalist Sonic Weaponry,1,200,Speaker Music,Black Nationalist Sonic Weaponry,Post-Industrial,"June 19, 2020",Spotify,Bandcamp,http://open.spotify.com/album/5MXGJGaTqQ2P3QgOX15LbV,72.35294118,,,,,,40,,,,,,,,,,,,,,,,,,,,,,,,20,,,,
200,Liv.ECouldn’t Wait To Tell You…,1,201,Liv.E,Couldn’t Wait To Tell You…,Neo-Soul,"July 31, 2020",Spotify,Bandcamp,http://open.spotify.com/album/3UvD4QNv5b0vW9G2ZHfjsu,72.35294118,,,,,,,,,,,,,,,,,,,,,,,,,,,,,,37,23,,,
201,GhostpoetI Grow Tired But Dare Not Fall Asleep,1,202,Ghostpoet,I Grow Tired But Dare Not Fall Asleep,Art Pop,"May 1, 2020",Spotify,Bandcamp,http://open.spotify.com/album/64tlHrwYQoCnCyG46SVQk7,72.35294118,,,,,,,,,,,,31,,,,,,29,,,,,,,,,,,,,,,,
202,Low Cut ConniePrivate Lives,1,203,Low Cut Connie,Private Lives,Rock & Roll,"October 13, 2020",Spotify,,http://open.spotify.com/album/3St9TDDqrfyEwHLJe6vrmg,72.38235294,,,,,,,,,,,,,,,,,,,,,,,,27,,34,,,,,,,,
203,King Gizzard and the Lizard WizardK.G.,1,204,King Gizzard and the Lizard Wizard,K.G.,Psychedelic Rock,"November 20, 2020",Spotify,Bandcamp,http://open.spotify.com/album/6uuQKwM3fRETiscHqlnxuo,72.38235294,,,,,,,38,,,,,23,,,,,,,,,,,,,,,,,,,,,,
204,"SparksA Steady Drip, Drip, Drip",1,205,Sparks,"A Steady Drip, Drip, Drip",Art Pop,"May 15, 2020",Spotify,,http://open.spotify.com/album/43DZQacT84CN8EYfKcmeSL,72.41176471,,,,,,,,,,,,,,,,,25,,,,,,,,,,,,,,,,37,
205,Irreversible EntanglementsWho Sent You?,1,206,Irreversible Entanglements,Who Sent You?,Jazz,"March 20, 2020",Spotify,Bandcamp,http://open.spotify.com/album/26wNI1WJBhXJtHrvMJz4DC,72.41176471,,,,,,,,,,,,,,,,,,,,,,,,,,,,,,,21,41,,
206,WestermanYour Hero Is Not Dead,1,207,Westerman,Your Hero Is Not Dead,Art Pop,"June 5, 2020",Spotify,Bandcamp,http://open.spotify.com/album/6zSzwpkKgNJfQWwCEQTQDv,72.41176471,,,,,,,,42,,,,,20,,,,,,,,,,,,,,,,,,,,,
207,Childish Gambino3.15.20,1,208,Childish Gambino,3.15.20,Neo-Soul,"March 22, 2020",Spotify,,http://open.spotify.com/album/600ClrWRsAr7jZ0qjaBLHz,72.41176471,,,,,,,,48,,,,,,,,,,,,,,,,14,,,,,,,,,,
208,Jessie ReyezBefore Love Came To Kill Us,1,209,Jessie Reyez,Before Love Came To Kill Us,Trap Rap,"March 27, 2020",Spotify,Bandcamp,http://open.spotify.com/album/42MQxlJENU0xJORW7byNNS,72.41176471,,,28,,,,,,,,,,,,,,,,,,,,,34,,,,,,,,,,
209,Lamb of GodLamb of God,1,210,Lamb of God,Lamb of God,Groove Metal,"June 19, 2020",Spotify,,http://open.spotify.com/album/7FEBQOq6SXl4CsqR6wTTGy,72.41176471,,,,40,,,,,,,,,,,,22,,,,,,,,,,,,,,,,,,
210,Young NudyAnyways,1,211,Young Nudy,Anyways,Trap Rap,"February 24, 2020",Spotify,,http://open.spotify.com/album/2Un7PE3GaK2Mbg2iYBYfMN,72.44117647,,24,,,39,,,,,,,,,,,,,,,,,,,,,,,,,,,,,
211,AminéLimbo,1,212,Aminé,Limbo,Pop Rap,"August 7, 2020",Spotify,,http://open.spotify.com/album/68ftwf9QaWYIEIRqgbxvde,72.47058824,,,,,37,,,,,,,,,,,,,,,,,,,,,,,,,,,,,27
212,Tom Misch & Yussef DayesWhat Kinda Music,1,213,Tom Misch & Yussef Dayes,What Kinda Music,Neo-Soul,"April 24, 2020",Spotify,,http://open.spotify.com/album/6iOCv7oGL5sGi2aVnRz2BI,72.47058824,48,,,,,,,,,,,,,,,,,,,,,,,,,,16,,,,,,,
213,BbymuthaMuthaland,1,214,Bbymutha,Muthaland,Trap Rap,"August 28, 2020",Spotify,Bandcamp,http://open.spotify.com/album/6TXwuaX600F8N3s6Rpq04m,72.47058824,,,,,,,,,,26,,,,,,,,,,38,,,,,,,,,,,,,,
214,Keleketla! & ColdcutKeleketla!,1,215,Keleketla! & Coldcut,Keleketla!,Afrobeat,"July 3, 2020",Spotify,Bandcamp,http://open.spotify.com/album/0sqETr5mwDf494FaWzjnGD,72.47058824,,,,,,,,,,,,,,,,,,,,,,,,30,,,34,,,,,,,
215,CorikyCoriky,1,216,Coriky,Coriky,Indie Rock,"June 12, 2020",Spotify,Bandcamp,http://open.spotify.com/album/5tq1YTBXOODRZERatJ7f1U,72.5,,,,,,,,,,,,,,,,,32,,,,,,,,,,33,,,,,,,
216,Empty CountryEmpty Country,1,217,Empty Country,Empty Country,Indie Rock,"March 20, 2020",Spotify,Bandcamp,http://open.spotify.com/album/1J7lWOhAGflNwS8Tv5d8M6,72.5,,29,,,,,,,,,,,,,,,,,,,,,,,,,,,36,,,,,
217,Against All Logic2017 - 2019,1,218,Against All Logic,2017 - 2019,Tech House,"February 7, 2020",Spotify,Bandcamp,http://open.spotify.com/album/75vFTgDgdfVhbniLoyCNKh,72.52941176,,,,,,,,,33,,,,,,,,,,,,,,,,,,,33,,,,,,
218,BLACKPINKThe Album,1,219,BLACKPINK,The Album,K-Pop,"October 2, 2020",Spotify,,http://open.spotify.com/album/71O60S5gIJSIAhdnrDIh3N,72.52941176,,,25,,,,,,,,,,,,,,,,,,,,,,,,,,,,,,,41
219,WizkidMade In Lagos,1,220,Wizkid,Made In Lagos,Afrobeats,"October 30, 2020",Spotify,,http://open.spotify.com/album/6HpMdN52TfJAwVbmkrFeBN,72.55882353,,,,,,,,,,33,,,,,,,,,34,,,,,,,,,,,,,,,
220,NasKing's Disease,1,221,Nas,King's Disease,Hip Hop,"August 21, 2020",Spotify,,http://open.spotify.com/album/55iyu952waEUnQCcue5nQ2,72.58823529,,,,,44,,24,,,,,,,,,,,,,,,,,,,,,,,,,,,
221,ShamirShamir,1,222,Shamir,Shamir,Indie Pop,"October 2, 2020",Spotify,Bandcamp,http://open.spotify.com/album/6rACMQ2WTjZ8z8kpTC6sFu,72.58823529,,,,39,,,,,,,,,,,,,,,,,,,,,,29,,,,,,,,
222,Rose City BandSummerlong,1,223,Rose City Band,Summerlong,Country Rock,"May 15, 2020",Spotify,Bandcamp,http://open.spotify.com/album/2xbuO6C2TK9hjQZFMi56Pf,72.61764706,,,,,,,,,,,,,,,,,35,,,,,,,,,,,,,,,,34,
223,AnnieDark Hearts,1,224,Annie,Dark Hearts,Synthpop,"October 16, 2020",Spotify,,http://open.spotify.com/album/6H44DvUiZ5WnjwEtnEHIMk,72.64705882,,,,,,,,,,,,,,,50,,,,,,,,,,20,,,,,,,,,
224,Nick Mason's Saucerful Of SecretsLive at the Roundhouse,1,225,Nick Mason's Saucerful Of Secrets,Live at the Roundhouse,Psychedelic Rock,"April 17, 2020",Spotify,,No Spotify Link Found,72.64705882,,,,,,,,,,,,,,,,24,46,,,,,,,,,,,,,,,,,
225,Bonny Light HorsemanBonny Light Horseman,1,226,Bonny Light Horseman,Bonny Light Horseman,Folk,"January 24, 2020",Spotify,Bandcamp,http://open.spotify.com/album/3q7f7kA7ATAR5ZXihBXV7q,72.70588235,,,,,,,,,,,,,,,,,,,,,,34,,,,,,,,,,,38,
226,Angel Bat Dawid & Tha BrothahoodLIVE,1,227,Angel Bat Dawid & Tha Brothahood,LIVE,Jazz,"October 31, 2020",Spotify,Bandcamp,No Spotify Link Found,72.73529412,,,,,,,,,,,,,,,,,,,,,,,,,,,,,,39,34,,,
227,The Big MoonWalking Like We Do,1,228,The Big Moon,Walking Like We Do,Indie Pop,"January 10, 2020",Spotify,,http://open.spotify.com/album/0Z9W4KdFjlAUNGjXx3CVZU,72.76470588,,,,,,,,,,,36,,,,,,,,,,,,,,,,38,,,,,,,
228,DisclosureENERGY,1,229,Disclosure,ENERGY,House,"August 28, 2020",Spotify,Bandcamp,http://open.spotify.com/album/6wp1us3xBnYz5qldxrZXRf,72.76470588,,,,,,,29,,,,45,,,,,,,,,,,,,,,,,,,,,,,
229,Princess NokiaEverything Is Beautiful,1,230,Princess Nokia,Everything Is Beautiful,Pop Rap,"February 26, 2020",Spotify,,http://open.spotify.com/album/53uhBqvPad79nqxsGmVyiv,72.76470588,,,,29,,,,,,,,,,,,,,,45,,,,,,,,,,,,,,,
230,Rod WavePray 4 Love,1,231,Rod Wave,Pray 4 Love,Trap Rap,"April 3, 2020",Spotify,,http://open.spotify.com/album/5zCvAq0MLqUv0vE96iMbv2,72.79411765,,,,,,35,,,40,,,,,,,,,,,,,,,,,,,,,,,,,
231,Blake MillsMutable Set,1,232,Blake Mills,Mutable Set,Singer-Songwriter,"May 8, 2020",Spotify,,http://open.spotify.com/album/3WBhKuBk77KL4nUHkP2xaW,72.79411765,,,,,,,,,,32,,,,,,,43,,,,,,,,,,,,,,,,,
232,BlossomsFoolish Loving Spaces,1,233,Blossoms,Foolish Loving Spaces,Indie Pop,"January 31, 2020",Spotify,,http://open.spotify.com/album/0yMTm5gz3ZoUItDgE2kVru,72.82352941,,,,,,,,,,,48,,,,,,,,28,,,,,,,,,,,,,,,
233,AlgiersThere Is No Year,1,234,Algiers,There Is No Year,Post-Punk,"January 17, 2020",Spotify,Bandcamp,http://open.spotify.com/album/7eVY0677xRMK8I4syfRA6M,72.82352941,,,,,,,,,,,,,,,,,,44,,,,,,,32,,,,,,,,,
234,Kevin MorbySundowner,1,235,Kevin Morby,Sundowner,Singer-Songwriter,"October 16, 2020",Spotify,Bandcamp,http://open.spotify.com/album/6s8xpXYalmDufcKB0InMsC,72.82352941,,,,,,,,,,,,,,,,,,49,,,,,,,,,,,,,,,27,
235,Hey ColossusDances / Curses,1,236,Hey Colossus,Dances / Curses,Psychedelic Rock,"November 6, 2020",Spotify,Bandcamp,http://open.spotify.com/album/5nGpVWPGJy1dGeEy38sQ5T,72.82352941,,,,,,,,,,,,,,,,,,,,,,,,,1,,,,,,,,,
236,GulchImpenetrable Cerebral Fortress,1,237,Gulch,Impenetrable Cerebral Fortress,Metalcore,"July 24, 2020",Spotify,Bandcamp,http://open.spotify.com/album/4bfyHcprcCpzLWqgOsAu4r,72.85294118,,,,,,,,,,47,,,,,,,,,,,,,,,,,,30,,,,,,
237,E.M.M.A.Indigo Dream,1,238,E.M.M.A.,Indigo Dream,Ambient House,"July 29, 2020",Spotify,Bandcamp,http://open.spotify.com/album/1sSXq8MhVx0qjBAwGE1rRF,72.85294118,,,,,,2,,,,,,,,,,,,,,,,,,,,,,,,,,,,
238,Moor MotherCircuit City,1,239,Moor Mother,Circuit City,Neo-Soul,"September 25, 2020",Spotify,Bandcamp,No Spotify Link Found,72.85294118,,,,,,,,,,,,,,,,,,,,,,,,,,,,,,,2,,,
239,Andrea Laszlo De SimoneImmensità,1,240,Andrea Laszlo De Simone,Immensità,Post-Punk,"November 8, 2019",Spotify,Bandcamp,No Spotify Link Found,72.88235294,,,,,,,,,,,,,,3,,,,,,,,,,,,,,,,,,,,
240,H.E.A.TH.E.A.T II,1,241,H.E.A.T,H.E.A.T II,Pop Rock,"February 21, 2020",Spotify,,http://open.spotify.com/album/0NEPDWFsJHcRIF6fKEiSHZ,72.88235294,,,,,,,,,,,,,,,,3,,,,,,,,,,,,,,,,,,
241,Dominic FikeWhat Could Possibly Go Wrong,1,242,Dominic Fike,What Could Possibly Go Wrong,Alternative R&B,"July 31, 2020",Spotify,,http://open.spotify.com/album/1BubKJqf6Uc4fNae5kLJJ7,72.88235294,,,,,,,,39,,,,,,,,,,,39,,,,,,,,,,,,,,,
242,Emma Donovan & The PutBacksCrossover,1,243,Emma Donovan & The PutBacks,Crossover,Neo-Psychedelia,"November 6, 2020",Spotify,Bandcamp,http://open.spotify.com/album/6DHC4kAZwHLWVkqAj35OGJ,72.88235294,,,,,,,3,,,,,,,,,,,,,,,,,,,,,,,,,,,
243,KMRUPeel,1,244,KMRU,Peel,Avant-Folk,"July 23, 2020",Spotify,Bandcamp,No Spotify Link Found,72.88235294,,,,,,,,,,,,,,,,,,,,,,,,,,,,,,3,,,,
244,Declan McKennaZeros,1,245,Declan McKenna,Zeros,Indie Rock,"September 4, 2020",Spotify,,http://open.spotify.com/album/18hrkvndprWjt9olhQlRcH,72.91176471,,,,,,,,,,,46,,,,,,,,33,,,,,,,,,,,,,,,
245,Sea OleenaWeaving a Basket,1,246,Sea Oleena,Weaving a Basket,Alternative R&B,"October 31, 2020",Spotify,Bandcamp,No Spotify Link Found,72.91176471,,,,,,,,,,,,,4,,,,,,,,,,,,,,,,,,,,,
246,Joe BonamassaRoyal Tea,1,247,Joe Bonamassa,Royal Tea,Pop Rock,"October 23, 2020",Spotify,,http://open.spotify.com/album/6FsaAloD9oGRXjRKIriR9i,72.91176471,,,,,,,,,,,,,,,,4,,,,,,,,,,,,,,,,,,
247,MedhaneCold Water,1,248,Medhane,Cold Water,Abstract Hip Hop,"May 26, 2020",Spotify,Bandcamp,http://open.spotify.com/album/6u66sAgu3xFfKhQpBr4dSu,72.91176471,,,,,,,,4,,,,,,,,,,,,,,,,,,,,,,,,,,
248,Spanish Love SongsBrave Faces Everyone,1,249,Spanish Love Songs,Brave Faces Everyone,Pop Punk,"February 7, 2020",Spotify,Bandcamp,http://open.spotify.com/album/7GP702lI6EeRJnruJPoznv,72.91176471,,,,,,,,,,,,,,,,,,,,,,,,,,,,,4,,,,,
249,The StrutsStrange Days,1,250,The Struts,Strange Days,Pop Rock,"October 16, 2020",Spotify,,http://open.spotify.com/album/4hHHHg7bYSXH803dEsSyl8,72.94117647,,,,,,,,,,,,,,,,5,,,,,,,,,,,,,,,,,,
250,RatboysPrinter's Devil,1,251,Ratboys,Printer's Devil,Pop Rock,"February 28, 2020",Spotify,Bandcamp,http://open.spotify.com/album/0Rps5E6i8ocaFQjWxfbwYZ,72.94117647,,,,,,,,,,,,,,,,,,,,,,,,,,,,,5,,,,,
251,UKAEAEnergy is Forever,1,252,UKAEA,Energy is Forever,Neo-Soul,"November 13, 2020",Spotify,Bandcamp,No Spotify Link Found,72.94117647,,,,,,,,,,,,,,,,,,,,,,,,,5,,,,,,,,,
252,The NecksThree,1,253,The Necks,Three,Avant-Garde Jazz,"March 27, 2020",Spotify,Bandcamp,http://open.spotify.com/album/2qWLFav8tDhDt2NyNOjAb0,72.97058824,,,,,,,,,,,,,,,,,33,,,,,,,,,,,,,,,,48,
253,Thomas AdèsAdès Conducts Adès,1,254,Thomas Adès,Adès Conducts Adès,Modern Classical,"February 28, 2020",Spotify,,http://open.spotify.com/album/53XoO2L84YzW756O6tiqOj,72.97058824,,,,,,,,,,,,,,,,,,,,6,,,,,,,,,,,,,,
254,OceanatorThings I Never Said,1,255,Oceanator,Things I Never Said,Indie Rock,"August 28, 2020",Spotify,Bandcamp,No Spotify Link Found,72.97058824,,,,,,,,,,,,,,,,,,,,,,,,,,,,,6,,,,,
255,NídiaNão Fales Nela Que A Mentes,1,256,Nídia,Não Fales Nela Que A Mentes,Neo-Soul,"May 22, 2020",Spotify,Bandcamp,http://open.spotify.com/album/37k7KzGQIMEnoxD15qq4uL,72.97058824,,,,,,,,,,,,,,,,,,,,,,,,,,,,,,6,,,,
256,Deep PurpleWhoosh!,1,257,Deep Purple,Whoosh!,Hard Rock,"August 7, 2020",Spotify,,http://open.spotify.com/album/6gqzcKMZ178mqS5Bd51MDf,72.97058824,,,,,,,,,,,,,,,,6,,,,,,,,,,,,,,,,,,
257,ChassolLudi,1,258,Chassol,Ludi,Singer-Songwriter,"March 6, 2020",Spotify,Bandcamp,http://open.spotify.com/album/0MmvC8i6PZ0Lbm10N8TgbA,72.97058824,,,,,,,,,,,,,,6,,,,,,,,,,,,,,,,,,,,
258,Owen PallettIsland,1,259,Owen Pallett,Island,Chamber Folk,"May 22, 2020",Spotify,Bandcamp,http://open.spotify.com/album/07fRYHyHA0ptI3NvxmmCkv,73,,7,,,,,,,,,,,,,,,,,,,,,,,,,,,,,,,,
259,Ital TekOutland,1,260,Ital Tek,Outland,UK Bass,"May 1, 2020",Spotify,Bandcamp,http://open.spotify.com/album/2xVQGGbx2T5ow3F71Ywrtf,73,,,,,,,,,,,,,,,,,,,,,,,,7,,,,,,,,,,
260,RomareHome,1,261,Romare,Home,Deep House,"July 31, 2020",Spotify,Bandcamp,http://open.spotify.com/album/2IDeHNJEmYrS14aEFCYgpN,73,,,,,,,,41,,,,,,,,,,,,,,,,,,,41,,,,,,,
261,SquarepusherBe Up a Hello,1,262,Squarepusher,Be Up a Hello,Electronic,"January 31, 2020",Spotify,Bandcamp,http://open.spotify.com/album/1zcfHeYC0sEQs3D3fCAr4m,73,,,,,,,,,,,,,,,,,,,,,,,,,7,,,,,,,,,
262,Jennifer WalsheA Late Anthology of Early Music Vol. 1: Ancient to Renaissance,1,263,Jennifer Walshe,A Late Anthology of Early Music Vol. 1: Ancient to Renaissance,Musique concrète,"February 21, 2020",Spotify,Bandcamp,No Spotify Link Found,73.02941176,,,,,,,,,,,,,,,,,,,,,,,,,,,,,,,8,,,
263,Ólafur Arnaldssome kind of peace,1,264,Ólafur Arnalds,some kind of peace,Modern Classical,"November 6, 2020",Spotify,,http://open.spotify.com/album/5GoNI6fKC1BVsuITYKMRB9,73.02941176,,,,,,,,,,,,,,,,,,,,46,,,,,,,37,,,,,,,
264,bdrmmBedroom,1,265,bdrmm,Bedroom,Dream Pop,"July 3, 2020",Spotify,Bandcamp,http://open.spotify.com/album/3Pu648nWwshjvkl96rKxPS,73.02941176,,,,,,,,,,,,,,,,,,,,,,,,,,,8,,,,,,,
265,Pet Shop BoysHotspot,1,266,Pet Shop Boys,Hotspot,Synthpop,"January 24, 2020",Spotify,Bandcamp,http://open.spotify.com/album/3Ap37NIDZhcgORhznOgSmG,73.02941176,8,,,,,,,,,,,,,,,,,,,,,,,,,,,,,,,,,
266,Chubby and The GangSpeed Kills,1,267,Chubby and The Gang,Speed Kills,Punk Rock,"January 17, 2020",Spotify,Bandcamp,http://open.spotify.com/album/0wuL6PiAFvBBc1CAjzuQhg,73.02941176,,,,,,,,,,,,,,,,,,,,,48,35,,,,,,,,,,,,
267,Cindy LeeCat O' Nine Tails,1,268,Cindy Lee,Cat O' Nine Tails,Hypnagogic Pop,"April 14, 2020",Spotify,,No Spotify Link Found,73.02941176,,,,,,,,,,,,,8,,,,,,,,,,,,,,,,,,,,,
268,AnjimileGiver Taker,1,269,Anjimile,Giver Taker,Indie Folk,"September 18, 2020",Spotify,Bandcamp,http://open.spotify.com/album/19eBS7pEsntVjYu1Sj7g9Z,73.05882353,,,,36,,,,,,,,,,,,,,,,48,,,,,,,,,,,,,,
269,ZOMBIE-CHANGTAKE ME AWAY FROM TOKYO,1,270,ZOMBIE-CHANG,TAKE ME AWAY FROM TOKYO,Electropop,"August 5, 2020",Spotify,Bandcamp,http://open.spotify.com/album/1XB2VJu9CxzmblxbSK5wqv,73.05882353,,9,,,,,,,,,,,,,,,,,,,,,,,,,,,,,,,,
270,White Boy ScreamBakunawa,1,271,White Boy Scream,Bakunawa,Plunderphonics,"June 5, 2020",Spotify,Bandcamp,No Spotify Link Found,73.05882353,,,,,,,,,,,,,,,,,,,,,,,,,,,,,,,9,,,
271,Sa-RocThe Sharecropper's Daughter,1,272,Sa-Roc,The Sharecropper's Daughter,Hip Hop,"October 2, 2020",Spotify,Bandcamp,http://open.spotify.com/album/5PZSZfVW0FN1U6MTKZZcnV,73.05882353,,,,,,,9,,,,,,,,,,,,,,,,,,,,,,,,,,,
272,Sam HuntSouthside,1,273,Sam Hunt,Southside,Country Pop,"April 3, 2020",Spotify,,http://open.spotify.com/album/1xRcR4iSouBrfVhuqFkPAJ,73.05882353,,,43,,,,,,,,,,,,,,,,,,,,,,,,,41,,,,,,
273,"Shabason, Krgovich & HarrisPhiladelphia",1,274,"Shabason, Krgovich & Harris",Philadelphia,Conscious Hip Hop,"September 18, 2020",Spotify,Bandcamp,No Spotify Link Found,73.05882353,,34,,,,,,,,50,,,,,,,,,,,,,,,,,,,,,,,,
274,DamsoQALF,1,275,Damso,QALF,Pop Rap,"September 18, 2020",Spotify,,No Spotify Link Found,73.08823529,,,,,,,,,,,,,,10,,,,,,,,,,,,,,,,,,,,
275,"Waylon PayneBlue Eyes, The Harlot, The Queer, The Pusher & Me",1,276,Waylon Payne,"Blue Eyes, The Harlot, The Queer, The Pusher & Me",Americana,"September 11, 2020",Spotify,,http://open.spotify.com/album/3dhsordyEnHpn6TWNSx4Co,73.08823529,,,,,,,,,,,,,,,,,,,,10,,,,,,,,,,,,,,
276,FishWeltschmerz,1,277,Fish,Weltschmerz,Heavy Metal,"September 25, 2020",Spotify,,http://open.spotify.com/album/0jKmtAHbwwBmn0e0USRE7C,73.08823529,,,,,,,,,,,,,,,,10,,,,,,,,,,,,,,,,,,
277,Carl StoneStolen Car,1,278,Carl Stone,Stolen Car,Plunderphonics,"September 25, 2020",Spotify,,No Spotify Link Found,73.08823529,,,,,,,,,,,,,,,,,,,,,,,,,,,,,,,10,,,
278,PopcaanFIXTAPE,1,279,Popcaan,FIXTAPE,Dancehall,"August 7, 2020",Spotify,,http://open.spotify.com/album/3yqk7nimwdE2FdaA85iJM8,73.08823529,,,,,,,,,,10,,,,,,,,,,,,,,,,,,,,,,,,
279,PantayoPantayo,1,280,Pantayo,Pantayo,Art Pop,"May 8, 2020",Spotify,Bandcamp,http://open.spotify.com/album/5cUX8CjpI5xkWueaZ48xNU,73.08823529,,,,,,,,,10,,,,,,,,,,,,,,,,,,,,,,,,,
280,"CreeperSex, Death & the Infinite Void",1,281,Creeper,"Sex, Death & the Infinite Void",Pop Rock,"July 31, 2020",Spotify,Bandcamp,http://open.spotify.com/album/5SroqSFEbS5mfI2fYSS1v1,73.11764706,,,,,,,,,,,,11,,,,,,,,,,,,,,,,,,,,,,
281,TiñaPositive Mental Health Music,1,282,Tiña,Positive Mental Health Music,Indie Rock,"November 6, 2020",Spotify,Bandcamp,http://open.spotify.com/album/7KkyHOERcrtlJebdupXU7v,73.11764706,,,,,,,,,,,,,,11,,,,,,,,,,,,,,,,,,,,
282,Alison CottonOnly Darkness Now,1,283,Alison Cotton,Only Darkness Now,Drone,"October 25, 2020",Spotify,Bandcamp,http://open.spotify.com/album/2bHzum3ZgNBpNxHoSe63d8,73.11764706,,,,,,,,,,,,,,,,,,,,,,,,,11,,,,,,,,,
283,GanserJust Look At That Sky,1,284,Ganser,Just Look At That Sky,Post-Punk,"July 31, 2020",Spotify,Bandcamp,http://open.spotify.com/album/1cagbnm4myBo9g2W8pQ7o3,73.11764706,,,,,,,,,,,,,,,,,,,,,,49,,,,,,,,,,37,,
284,Roddy RicchPlease Excuse Me for Being Antisocial,1,285,Roddy Ricch,Please Excuse Me for Being Antisocial,Trap Rap,"December 6, 2019",Spotify,,http://open.spotify.com/album/52u4anZbHd6UInnmHRFzba,73.11764706,,,,,,,,,,,,,,,,,,,,,,,,,,,,,,,,,,11
285,Metal PreyersMetal Preyers,1,286,Metal Preyers,Metal Preyers,Art Pop,"March 6, 2020",Spotify,Bandcamp,No Spotify Link Found,73.11764706,,,,,,11,,,,,,,,,,,,,,,,,,,,,,,,,,,,
286,Ozzy OsbourneOrdinary Man,1,287,Ozzy Osbourne,Ordinary Man,Heavy Metal,"February 21, 2020",Spotify,,http://open.spotify.com/album/2x2cG56QicVfymWnRF0Nmj,73.11764706,,,,,,,,,,,,,,,,11,,,,,,,,,,,,,,,,,,
287,Benny WalkerChosen Line,1,288,Benny Walker,Chosen Line,Post-Punk,"June 5, 2020",Spotify,,http://open.spotify.com/album/40qZJVfOO3lXWaXIHVTXqn,73.14705882,,,,,,,12,,,,,,,,,,,,,,,,,,,,,,,,,,,
288,AlleAlletiders,1,289,Alle,Alletiders,Hip House,"May 8, 2020",Spotify,,No Spotify Link Found,73.14705882,,,,,,,,,,,,,12,,,,,,,,,,,,,,,,,,,,,
289,Einstürzende NeubautenAlles in Allem,1,290,Einstürzende Neubauten,Alles in Allem,Art Pop,"May 15, 2020",Spotify,,http://open.spotify.com/album/5GzPXmhp1ztLM8S0DqN8Gz,73.14705882,,,,,,,,,,,,,,,,,,,,,,,,,12,,,,,,,,,
290,Conway the MachineFrom King To A GOD,1,291,Conway the Machine,From King To A GOD,Hip Hop,"September 11, 2020",Spotify,,http://open.spotify.com/album/6DGCEJKSnaK626YgoElkjk,73.14705882,,,,,12,,,,,,,,,,,,,,,,,,,,,,,,,,,,,
291,Cleo SolRose In The Dark,1,292,Cleo Sol,Rose In The Dark,Neo-Soul,"March 27, 2020",Spotify,Bandcamp,http://open.spotify.com/album/4o5dzQHDzmBBc4Z3jSWVR9,73.14705882,,,,,,,,,,,,,,,,,,,,,,,,,,,,,,12,,,,
292,Citizen Boy & Mafia BoyzFrom Avoca Hills to the World,1,293,Citizen Boy & Mafia Boyz,From Avoca Hills to the World,Art Pop,"January 31, 2020",Spotify,Bandcamp,No Spotify Link Found,73.14705882,,,,,,12,,,,,,,,,,,,,,,,,,,,,,,,,,,,
293,Armand HammerShrines,1,294,Armand Hammer,Shrines,Abstract Hip Hop,"June 5, 2020",Spotify,Bandcamp,http://open.spotify.com/album/4O3czfYeYKrTEafl9wyf5o,73.14705882,,,,,,,,,,,,,,,,,,,,,,,,,,,,,,,12,,,
294,Nicolas JaarCenizas,1,295,Nicolas Jaar,Cenizas,Ambient,"March 27, 2020",Spotify,Bandcamp,http://open.spotify.com/album/4uR6L8Gq7xozMSBpuxIQUp,73.17647059,,,,,,38,,,,,,,,,,,,,,,,,,50,,,,,,,,,,
295,Benjamin BiolayGrand Prix,1,296,Benjamin Biolay,Grand Prix,Synthpop,"June 26, 2020",Spotify,,No Spotify Link Found,73.17647059,,,,,,,,,,,,,,13,,,,,,,,,,,,,,,,,,,,
296,L-FRESH The LIONSouth West,1,297,L-FRESH The LION,South West,Post-Punk,"July 17, 2020",Spotify,Bandcamp,http://open.spotify.com/album/7j8jswGQOy2FdaFY2mkb9l,73.17647059,,,,,,,13,,,,,,,,,,,,,,,,,,,,,,,,,,,
297,Armani CaesarTHE LIZ,1,298,Armani Caesar,THE LIZ,Boom Bap,"September 18, 2020",Spotify,,http://open.spotify.com/album/4qBqFNBcgixIpe1tlvE8ck,73.17647059,,,,45,,,,,,43,,,,,,,,,,,,,,,,,,,,,,,,
298,Alexandra SaviorThe Archer,1,299,Alexandra Savior,The Archer,Psychedelic Pop,"January 10, 2020",Spotify,Bandcamp,http://open.spotify.com/album/4yLdYq287m5oiuE0PhJZDl,73.17647059,,,,,,,,,,,,13,,,,,,,,,,,,,,,,,,,,,,
299,Oh SeesProtean Threat,1,300,Oh Sees,Protean Threat,Garage Punk,"September 18, 2020",Spotify,Bandcamp,http://open.spotify.com/album/16l3FJwjZooUHbU37sdeeI,73.17647059,,,,,,,,,,,,,,,,,,,,,,,,,,,13,,,,,,,
300,Che LingoThe Worst Generation,1,301,Che Lingo,The Worst Generation,Ambient,"October 23, 2020",Spotify,,http://open.spotify.com/album/3o2lmFcbpJ3CY6HVE4TVQy,73.17647059,,,,,,,,,,,,,,,13,,,,,,,,,,,,,,,,,,,
301,Blue Öyster CultThe Symbol Remains,1,302,Blue Öyster Cult,The Symbol Remains,Hip Hop,"October 9, 2020",Spotify,,http://open.spotify.com/album/0kyBsDAOQHImwKLy8W5OEr,73.17647059,,,,,,,,,,,,,,,,13,,,,,,,,,,,,,,,,,,
302,Jay ElectronicaAct II: Patents of Nobility,1,303,Jay Electronica,Act II: Patents of Nobility,Abstract Hip Hop,"October 5, 2020",Spotify,,No Spotify Link Found,73.20588235,,,,,,,,,,,,,,,,,,,,,,,14,,,,,,,,,,,
303,FaithlessAll Blessed,1,304,Faithless,All Blessed,Singer-Songwriter,"October 23, 2020",Spotify,,http://open.spotify.com/album/6sXJGx9JERZRIXSQAuyYFV,73.20588235,14,,,,,,,,,,,,,,,,,,,,,,,,,,,,,,,,,
304,Cable TiesFar Enough,1,305,Cable Ties,Far Enough,Post-Punk,"March 27, 2020",Spotify,Bandcamp,http://open.spotify.com/album/4JOCgdoFH3fNDjHJHdvNjC,73.20588235,,,,,,,14,,,,,,,,,,,,,,,,,,,,,,,,,,,
305,Massive WagonsHouse of Noise,1,306,Massive Wagons,House of Noise,Hip Hop,"July 17, 2020",Spotify,Bandcamp,No Spotify Link Found,73.20588235,,,,,,,,,,,,,,,,14,,,,,,,,,,,,,,,,,,
306,YelleL’Ère du Verseau,1,307,Yelle,L’Ère du Verseau,Synthpop,"September 4, 2020",Spotify,Bandcamp,http://open.spotify.com/album/5iCfp2KefljOSPdRqpAvyW,73.20588235,,,,,,,,,,,,,,14,,,,,,,,,,,,,,,,,,,,
307,JunglepussyJp4,1,308,Junglepussy,Jp4,Experimental Hip Hop,"October 23, 2020",Spotify,Bandcamp,http://open.spotify.com/album/5agYNY4IFgl4yQ3gIGLW65,73.20588235,,,,,,,,,,,,,,,,,,,41,,,,,,48,,,,,,,,,
308,ZerohBLQLYTE,1,309,Zeroh,BLQLYTE,Sound Collage,"April 24, 2020",Spotify,Bandcamp,http://open.spotify.com/album/7zIABwRfxyMXWDEaLm89HG,73.20588235,,,,,,,,,,,,,,,,,,,,,,,,,,,,,,,14,,,
309,Land TranceFirst Séance,1,310,Land Trance,First Séance,Ambient,"May 1, 2020",Spotify,Bandcamp,http://open.spotify.com/album/4L2f4hjgsFnxEzbaBKnNny,73.20588235,,,,,,,,,,,,,,,,,,,,,,,,,14,,,,,,,,,
310,Alanis MorissetteSuch Pretty Forks in the Road,1,311,Alanis Morissette,Such Pretty Forks in the Road,Singer-Songwriter,"July 31, 2020",Spotify,,http://open.spotify.com/album/2eOvsabOLLh9ibyANQiFFM,73.23529412,15,,,,,,,,,,,,,,,,,,,,,,,,,,,,,,,,,
311,Sweet WhirlHow Much Works,1,312,Sweet Whirl,How Much Works,Singer-Songwriter,"May 29, 2020",Spotify,Bandcamp,http://open.spotify.com/album/76cnV0TMWQzPdqE1n3hUfY,73.23529412,,,,,,,,,,,,,15,,,,,,,,,,,,,,,,,,,,,
312,SnarlsBurst,1,313,Snarls,Burst,Indie Rock,"March 6, 2020",Spotify,Bandcamp,http://open.spotify.com/album/5JoS6MbEFOKErbW1g96uqn,73.23529412,,,,,,,,,,,,,,,,,,,,,,,,,,,,,15,,,,,
313,Bill NaceBoth,1,314,Bill Nace,Both,Dark Ambient,"May 22, 2020",Spotify,Bandcamp,No Spotify Link Found,73.23529412,,,,,,,,,,,,,,,,,,,,,,,,,,,,,,,15,,,
314,Ty Dolla $ignFeaturing Ty Dolla $ign,1,315,Ty Dolla $ign,Featuring Ty Dolla $ign,R&B,"October 23, 2020",Spotify,,http://open.spotify.com/album/6M4Nu5UgX097dxeF2lm9P8,73.23529412,,,,,48,,,,,,,,,,,,,,,,42,,,,,,,,,,,,,
315,UllaTumbling Towards a Wall,1,316,Ulla,Tumbling Towards a Wall,Ambient,"January 17, 2020",Spotify,Bandcamp,http://open.spotify.com/album/4typKG5HG3aKrZTcTUs5gR,73.23529412,,15,,,,,,,,,,,,,,,,,,,,,,,,,,,,,,,,
316,LomaDon't Shy Away,1,317,Loma,Don't Shy Away,Art Pop,"October 23, 2020",Spotify,Bandcamp,http://open.spotify.com/album/4vsLKnYI68IqPSxIalqcIA,73.23529412,,,,,,,,,,,,,,,,,,15,,,,,,,,,,,,,,,,
317,SPARKLE DIVISIONTo Feel Embraced,1,318,SPARKLE DIVISION,To Feel Embraced,Electroacoustic,"July 24, 2020",Spotify,Bandcamp,http://open.spotify.com/album/3mAE83dKTwjGmGaK2wP3tu,73.23529412,,,,,,15,,,,,,,,,,,,,,,,,,,,,,,,,,,,
318,NuvolascuraAs We Suffer From Memory and Imagination,1,319,Nuvolascura,As We Suffer From Memory and Imagination,Screamo,"June 19, 2020",Spotify,Bandcamp,No Spotify Link Found,73.23529412,,,,,,,,,,,,,,,,,,,,,,,,,,,,49,41,,,,,
319,William BasinskiLamentations,1,320,William Basinski,Lamentations,Dark Ambient,"November 13, 2020",Spotify,Bandcamp,http://open.spotify.com/album/0xCNuCZnrVp7NnX6xku4mj,73.26470588,,,,,,,,,,,,,,,,,,,,,,,,,,,,,,,16,,,
320,Sylvan EssoFree Love,1,321,Sylvan Esso,Free Love,Electropop,"September 25, 2020",Spotify,Bandcamp,http://open.spotify.com/album/2KAPJ40On8JY1Yt64JJgTk,73.26470588,,,,,,,,,,,16,,,,,,,,,,,,,,,,,,,,,,,
321,Nick CaveIdiot Prayer: Nick Cave Alone at Alexandra Palace,1,322,Nick Cave,Idiot Prayer: Nick Cave Alone at Alexandra Palace,Singer-Songwriter,"November 20, 2020",Spotify,,http://open.spotify.com/album/7o6zfGW9eywRuc0eOdzJFK,73.26470588,,,,,,,,,,,,,,,,,16,,,,,,,,,,,,,,,,,
322,MiieshaNyaaringu,1,323,Miiesha,Nyaaringu,Psychedelic Rock,"May 29, 2020",Spotify,,http://open.spotify.com/album/65O20ulv0B56uaaAFVWEWG,73.26470588,,,,,,,16,,,,,,,,,,,,,,,,,,,,,,,,,,,
323,Katie PruittExpectations,1,324,Katie Pruitt,Expectations,Singer-Songwriter,"February 21, 2020",Spotify,Bandcamp,http://open.spotify.com/album/1v30ZLtb2nYIWqDto4GuIP,73.26470588,,,,,,,,,,,,,,,,,,,,16,,,,,,,,,,,,,,
324,Bad Boy Chiller CrewFull Wack No Brakes,1,325,Bad Boy Chiller Crew,Full Wack No Brakes,Indie Folk,"September 25, 2020",Spotify,,http://open.spotify.com/album/52tuSUlxOAQWoRs6AOvCFm,73.26470588,,,,,,,,,,,,,,,,,,,,,16,,,,,,,,,,,,,
325,Bonnie BaeSexy Planet,1,326,Bonnie Bae,Sexy Planet,Neo-Psychedelia,"November 13, 2020",Spotify,Bandcamp,No Spotify Link Found,73.26470588,,,,,,,,,,,,,,16,,,,,,,,,,,,,,,,,,,,
326,Richard SkeltonThese Charms May Be Sung Over A Wound,1,327,Richard Skelton,These Charms May Be Sung Over A Wound,Ambient,"September 25, 2020",Spotify,Bandcamp,http://open.spotify.com/album/5gf61btA3GyD2ybD4kiQyS,73.26470588,,,,,,,,,,,,,,,,,,,,,,,,,16,,,,,,,,,
327,Albert BouchardRe Imaginos,1,328,Albert Bouchard,Re Imaginos,Abstract Hip Hop,"November 6, 2020",Spotify,,http://open.spotify.com/album/3zz6Vx6RgSMhnijMTg3ZUi,73.29411765,,,,,,,,,,,,,,,,,,,,,,,,,,,,,,,17,,,
328,dvsnA Muse In Her Feelings,1,329,dvsn,A Muse In Her Feelings,Alternative R&B,"April 17, 2020",Spotify,,http://open.spotify.com/album/153lLZKTVw25BTcLuXB8ME,73.29411765,,,,,17,,,,,,,,,,,,,,,,,,,,,,,,,,,,,
329,Kathleen EdwardsTotal Freedom,1,330,Kathleen Edwards,Total Freedom,Singer-Songwriter,"August 14, 2020",Spotify,Bandcamp,http://open.spotify.com/album/4r9JtN20velFMF1kKXdey3,73.29411765,,,,,,,,,48,,,,,,,,,,,44,,,,,,,,,,,,,,
330,MetallicaS&M2,1,331,Metallica,S&M2,Symphonic Metal,"August 28, 2020",Spotify,,http://open.spotify.com/album/4vxkHVyS6D66Rwt0mpz0cS,73.29411765,,,,,,,,,,,,,,,,17,,,,,,,,,,,,,,,,,,
331,Shabazz PalacesThe Don of Diamond Dreams,1,332,Shabazz Palaces,The Don of Diamond Dreams,Abstract Hip Hop,"April 17, 2020",Spotify,Bandcamp,http://open.spotify.com/album/3SCw5AabAqeNygf0OUDVUn,73.29411765,,,,,,,,,,,,,17,,,,,,,,,,,,,,,,,,,,,
332,Tracy McNeil & The GoodLifeYou Be the Lightning,1,333,Tracy McNeil & The GoodLife,You Be the Lightning,Psychedelic Rock,"February 14, 2020",Spotify,Bandcamp,No Spotify Link Found,73.29411765,,,,,,,17,,,,,,,,,,,,,,,,,,,,,,,,,,,
333,Mandy MooreSilver Landings,1,334,Mandy Moore,Silver Landings,Pop Rock,"March 6, 2020",Spotify,,http://open.spotify.com/album/0XYdiMZgEZ8HxWOJPk6aVx,73.29411765,17,,,,,,,,,,,,,,,,,,,,,,,,,,,,,,,,,
334,Gil Scott-Heron & Makaya McCravenWe're New Again - A Reimagining by Makaya McCraven,1,335,Gil Scott-Heron & Makaya McCraven,We're New Again - A Reimagining by Makaya McCraven,Nu Jazz,"February 7, 2020",Spotify,,http://open.spotify.com/album/7AiWJCZ2HArLkWG8HdPgIQ,73.29411765,,,,,,,,,,,,,,,17,,,,,,,,,,,,,,,,,,,
335,Midori HiranoInvisible Island,1,336,Midori Hirano,Invisible Island,UK Hip Hop,"January 16, 2020",Spotify,Bandcamp,No Spotify Link Found,73.29411765,,,,,,,,,,,,,,,,,,,,,,,,,,,,,,17,,,,
336,Maria Schneider OrchestraData Lords,1,337,Maria Schneider Orchestra,Data Lords,Jazz,"July 24, 2020",Spotify,,No Spotify Link Found,73.29411765,,,,,,,,,,,,,,,,,,,,17,,,,,,,,,,,,,,
337,Sturgill SimpsonCuttin' Grass - Vol. 1 (Butcher Shoppe Sessions),1,338,Sturgill Simpson,Cuttin' Grass - Vol. 1 (Butcher Shoppe Sessions),Bluegrass,"October 16, 2020",Spotify,Bandcamp,No Spotify Link Found,73.32352941,,,,,,,,,,,,,,,,,,,,,,,,,,,,,,,,,,18
338,Ichiko Aobaアダンの風,1,339,Ichiko Aoba,アダンの風,Chamber Folk,"December 2, 2020",Spotify,,http://open.spotify.com/album/1W0SccGphtGQNYqaqQ5nhA,73.32352941,,18,,,,,,,,,,,,,,,,,,,,,,,,,,,,,,,,
339,Rhodri DaviesTelyn Rawn,1,340,Rhodri Davies,Telyn Rawn,Abstract Hip Hop,"July 17, 2020",Spotify,Bandcamp,No Spotify Link Found,73.32352941,,,,,,,,,,,,,,,,,,,,,,,,,,,,,,,18,,,
340,Caleb Landry JonesThe Mother Stone,1,341,Caleb Landry Jones,The Mother Stone,Baroque Pop,"May 1, 2020",Spotify,Bandcamp,http://open.spotify.com/album/0dLhoomGBGqOt40K7feMH8,73.32352941,,,,,,,,,,,,,,18,,,,,,,,,,,,,,,,,,,,
341,Fantastic NegritoHave You Lost Your Mind Yet?,1,342,Fantastic Negrito,Have You Lost Your Mind Yet?,Blues Rock,"August 14, 2020",Spotify,Bandcamp,http://open.spotify.com/album/6b96nRUJmHMTQwK1IK9tJy,73.32352941,,,,,,,,,,,,,,,,18,,,,,,,,,,,,,,,,,,
342,CarpoolErotic Nightmare Summer,1,343,Carpool,Erotic Nightmare Summer,Emo,"June 5, 2020",Spotify,Bandcamp,http://open.spotify.com/album/5WSWNaTz8LqCYdywPgt7SP,73.32352941,,,,,,,,,,,,,,,,,,,,,,,,,,,,,18,,,,,
343,Sex SwingType II,1,344,Sex Swing,Type II,Noise Rock,"May 15, 2020",Spotify,Bandcamp,http://open.spotify.com/album/4wijjZz9FY0KpJBrlNhgg1,73.35294118,,,,,,,,,,,,,,,,,,,,,,,,,19,,,,,,,,,
344,Machine Gun KellyTickets To My Downfall,1,345,Machine Gun Kelly,Tickets To My Downfall,Pop Punk,"September 25, 2020",Spotify,,http://open.spotify.com/album/57lgFncHBYu5E3igZnuCJK,73.35294118,,,19,,,,,,,,,,,,,,,,,,,,,,,,,,,,,,,
345,Short FictionsFates Worse Than Death,1,346,Short Fictions,Fates Worse Than Death,Emo,"December 13, 2019",Spotify,Bandcamp,http://open.spotify.com/album/3AWVviDQ26EU8yMy3mhJy9,73.35294118,,,,,,,,,,,,,,,,,,,,,,,,,,,,,19,,,,,
346,CatastropheGONG!,1,347,Catastrophe,GONG!,Trap Rap,"September 11, 2020",Spotify,Bandcamp,http://open.spotify.com/album/1qJtWkJCOIYiSUqQwBCX8a,73.35294118,,,,,,,,,,,,,,19,,,,,,,,,,,,,,,,,,,,
347,Kamaal WilliamsWu Hen,1,348,Kamaal Williams,Wu Hen,Nu Jazz,"July 24, 2020",Spotify,Bandcamp,http://open.spotify.com/album/04kN5iKwGoYMSkr9cPZrWp,73.35294118,,,,,,,,,,,,,,,,,,,,,,,,,,,19,,,,,,,
348,Quelle Chris & Chris KeysInnocent Country 2,1,349,Quelle Chris & Chris Keys,Innocent Country 2,Abstract Hip Hop,"April 24, 2020",Spotify,Bandcamp,http://open.spotify.com/album/30hEhSuHVZ9dsUYDX7qabr,73.35294118,,,,,,,,,,,,,,,,,,,,,,,,,,,,,,,19,,,
349,Sweeping PromisesHunger For A Way Out,1,350,Sweeping Promises,Hunger For A Way Out,Post-Punk,"August 14, 2020",Spotify,Bandcamp,No Spotify Link Found,73.35294118,,,,,,,,,,,,,19,,,,,,,,,,,,,,,,,,,,,
350,Harry StylesFine Line,1,351,Harry Styles,Fine Line,Pop Rock,"December 13, 2019",Spotify,,http://open.spotify.com/album/7xV2TzoaVc0ycW7fwBwAml,73.35294118,,,,,,,,,,,,,,,,,,,,,,,,,,,,,,,,,,19
351,Hilary WoodsBirthmarks,1,352,Hilary Woods,Birthmarks,Ambient Pop,"March 13, 2020",Spotify,Bandcamp,http://open.spotify.com/album/12bknz7HRg0QW7aNH0UnyH,73.35294118,,,,,,,,,,,,,,,,,,,,,,,,,,,,,,,,19,,
352,LaylowTRINITY,1,353,Laylow,TRINITY,Trap Rap,"February 28, 2020",Spotify,,http://open.spotify.com/album/48GuVeZZVvfy6lpdprJFlv,73.38235294,,,,,,,,,,,,,,20,,,,,,,,,,,,,,,,,,,,
353,TriviumWhat The Dead Men Say,1,354,Trivium,What The Dead Men Say,Metalcore,"April 24, 2020",Spotify,,http://open.spotify.com/album/0aXIJYbWk4u41iJmoJmp8y,73.38235294,,,,,,,,,,,,,,,,20,,,,,,,,,,,,,,,,,,
354,RVGFeral,1,355,RVG,Feral,Art Punk,"April 24, 2020",Spotify,Bandcamp,No Spotify Link Found,73.38235294,,,,,,,49,,,,,,,46,,,,,,,,,,,,,,,,,,,,
355,PoppyI Disagree,1,356,Poppy,I Disagree,Alternative Metal,"January 10, 2020",Spotify,,http://open.spotify.com/album/4LgpVx8efQT7SRXGRq5Tze,73.38235294,,,,,,,,,,,,20,,,,,,,,,,,,,,,,,,,,,,
356,Hazel EnglishWake UP!,1,357,Hazel English,Wake UP!,Indie Pop,"April 24, 2020",Spotify,Bandcamp,http://open.spotify.com/album/2A2k0MgzDEiFjW3ejlpxxV,73.38235294,,,,,,,,,,,,,,,,,,,,,,,,,,,20,,,,,,,
357,Junior HCruisin' with Junior H,1,358,Junior H,Cruisin' with Junior H,Afrobeats,"September 2, 2020",Spotify,,No Spotify Link Found,73.38235294,,,,,,,,,,,,,,,,,,,,,20,,,,,,,,,,,,,
358,Christian Lee HutsonBeginners,1,359,Christian Lee Hutson,Beginners,Singer-Songwriter,"May 29, 2020",Spotify,Bandcamp,http://open.spotify.com/album/5PLt7H7bUEQeKPdWhWf4SY,73.38235294,,,,,,,,,,,,,,,20,,,,,,,,,,,,,,,,,,,
359,Ashley McBrydeNever Will,1,360,Ashley McBryde,Never Will,Country,"April 3, 2020",Spotify,,http://open.spotify.com/album/0GETdJ0C2pHIqCFLoUa0rP,73.38235294,,,,,,,,,,,,,,,,,,,,,,,,,,20,,,,,,,,
360,BorisNO,1,361,Boris,NO,Sludge Metal,"July 3, 2020",Spotify,Bandcamp,No Spotify Link Found,73.38235294,,,,,,,,,,,,,,,,,,,,,,,,,,,,,,,,20,,
361,"I'm Glad It's YouEvery Sun, Every Moon",1,362,I'm Glad It's You,"Every Sun, Every Moon",Emo,"May 15, 2020",Spotify,Bandcamp,http://open.spotify.com/album/6Rg8WjCGyhnEeBG0aQOWzm,73.38235294,,,,,,,,,,,,,,,,,,,,,,,,,,,,,20,,,,,
362,HindsThe Prettiest Curse,1,363,Hinds,The Prettiest Curse,Indie Rock,"June 5, 2020",Spotify,Bandcamp,http://open.spotify.com/album/7mBtzjnzUXnaDk9LtBrjZx,73.38235294,,,,,,,,,,,,49,,,46,,,,,,,,,,,,,,,,,,,
363,IZ*ONEBLOOM*IZ,1,364,IZ*ONE,BLOOM*IZ,K-Pop,"February 17, 2020",Spotify,,http://open.spotify.com/album/4yAAAWwN4WaxefmncjDsMw,73.38235294,,20,,,,,,,,,,,,,,,,,,,,,,,,,,,,,,,,
364,D SmokeBlack Habits,1,365,D Smoke,Black Habits,Hip Hop,"February 7, 2020",Spotify,,http://open.spotify.com/album/2Xo2T02yqg7UqMUSe3KChX,73.41176471,,,,,,,,,,,,,,,,,,,,,,,,,,,,,,,,,,21
365,Mark LaneganStraight Songs Of Sorrow,1,366,Mark Lanegan,Straight Songs Of Sorrow,Singer-Songwriter,"May 8, 2020",Spotify,,http://open.spotify.com/album/5MscroQK1QhbVhUJs1gNXf,73.41176471,,,,,,,,,,,,,,,,,21,,,,,,,,,,,,,,,,,
366,Vanessa CarltonLove Is An Art,1,367,Vanessa Carlton,Love Is An Art,Art Pop,"March 27, 2020",Spotify,,http://open.spotify.com/album/5PppI7oYZLDMKmxTQ6RnpH,73.41176471,21,,,,,,,,,,,,,,,,,,,,,,,,,,,,,,,,,
367,DikembeMuck,1,368,Dikembe,Muck,Emo,"August 19, 2020",Spotify,Bandcamp,http://open.spotify.com/album/4D91qRGG4USZTjvQ7AEAeb,73.41176471,,,,,,,,,,,,,,,,,,,,,,,,,,,,,21,,,,,
368,Various ArtistsAlterity,1,369,Various Artists,Alterity,Nu Jazz,"August 28, 2020",Spotify,Bandcamp,No Spotify Link Found,73.41176471,,,,,,,,,,,,,,,,,,,,,,,,,,,,,,21,,,,
369,James ElkingtonEver-Roving Eye,1,370,James Elkington,Ever-Roving Eye,Folk,"April 3, 2020",Spotify,Bandcamp,No Spotify Link Found,73.41176471,,,,,,,,,,,,,,,,,,,,,,,,,,,,,,,,,21,
370,TestamentTitans of Creation,1,371,Testament,Titans of Creation,Thrash Metal,"April 3, 2020",Spotify,,http://open.spotify.com/album/63dZKnLfVsHItoygbM7IJK,73.41176471,,,,,,,,,,,,,,,,21,,,,,,,,,,,,,,,,,,
371,2 ChainzSo Help Me God!,1,372,2 Chainz,So Help Me God!,Trap Rap,"November 13, 2020",Spotify,,http://open.spotify.com/album/2UnqW2rFdWH6imOILxdK1H,73.41176471,,,,,21,,,,,,,,,,,,,,,,,,,,,,,,,,,,,
372,AquakultreLegacy,1,373,Aquakultre,Legacy,Neo-Soul,"May 8, 2020",Spotify,Bandcamp,No Spotify Link Found,73.41176471,,,,,,,,,21,,,,,,,,,,,,,,,,,,,,,,,,,
373,Natalie SchlabsDon't Look Too Close,1,374,Natalie Schlabs,Don't Look Too Close,Boom Bap,"October 16, 2020",Spotify,Bandcamp,No Spotify Link Found,73.44117647,22,,,,,,,,,,,,,,,,,,,,,,,,,,,,,,,,,
374,Orville PeckShow Pony,1,375,Orville Peck,Show Pony,Alt-Country,"August 14, 2020",Spotify,,http://open.spotify.com/album/39R5c82ytTeEF85kmJTtNT,73.44117647,,,,,,,,,,,,,,,22,,,,,,,,,,,,,,,,,,,
375,Horse LordsThe Common Task,1,376,Horse Lords,The Common Task,Math Rock,"March 13, 2020",Spotify,Bandcamp,http://open.spotify.com/album/4K3Dv0nnMK10uxpphFNCco,73.44117647,,,,,,,,,,,,,,,,,,,,,,,,,22,,,,,,,,,
376,ORF Vienna Radio Symphony OrchestraDawson: Negro Folk Symphony,1,377,ORF Vienna Radio Symphony Orchestra,Dawson: Negro Folk Symphony,R&B,"March 8, 2020",Spotify,,No Spotify Link Found,73.44117647,,,,,,,,,,,,,,,,,,,,22,,,,,,,,,,,,,,
377,Kenny MasonAngelic Hoodrat,1,378,Kenny Mason,Angelic Hoodrat,Hip Hop,"April 15, 2020",Spotify,,http://open.spotify.com/album/48xxKST8oEwMRSVjF93gB3,73.44117647,,,,,22,,,,,,,,,,,,,,,,,,,,,,,,,,,,,
378,The BethsJump Rope Gazers,1,379,The Beths,Jump Rope Gazers,Indie Rock,"July 10, 2020",Spotify,Bandcamp,http://open.spotify.com/album/5rwWTJEIAyzBbRjEU0BTfA,73.44117647,,,,,,,,,,,,,,,,,,,,,,,,,,,22,,,,,,,
379,Leonard CohenThanks for the Dance,1,380,Leonard Cohen,Thanks for the Dance,Singer-Songwriter,"November 22, 2019",Spotify,,http://open.spotify.com/album/603qWApi8Q89JnkVAbixrb,73.44117647,,,,,,,,,,,,,,,,,22,,,,,,,,,,,,,,,,,
380,Aksak MaboulFigures,1,381,Aksak Maboul,Figures,Progressive Pop,"May 22, 2020",Spotify,Bandcamp,http://open.spotify.com/album/5HlxzXMXzDV4HaJ6SeAMLc,73.44117647,,,,,,,,,,,,,,,,,,,,,,,,,,,,,,,22,,,
381,Marie Davidson & L’Œil NuRenegade Breakdown,1,382,Marie Davidson & L’Œil Nu,Renegade Breakdown,Art Pop,"September 25, 2020",Spotify,Bandcamp,http://open.spotify.com/album/1AIYTUnA8ExX2zbp7s2hka,73.47058824,,,,,,,,,,,,,,23,,,,,,,,,,,,,,,,,,,,
382,Jess CorneliusDistance,1,383,Jess Cornelius,Distance,Hip Hop,"July 24, 2020",Spotify,Bandcamp,No Spotify Link Found,73.47058824,,,,,,,23,,,,,,,,,,,,,,,,,,,,,,,,,,,
383,Paradise LostObsidian,1,384,Paradise Lost,Obsidian,Gothic Metal,"May 15, 2020",Spotify,Bandcamp,http://open.spotify.com/album/1ameBtOmrJFgiNXx8W7OLx,73.47058824,,,,,,,,,,,,,,,,23,,,,,,,,,,,,,,,,,,
384,"Black ThoughtStreams of Thought, Vol. 3: Cane And Abel",1,385,Black Thought,"Streams of Thought, Vol. 3: Cane And Abel",Boom Bap,"October 16, 2020",Spotify,,http://open.spotify.com/album/2LEEg9PQsJqQuhBU0poSrd,73.47058824,23,,,,,,,,,,,,,,,,,,,,,,,,,,,,,,,,,
385,WakeDevouring Ruin,1,386,Wake,Devouring Ruin,Black Metal,"March 27, 2020",Spotify,Bandcamp,http://open.spotify.com/album/0HPwpmR523VvXMFtnXPKT6,73.47058824,,,,,,,,,23,,,,,,,,,,,,,,,,,,,,,,,,,
386,CS + KremeSnoopy,1,387,CS + Kreme,Snoopy,Electronic,"February 10, 2020",Spotify,Bandcamp,No Spotify Link Found,73.47058824,,,,,,23,,,,,,,,,,,,,,,,,,,,,,,,,,,,
387,Mil-SpecWorld House,1,388,Mil-Spec,World House,Melodic Hardcore,"September 25, 2020",Spotify,Bandcamp,No Spotify Link Found,73.47058824,,,,,,,,,,,,,,,,,,,,,,,,,,,,23,,,,,,
388,Howie Lee7 Weapons Series,1,389,Howie Lee,7 Weapons Series,Wonky,"September 4, 2020",Spotify,Bandcamp,http://open.spotify.com/album/273jBFwn0Zf8d5LLuF2Nhz,73.5,,,,,,,,,,,,,,,,,,,,,,,,,24,,,,,,,,,
389,J BalvinColores,1,390,J Balvin,Colores,Reggaeton,"March 19, 2020",Spotify,,http://open.spotify.com/album/2mX8ktJoWvyidWBU9U8Jis,73.5,,,24,,,,,,,,,,,,,,,,,,,,,,,,,,,,,,,
390,Bad MovesUntenable,1,391,Bad Moves,Untenable,Indie Pop,"April 7, 2020",Spotify,Bandcamp,No Spotify Link Found,73.5,,,,,,,,,,,,,,,,,,,,,,,,,,,,,24,,,,,
391,Ellen Fullman & Theresa WongHarbors,1,392,Ellen Fullman & Theresa Wong,Harbors,Ambient,"August 14, 2020",Spotify,Bandcamp,No Spotify Link Found,73.5,,,,,,,,,,,,,,,,,,,,,,,,,,,,,,,24,,,
392,Ego Ella MayHoney For Wounds,1,393,Ego Ella May,Honey For Wounds,Singer-Songwriter,"June 26, 2020",Spotify,Bandcamp,http://open.spotify.com/album/3treE5qQ9xbqKq5XozSwfO,73.5,24,,,,,,,,,,,,,,,,,,,,,,,,,,,,,,,,,
393,Rosa AnschützVotive,1,394,Rosa Anschütz,Votive,Art Pop,"November 2, 2020",Spotify,Bandcamp,http://open.spotify.com/album/5BakNjQyVxiAkGv3Uow3p2,73.5,,,,,,,,,,,,,,,,,,24,,,,,,,,,,,,,,,,
394,Daniel Romano's OutfitHow Ill Thy World Is Ordered,1,395,Daniel Romano's Outfit,How Ill Thy World Is Ordered,Psychedelic Pop,"September 18, 2020",Spotify,Bandcamp,http://open.spotify.com/album/0RyXPGowkGtC1ILqILIDsh,73.5,,,,,,,,,24,,,,,,,,,,,,,,,,,,,,,,,,,
395,Good Sad Happy BadShades,1,396,Good Sad Happy Bad,Shades,Trap Rap,"October 16, 2020",Spotify,Bandcamp,http://open.spotify.com/album/2ef0I6cKJY6tgWXkXOTZlr,73.52941176,,,,,,,,,,25,,,,,,,,,,,,,,,,,,,,,,,,
396,ONORed Summer,1,397,ONO,Red Summer,Ambient,"May 10, 2020",Spotify,Bandcamp,No Spotify Link Found,73.52941176,,,,,,,,,,,,,,,,,,,,,,,,,,,,,,,25,,,
397,Biffy ClyroA Celebration of Endings,1,398,Biffy Clyro,A Celebration of Endings,Alternative Rock,"August 14, 2020",Spotify,,http://open.spotify.com/album/5yAXUpsKaby5IcXgzrNFAw,73.52941176,,,,,,,,,,,,,,,,25,,,,,,,,,,,,,,,,,,
398,BraidsShadow Offering,1,399,Braids,Shadow Offering,Art Pop,"June 19, 2020",Spotify,Bandcamp,http://open.spotify.com/album/0r7aHi3CBW5GpEBVm2IT1Z,73.52941176,,,,,,,,,,,,,,,,,,25,,,,,,,,,,,,,,,,
399,UpsammyZoom,1,400,Upsammy,Zoom,IDM,"June 8, 2020",Spotify,Bandcamp,http://open.spotify.com/album/6Fgw2NUHzJFbOQ5u4o0Clq,73.52941176,,,,,,,,,,,,,,,,,,,,,,,,,25,,,,,,,,,
400,S.G. GoodmanOld Time Feeling,1,401,S.G. Goodman,Old Time Feeling,Singer-Songwriter,"July 17, 2020",Spotify,,No Spotify Link Found,73.52941176,25,,,,,,,,,,,,,,,,,,,,,,,,,,,,,,,,,
401,Samantha CrainA Small Death,1,402,Samantha Crain,A Small Death,Country,"July 17, 2020",Spotify,Bandcamp,No Spotify Link Found,73.52941176,,,,,,,,,,,,,,,,,,,,25,,,,,,,,,,,,,,
402,Nap EyesSnapshot of a Beginner,1,403,Nap Eyes,Snapshot of a Beginner,Indie Rock,"March 27, 2020",Spotify,Bandcamp,http://open.spotify.com/album/1gQmwuAdKCmByeCUuiw3Wo,73.52941176,,,,,,,,,,,25,,,,,,,,,,,,,,,,,,,,,,,
403,IchonPour de vrai,1,404,Ichon,Pour de vrai,Indietronica,"September 11, 2020",Spotify,,No Spotify Link Found,73.52941176,,,,,,,,,,,,,,25,,,,,,,,,,,,,,,,,,,,
404,Ben SeretanYouth Pastoral,1,405,Ben Seretan,Youth Pastoral,Indie Folk,"February 28, 2020",Spotify,Bandcamp,http://open.spotify.com/album/7A1fIgDqjMmqTSELobsknk,73.52941176,,,,,,,,,,,,,,,,,,,,,,25,,,,,,,,,,,,
405,Trace MountainsLost in the Country,1,406,Trace Mountains,Lost in the Country,Indie Pop,"April 10, 2020",Spotify,Bandcamp,http://open.spotify.com/album/29Lcw12vdKldc1n41YluvA,73.55882353,,,,,,,,,,,,,,,,,,,,,,,,,,,,,26,,,,,
406,Hen OgleddFree Humans,1,407,Hen Ogledd,Free Humans,Art Pop,"September 25, 2020",Spotify,Bandcamp,http://open.spotify.com/album/7oIXolIsJGvF7QI4FZAekK,73.55882353,,,,,,,,,,,,,,,,,,,,,,,,,26,,,,,,,,,
407,PallbearerForgotten Days,1,408,Pallbearer,Forgotten Days,Doom Metal,"October 23, 2020",Spotify,Bandcamp,http://open.spotify.com/album/7j2AkxHOjfHWD4HSsh7QD5,73.55882353,,,,26,,,,,,,,,,,,,,,,,,,,,,,,,,,,,,
408,Jacob CollierDjesse (Vol. 3),1,409,Jacob Collier,Djesse (Vol. 3),Neo-Soul,"August 14, 2020",Spotify,,http://open.spotify.com/album/33cj3kzLqVOg9zvy69Wrc8,73.55882353,26,,,,,,,,,,,,,,,,,,,,,,,,,,,,,,,,,
409,PloyUnlit Signals,1,410,Ploy,Unlit Signals,Hip House,"November 1, 2020",Spotify,Bandcamp,No Spotify Link Found,73.55882353,,,,,,,,,,,,,,,,,,,,,,,,,,,,,,26,,,,
410,THEY.The Amanda Tape,1,411,THEY.,The Amanda Tape,R&B,"October 23, 2020",Spotify,,No Spotify Link Found,73.55882353,,,,,,,,,,,,,,,26,,,,,,,,,,,,,,,,,,,
411,Ashley RayPauline,1,412,Ashley Ray,Pauline,Country,"August 14, 2020",Spotify,,http://open.spotify.com/album/0Xj83UzYBBKVC2aSmVGfWb,73.55882353,,,,,,,,,,,,,,,,,,,,26,,,,,,,,,,,,,,
412,Isobel CampbellThere Is No Other,1,413,Isobel Campbell,There Is No Other,Chamber Pop,"February 7, 2020",Spotify,Bandcamp,http://open.spotify.com/album/3UV8GZVOWHiooIByFrMLYa,73.55882353,,,,,,,,,,,,,,,,,,,,,,,,,,,26,,,,,,,
413,Jerskin FendrixWinterreise,1,414,Jerskin Fendrix,Winterreise,Singer-Songwriter,"April 17, 2020",Spotify,Bandcamp,http://open.spotify.com/album/23tjIW6fzlYMWfc55QHSAs,73.55882353,,26,,,,,,,,,,,,,,,,,,,,,,,,,,,,,,,,
414,The OBGMsThe Ends,1,415,The OBGMs,The Ends,Blues Rock,"October 30, 2020",Spotify,,http://open.spotify.com/album/2xY1XseDL8vVO8TLofNbXm,73.55882353,,,,,,,,,,,,,,,,26,,,,,,,,,,,,,,,,,,
415,WashingtonBatflowers,1,416,Washington,Batflowers,Psychedelic Soul,"August 28, 2020",Spotify,,http://open.spotify.com/album/7u2HyUsNMrtz5b1DShtl4Y,73.55882353,,,,,,,26,,,,,,,,,,,,,,,,,,,,,,,,,,,
416,EllisBorn Again,1,417,Ellis,Born Again,Dream Pop,"April 3, 2020",Spotify,Bandcamp,http://open.spotify.com/album/31sHh9Pw2G8kDls8pLRbUF,73.58823529,,,,,,,,,,,,,,,,,,27,,,,,,,,,,,,,,,,
417,Larkin PoeSelf Made Man,1,418,Larkin Poe,Self Made Man,Blues Rock,"June 12, 2020",Spotify,,http://open.spotify.com/album/4jwVtyG5s22UpGqKOZishP,73.58823529,,,,,,,,,,,,,,,,27,,,,,,,,,,,,,,,,,,
418,Them AirsUnion Suit XL,1,419,Them Airs,Union Suit XL,Post-Punk,"January 17, 2020",Spotify,Bandcamp,http://open.spotify.com/album/0YaXQitLpPO86FczhYPpZ6,73.58823529,,27,,,,,,,,,,,,,,,,,,,,,,,,,,,,,,,,
419,GleemerDown Through,1,420,Gleemer,Down Through,Dream Pop,"May 8, 2020",Spotify,,http://open.spotify.com/album/0RjtEnaoDqLhxCRc3i9q3J,73.58823529,,,,,,,,,,,,,,,,,,,,,,,,,,,,,27,,,,,
420,Lil Uzi VertEternal Atake (Deluxe),1,421,Lil Uzi Vert,Eternal Atake (Deluxe),Post-Hardcore,"March 13, 2020",Spotify,,No Spotify Link Found,73.58823529,,,,,,,,,,,,,,,,,,,,,27,,,,,,,,,,,,,
421,Sun Ra ArkestraSwirling,1,422,Sun Ra Arkestra,Swirling,Avant-Garde Jazz,"October 9, 2020",Spotify,Bandcamp,No Spotify Link Found,73.58823529,,,,,,,,,,,,,,,,,,,,,,,,,,,,,,,27,,,
422,William TylerNew Vanitas,1,423,William Tyler,New Vanitas,Art Pop,"September 11, 2020",Spotify,Bandcamp,No Spotify Link Found,73.58823529,,,,,,,,,,27,,,,,,,,,,,,,,,,,,,,,,,,
423,Yumi ZoumaTruth or Consequences,1,424,Yumi Zouma,Truth or Consequences,Indie Pop,"March 13, 2020",Spotify,Bandcamp,http://open.spotify.com/album/0yss5R3uULkCI7Dc9jKRoV,73.58823529,27,,,,,,,,,,,,,,,,,,,,,,,,,,,,,,,,,
424,K-LoneCape Cira,1,425,K-Lone,Cape Cira,Tropical House,"April 24, 2020",Spotify,Bandcamp,http://open.spotify.com/album/3u3jFYNTOIEyc5mqB6txFv,73.58823529,,,,,,27,,,,,,,,,,,,,,,,,,,,,,,,,,,,
425,DrakeDark Lane Demo Tapes,1,426,Drake,Dark Lane Demo Tapes,Pop Rap,"May 1, 2020",Spotify,,http://open.spotify.com/album/6OQ9gBfg5EXeNAEwGSs6jK,73.61764706,,,,,28,,,,,,,,,,,,,,,,,,,,,,,,,,,,,
426,Bright Light Bright LightFun City,1,427,Bright Light Bright Light,Fun City,Electropop,"September 18, 2020",Spotify,Bandcamp,http://open.spotify.com/album/2sxw4rC5lerPPb5gDbOwWm,73.61764706,28,,,,,,,,,,,,,,,,,,,,,,,,,,,,,,,,,
427,Squirrel FlowerI Was Born Swimming,1,428,Squirrel Flower,I Was Born Swimming,Indie Rock,"January 31, 2020",Spotify,Bandcamp,http://open.spotify.com/album/5dVdUtd7lRixbHXzqx29br,73.61764706,,,,,,,,,,,,,28,,,,,,,,,,,,,,,,,,,,,
428,Mr. BungleThe Raging Wrath of the Easter Bunny Demo,1,429,Mr. Bungle,The Raging Wrath of the Easter Bunny Demo,Thrash Metal,"October 30, 2020",Spotify,Bandcamp,http://open.spotify.com/album/6UR9pzE7gq23V9WjiAkE9O,73.61764706,,,,,,,,,,,,,,,,28,,,,,,,,,,,,,,,,,,
429,Jean-Louis MuratBaby Love,1,430,Jean-Louis Murat,Baby Love,Neo-Psychedelia,"March 6, 2020",Spotify,,No Spotify Link Found,73.61764706,,,,,,,,,,,,,,28,,,,,,,,,,,,,,,,,,,,
430,Meridian BrothersCumbia Siglo XXI,1,431,Meridian Brothers,Cumbia Siglo XXI,Art Pop,"August 21, 2020",Spotify,Bandcamp,http://open.spotify.com/album/6s91YTFJHq3LWDRMC4QOvp,73.61764706,,,,,,,,,,,,,,,,,,,,,,,,,28,,,,,,,,,
431,SepulturaQuadra,1,432,Sepultura,Quadra,Thrash Metal,"February 7, 2020",Spotify,,http://open.spotify.com/album/0tcLKzf5Rudm66ApoNKpGm,73.64705882,,,,,,,,,,,,,,,,29,,,,,,,,,,,,,,,,,,
432,Thanya IyerKIND,1,433,Thanya Iyer,KIND,Neo-Soul,"July 31, 2020",Spotify,Bandcamp,http://open.spotify.com/album/293y7ywkyFHlRH6QHPIMpp,73.64705882,,,,,,,,,,,,,,,,,,,,,,29,,,,,,,,,,,,
433,MXLXSerpent,1,434,MXLX,Serpent,Post-Industrial,"March 6, 2020",Spotify,Bandcamp,No Spotify Link Found,73.64705882,,,,,,,,,,,,,,,,,,,,,,,,,29,,,,,,,,,
434,42 DuggYoung & Turnt 2,1,435,42 Dugg,Young & Turnt 2,Trap Rap,"March 27, 2020",Spotify,,No Spotify Link Found,73.64705882,,,,,29,,,,,,,,,,,,,,,,,,,,,,,,,,,,,
435,MelkbellyPITH,1,436,Melkbelly,PITH,Indie Rock,"April 3, 2020",Spotify,Bandcamp,http://open.spotify.com/album/2zoXXpVhuTLr9LVxgRac9O,73.64705882,,,,,,,,,,,,,,,,,,,,,,,,,,,,,29,,,,,
436,Stay InsideViewing,1,437,Stay Inside,Viewing,Post-Hardcore,"April 10, 2020",Spotify,Bandcamp,http://open.spotify.com/album/5IQv4Dr6KeSSFC8akkYpic,73.64705882,,,,,,,,,,,,,,,,,,,,,,,,,,,,29,,,,,,
437,Witch ProphetDNA Activation,1,438,Witch Prophet,DNA Activation,Neo-Soul,"March 24, 2020",Spotify,Bandcamp,No Spotify Link Found,73.64705882,,,,,,,,,29,,,,,,,,,,,,,,,,,,,,,,,,,
438,Gia MargaretMia Gargaret,1,439,Gia Margaret,Mia Gargaret,Ambient,"June 12, 2020",Spotify,Bandcamp,http://open.spotify.com/album/0NZqwH80237QvwcJDlOia7,73.67647059,,,,,,,,,,,,,30,,,,,,,,,,,,,,,,,,,,,
439,Leafar LegovMirror,1,440,Leafar Legov,Mirror,Ambient House,"March 22, 2020",Spotify,,No Spotify Link Found,73.67647059,,30,,,,,,,,,,,,,,,,,,,,,,,,,,,,,,,,
440,HakenVirus,1,441,Haken,Virus,Progressive Metal,"July 24, 2020",Spotify,,http://open.spotify.com/album/6Qr25ZBwwxtNLYWRRYDkcW,73.67647059,,,,,,,,,,,,,,,,30,,,,,,,,,,,,,,,,,,
441,Spectral Lore & Mare CognitumWanderers: Astrology of the Nine,1,442,Spectral Lore & Mare Cognitum,Wanderers: Astrology of the Nine,Atmospheric Black Metal,"March 13, 2020",Spotify,Bandcamp,http://open.spotify.com/album/3d4OqJXfEcU8xA4JuIPFKW,73.67647059,,,,,,,,,,,,,,,,,,,,,,,,,,,,,,,,30,,
442,Car Seat HeadrestMaking A Door Less Open,1,443,Car Seat Headrest,Making A Door Less Open,Indietronica,"May 1, 2020",Spotify,Bandcamp,http://open.spotify.com/album/1tuoWW0TpoI5oacIjwYBdL,73.67647059,30,,,,,,,,,,,,,,,,,,,,,,,,,,,,,,,,,
443,TOM And His ComputerFuture Ruins,1,444,TOM And His Computer,Future Ruins,Indietronica,"October 16, 2020",Spotify,Bandcamp,No Spotify Link Found,73.67647059,,,,,,,,,,,,,,,,,,30,,,,,,,,,,,,,,,,
444,Omar SYou Want,1,445,Omar S,You Want,Deep House,"February 7, 2020",Spotify,,http://open.spotify.com/album/7AnDUzKjjnPvrxoN2ZOkQL,73.67647059,,,,,,,,,,,,,,,,,,,,,,,,,,,,,,30,,,,
445,gogoj a.k.a Sheng Jieoviparity,1,446,gogoj a.k.a Sheng Jie,oviparity,Abstract Hip Hop,"January 3, 2020",Spotify,Bandcamp,No Spotify Link Found,73.67647059,,,,,,,,,,,,,,,,,,,,,,,,,,,,,,,30,,,
446,Black DressesPeaceful as Hell,1,447,Black Dresses,Peaceful as Hell,Electro-Industrial,"April 13, 2020",Spotify,Bandcamp,http://open.spotify.com/album/6xf8VTV1vcs2VAVLg4nMLG,73.67647059,,,,,,,,,30,,,,,,,,,,,,,,,,,,,,,,,,,
447,Lous And The YakuzaGore,1,448,Lous And The Yakuza,Gore,Pop Rap,"October 16, 2020",Spotify,,http://open.spotify.com/album/7e9inFYUpFSKmTFbj2xrCS,73.67647059,,,,,,,,,,,,,,30,,,,,,,,,,,,,,,,,,,,
448,Sam LeeOld Wow,1,449,Sam Lee,Old Wow,Folk,"January 31, 2020",Spotify,Bandcamp,http://open.spotify.com/album/1QMKGKbYRmIGNPshvw0BHG,73.67647059,,,,,,,,,,,,,,,,,30,,,,,,,,,,,,,,,,,
449,Brigitte BarbuMuzak pour ascenseurs en panne,1,450,Brigitte Barbu,Muzak pour ascenseurs en panne,Ambient,"June 12, 2020",Spotify,Bandcamp,http://open.spotify.com/album/5yXSEBbLEcx15uSoeDlpzc,73.70588235,,,,,,,,,,,,,,,,,,,,,,,,,,,,,,31,,,,
450,Mary Halvorson's Code GirlArtlessly Falling,1,451,Mary Halvorson's Code Girl,Artlessly Falling,Abstract Hip Hop,"October 30, 2020",Spotify,Bandcamp,http://open.spotify.com/album/7BnubDHjOgECWBBInAM80u,73.70588235,,,,,,,,,,,,,,,,,,,,,,,,,,,,,,,31,,,
451,TOPSI Feel Alive,1,452,TOPS,I Feel Alive,Indie Pop,"April 3, 2020",Spotify,Bandcamp,http://open.spotify.com/album/2pr48jsmxYjCtOw25k5Dq4,73.70588235,,,,,,,,,,,,,31,,,,,,,,,,,,,,,,,,,,,
452,Sam SparroBoombox Eternal,1,453,Sam Sparro,Boombox Eternal,Synth Funk,"February 21, 2020",Spotify,,http://open.spotify.com/album/3vv5r0qQ7HUOq2bhBHAOos,73.70588235,31,,,,,,,,,,,,,,,,,,,,,,,,,,,,,,,,,
453,Blimes And GabTalk About It,1,454,Blimes And Gab,Talk About It,Boom Bap,"June 26, 2020",Spotify,,No Spotify Link Found,73.70588235,,,,,,,,,,,,,,,,,,,,,,,,,,,,,,,,,,31
454,Bon Voyage OrganisationLa Course,1,455,Bon Voyage Organisation,La Course,Deconstructed Club,"March 20, 2020",Spotify,Bandcamp,http://open.spotify.com/album/771cRnpWooW0CBKHjGutBh,73.70588235,,,,,,,,,,,,,,31,,,,,,,,,,,,,,,,,,,,
455,Afel BocoumLindé,1,456,Afel Bocoum,Lindé,Neo-Psychedelia,"September 4, 2020",Spotify,,http://open.spotify.com/album/7kE6YsxkrkvTnbr1TILCrO,73.70588235,,,,,,,,,,,,,,,,,,,,,,,,,,,,,,,,,31,
456,Vatican ShadowPersian Pillars of the Gasoline Era,1,457,Vatican Shadow,Persian Pillars of the Gasoline Era,Art Punk,"September 18, 2020",Spotify,Bandcamp,No Spotify Link Found,73.70588235,,,,,,,,,,,,,,,,,,,,,,,,,,,,,,,,31,,
457,A Certain RatioACR Loco,1,458,A Certain Ratio,ACR Loco,Space Rock,"September 25, 2020",Spotify,Bandcamp,http://open.spotify.com/album/0ir4mtY7qNrXyLzQ00dF63,73.70588235,,,,,,,,,,,,,,,,,,,,,,,,,,,31,,,,,,,
458,Phantom PosseForever Underground,1,459,Phantom Posse,Forever Underground,Indie Pop,"March 20, 2020",Spotify,Bandcamp,No Spotify Link Found,73.70588235,,,,,,,,,,,,,,,,,,,,,,,,,31,,,,,,,,,
459,"BLACKSTARKIDSWhatever, Man",1,460,BLACKSTARKIDS,"Whatever, Man",Bedroom Pop,"October 22, 2020",Spotify,,No Spotify Link Found,73.70588235,,,,,,,,,,,,,,,31,,,,,,,,,,,,,,,,,,,
460,The Magic GangDeath Of The Party,1,461,The Magic Gang,Death Of The Party,Indie Rock,"August 28, 2020",Spotify,,http://open.spotify.com/album/6Y1TYw4PUhsg7TtDIKRoAq,73.70588235,,,,,,,,,,,31,,,,,,,,,,,,,,,,,,,,,,,
461,BullySUGAREGG,1,462,Bully,SUGAREGG,Indie Rock,"August 21, 2020",Spotify,Bandcamp,http://open.spotify.com/album/2mPGrL2ZpzlH6TWa2G0J5h,73.70588235,,,,,,,,,,,,,,,,,,,,,,,,,,,,,31,,,,,
462,YoungBoy Never Broke AgainTop,1,463,YoungBoy Never Broke Again,Top,Trap Rap,"September 11, 2020",Spotify,,http://open.spotify.com/album/6MbQdX6OomgQhZU6QCqMKW,73.70588235,,,,,31,,,,,,,,,,,,,,,,,,,,,,,,,,,,,
463,IngestedWhere Only Gods May Tread,1,464,Ingested,Where Only Gods May Tread,Brutal Death Metal,"August 14, 2020",Spotify,Bandcamp,http://open.spotify.com/album/2HfR7vjgwDKTivJe2m3caa,73.70588235,,,,,,,,,31,,,,,,,,,,,,,,,,,,,,,,,,,
464,Roc MarcianoMt. Marci,1,465,Roc Marciano,Mt. Marci,Art Pop,"November 16, 2020",Spotify,,No Spotify Link Found,73.73529412,,,,,32,,,,,,,,,,,,,,,,,,,,,,,,,,,,,
465,MIKEWeight of the World,1,466,MIKE,Weight of the World,Experimental Hip Hop,"June 21, 2020",Spotify,Bandcamp,http://open.spotify.com/album/2J0V3CVhA3EdFplLYvNMrr,73.73529412,,,,,,,,32,,,,,,,,,,,,,,,,,,,,,,,,,,
466,Young DolphRich Slave,1,467,Young Dolph,Rich Slave,Trap Rap,"August 14, 2020",Spotify,,http://open.spotify.com/album/3lpPs0ownKBxolmSGGgX9I,73.73529412,,,,,,,,,,,,,,,,,,,,,32,,,,,,,,,,,,,
467,Christine and the QueensLa vita nuova,1,468,Christine and the Queens,La vita nuova,Synthpop,"February 27, 2020",Spotify,,http://open.spotify.com/album/3uF0lelesKigBc6H9NGzDq,73.73529412,,32,,,,,,,,,,,,,,,,,,,,,,,,,,,,,,,,
468,Katie MeluaAlbum No. 8,1,469,Katie Melua,Album No. 8,Hip Hop,"October 16, 2020",Spotify,,http://open.spotify.com/album/4y0tSPXGAdVCabwKvyYJlV,73.73529412,32,,,,,,,,,,,,,,,,,,,,,,,,,,,,,,,,,
469,P.E.Person,1,470,P.E.,Person,Art Punk,"March 6, 2020",Spotify,,No Spotify Link Found,73.73529412,,,,,,,,,,,,,,,,,,,,,,,,,,,,,,,,32,,
470,SLIFTUmmon,1,471,SLIFT,Ummon,Space Rock,"February 28, 2020",Spotify,Bandcamp,http://open.spotify.com/album/0mDB0OdwVTHh6cb70Fcdxq,73.73529412,,,,,,,,,,,,,,,,,,,,,,,,,,,32,,,,,,,
471,A. Swayze & The GhostsPaid Salvation,1,472,A. Swayze & The Ghosts,Paid Salvation,Garage Punk,"September 18, 2020",Spotify,Bandcamp,http://open.spotify.com/album/79n2R9KdZd960uykkHrfcU,73.73529412,,,,,,,32,,,,,,,,,,,,,,,,,,,,,,,,,,,
472,Kota the FriendEverything,1,473,Kota the Friend,Everything,Hip Hop,"May 22, 2020",Spotify,Bandcamp,http://open.spotify.com/album/0cMxALtiABnT1kIuA1wgsQ,73.73529412,,,,,,,,,,,,,,,,,,,,,,,,,,,,,,,,,,32
473,Jake BlountSpider Tales,1,474,Jake Blount,Spider Tales,Americana,"March 29, 2020",Spotify,Bandcamp,http://open.spotify.com/album/3S2GACXwN1hHxSKHxkGvKb,73.76470588,,,,,,,,,,,,,,,,,,,,33,,,,,,,,,,,,,,
474,Matt BerningerSerpentine Prison,1,475,Matt Berninger,Serpentine Prison,Chamber Pop,"October 16, 2020",Spotify,Bandcamp,http://open.spotify.com/album/5EqnUTFVewiWTuN11K4G8E,73.76470588,,,,,,,,,,,,,,,,,,33,,,,,,,,,,,,,,,,
475,PerezSurex,1,476,Perez,Surex,Alternative R&B,"February 14, 2020",Spotify,,http://open.spotify.com/album/3FrcYsNWgOFHFTqImtxatH,73.76470588,,,,,,,,,,,,,,33,,,,,,,,,,,,,,,,,,,,
476,Jon Collin & Demdike StareSketches of Everything,1,477,Jon Collin & Demdike Stare,Sketches of Everything,Ambient,"September 18, 2020",Spotify,,http://open.spotify.com/album/6Cx6z0dtSzqBXPbvvd4VVA,73.76470588,,,,,,,,,,,,,,,,,,,,,,,,,,,,,,33,,,,
477,Busta RhymesExtinction Level Event 2: The Wrath of God,1,478,Busta Rhymes,Extinction Level Event 2: The Wrath of God,Hip Hop,"October 30, 2020",Spotify,,http://open.spotify.com/album/7IO9UObUD76ZCLVu3ND7tz,73.76470588,33,,,,,,,,,,,,,,,,,,,,,,,,,,,,,,,,,
478,weaveThe Sound II,1,479,weave,The Sound II,Alternative Rock,"April 8, 2020",Spotify,,No Spotify Link Found,73.76470588,,,,,,,,,,,,,,,,,,,,,,,,,,,,,33,,,,,
479,Roza TerenziModern Bliss,1,480,Roza Terenzi,Modern Bliss,Outsider House,"April 17, 2020",Spotify,Bandcamp,No Spotify Link Found,73.76470588,,,,,,33,,,,,,,,,,,,,,,,,,,,,,,,,,,,
480,BaagunThe True Story of Baagun,1,481,Baagun,The True Story of Baagun,Afrobeat,"June 26, 2020",Spotify,Bandcamp,http://open.spotify.com/album/4Zt3u1wMNq6ojjHhOY8Eyf,73.76470588,,,,,,,,,,,,,,,,,,,,,,,,,,,,,,,,,33,
481,Daniel AveryLove + Light,1,482,Daniel Avery,Love + Light,Ambient Techno,"June 26, 2020",Spotify,Bandcamp,http://open.spotify.com/album/1z6IaOUkRc2bcZvpQ9vN31,73.76470588,,,,,,,,33,,,,,,,,,,,,,,,,,,,,,,,,,,
482,PRAED Orchestra!Live In Sharjah,1,483,PRAED Orchestra!,Live In Sharjah,Jazz,"November 23, 2020",Spotify,Bandcamp,No Spotify Link Found,73.76470588,,,,,,,,,,,,,,,,,,,,,,,,,,,,,,,33,,,
483,Oï les OxCrooner qui coule sous les clous,1,484,Oï les Ox,Crooner qui coule sous les clous,Neo-Psychedelia,"November 25, 2020",Spotify,Bandcamp,No Spotify Link Found,73.76470588,,,,,,,,,,,,,33,,,,,,,,,,,,,,,,,,,,,
484,Maria McKeeLa Vita Nuova,1,485,Maria McKee,La Vita Nuova,Singer-Songwriter,"March 13, 2020",Spotify,Bandcamp,http://open.spotify.com/album/5eFLbPEIaIhGE2hBEs53AU,73.79411765,,,,,,,,,,,,,,,,,34,,,,,,,,,,,,,,,,,
485,Jon McKielBobby Joe Hope,1,486,Jon McKiel,Bobby Joe Hope,Neo-Psychedelia,"April 24, 2020",Spotify,Bandcamp,http://open.spotify.com/album/5mvIH4FABTL38eZF0CaRUX,73.79411765,,,,,,,,,,,,,34,,,,,,,,,,,,,,,,,,,,,
486,Zora JonesTen Billion Angels,1,487,Zora Jones,Ten Billion Angels,UK Bass,"September 8, 2020",Spotify,Bandcamp,http://open.spotify.com/album/4gJ5OWerWyeJXoLRf7VGGx,73.79411765,,,,,,34,,,,,,,,,,,,,,,,,,,,,,,,,,,,
487,Donovan WoodsWithout People,1,488,Donovan Woods,Without People,Dance Pop,"November 6, 2020",Spotify,,http://open.spotify.com/album/51tp0W2tRU0IfrNpemM9ra,73.79411765,,,,,,,,,,,,,,,34,,,,,,,,,,,,,,,,,,,
488,HHY & The Kampala UnitLithium Blast,1,489,HHY & The Kampala Unit,Lithium Blast,Ambient,"October 22, 2020",Spotify,Bandcamp,No Spotify Link Found,73.79411765,,,,,,,,,,,,,,,,,,,,,,,,,,,,,,34,,,,
489,No Thank YouEmbroidered Foliage,1,490,No Thank You,Embroidered Foliage,Indie Rock,"October 23, 2020",Spotify,Bandcamp,No Spotify Link Found,73.82352941,,,,,,,,,,,,,,,,,,,,,,,,,,,,,35,,,,,
490,No JoyMotherhood,1,491,No Joy,Motherhood,Noise Pop,"August 21, 2020",Spotify,Bandcamp,http://open.spotify.com/album/2yz6yCzAnxPfsNaIUFz1gT,73.82352941,,,,,,,,,,,,,35,,,,,,,,,,,,,,,,,,,,,
491,Gordon KoangUnity,1,492,Gordon Koang,Unity,Post-Punk,"August 14, 2020",Spotify,Bandcamp,http://open.spotify.com/album/66kjRjllHcoW1aXmC5yMgQ,73.82352941,,,,,,,35,,,,,,,,,,,,,,,,,,,,,,,,,,,
492,Ascendant ViergeVierge,1,493,Ascendant Vierge,Vierge,Trip Hop,"October 9, 2020",Spotify,Bandcamp,No Spotify Link Found,73.82352941,,,,,,,,,,,,,,35,,,,,,,,,,,,,,,,,,,,
493,The Koreatown OddityLittle Dominiques Nosebleed,1,494,The Koreatown Oddity,Little Dominiques Nosebleed,Conscious Hip Hop,"June 19, 2020",Spotify,Bandcamp,http://open.spotify.com/album/0SYqSocCYFB3lCff873a36,73.82352941,,35,,,,,,,,,,,,,,,,,,,,,,,,,,,,,,,,
494,AtramentusStygian,1,495,Atramentus,Stygian,Doom Metal,"August 21, 2020",Spotify,Bandcamp,http://open.spotify.com/album/3PmbwxY1WiMhgTRwCtCaJ7,73.82352941,,,,,,,,,35,,,,,,,,,,,,,,,,,,,,,,,,,
495,Sheff GOne and Only,1,496,Sheff G,One and Only,Drill,"May 15, 2020",Spotify,,http://open.spotify.com/album/6lJqLqRmWGmsw8aLEoSlZ9,73.82352941,,,,,35,,,,,,,,,,,,,,,,,,,,,,,,,,,,,
496,Tara Clerkin TrioTara Clerkin Trio,1,497,Tara Clerkin Trio,Tara Clerkin Trio,Electroacoustic,"January 31, 2020",Spotify,Bandcamp,No Spotify Link Found,73.82352941,,,,,,,,,,,,,,,,,,,,,,,,,,,,,,,35,,,
497,The Dirty ClergyIn Waves,1,498,The Dirty Clergy,In Waves,Synthpop,"May 22, 2020",Spotify,Bandcamp,http://open.spotify.com/album/3lSvXIKjpJbMWM9ZX0Thla,73.82352941,35,,,,,,,,,,,,,,,,,,,,,,,,,,,,,,,,,
498,Junior HAtrapado en un Sueño,1,499,Junior H,Atrapado en un Sueño,R&B,"March 12, 2020",Spotify,,No Spotify Link Found,73.82352941,,,35,,,,,,,,,,,,,,,,,,,,,,,,,,,,,,,